unitid,institution,cip_code,field,earnings_median_1yr,earnings_median_2yr,earnings_count_1yr,median_debt,completers_ipeds
100654,Alabama A & M University,1101,"Computer and Information Sciences, General",60145.0,52107.0,31.0,31000.0,41.0
100654,Alabama A & M University,1408,Civil Engineering,,47260.0,,,7.0
100654,Alabama A & M University,1410,"Electrical, Electronics, and Communications Engineering",58009.0,61303.0,26.0,35000.0,18.0
100654,Alabama A & M University,1419,Mechanical Engineering,52783.0,52107.0,32.0,30500.0,30.0
100663,University of Alabama at Birmingham,1101,"Computer and Information Sciences, General",57154.0,60623.0,40.0,24000.0,70.0
100663,University of Alabama at Birmingham,1401,"Engineering, General",,,,,
100663,University of Alabama at Birmingham,1405,Biomedical/Medical Engineering,,,,22676.0,51.0
100663,University of Alabama at Birmingham,1408,Civil Engineering,57824.0,56776.0,42.0,26596.0,44.0
100663,University of Alabama at Birmingham,1410,"Electrical, Electronics, and Communications Engineering",66413.0,70456.0,54.0,27000.0,15.0
100663,University of Alabama at Birmingham,1418,Materials Engineering,73616.0,64990.0,20.0,,15.0
100663,University of Alabama at Birmingham,1419,Mechanical Engineering,63241.0,59253.0,53.0,26354.0,47.0
100706,University of Alabama in Huntsville,1101,"Computer and Information Sciences, General",63538.0,60452.0,72.0,22000.0,153.0
100706,University of Alabama in Huntsville,1110,Computer/Information Technology Administration and Management,,,,,0.0
100706,University of Alabama in Huntsville,1401,"Engineering, General",67098.0,54644.0,27.0,,
100706,University of Alabama in Huntsville,1402,"Aerospace, Aeronautical, and Astronautical/Space Engineering",,,,25000.0,121.0
100706,University of Alabama in Huntsville,1407,Chemical Engineering,59187.0,,25.0,27000.0,33.0
100706,University of Alabama in Huntsville,1408,Civil Engineering,55369.0,62012.0,21.0,20799.0,34.0
100706,University of Alabama in Huntsville,1409,Computer Engineering,67328.0,59846.0,33.0,26825.0,71.0
100706,University of Alabama in Huntsville,1410,"Electrical, Electronics, and Communications Engineering",68266.0,62012.0,78.0,24125.0,59.0
100706,University of Alabama in Huntsville,1419,Mechanical Engineering,63270.0,63997.0,124.0,24897.0,124.0
100706,University of Alabama in Huntsville,1435,Industrial Engineering,63963.0,55547.0,27.0,31000.0,38.0
100706,University of Alabama in Huntsville,1499,"Engineering, Other",,,,,1.0
100724,Alabama State University,1104,Information Science/Studies,29449.0,24035.0,40.0,31993.0,23.0
100724,Alabama State University,1107,Computer Science,,,,,13.0
100724,Alabama State University,1405,Biomedical/Medical Engineering,,,,,5.0
100751,The University of Alabama,1101,"Computer and Information Sciences, General",70103.0,64281.0,55.0,22000.0,95.0
100751,The University of Alabama,1110,Computer/Information Technology Administration and Management,,,,,0.0
100751,The University of Alabama,1402,"Aerospace, Aeronautical, and Astronautical/Space Engineering",65199.0,,39.0,26787.0,86.0
100751,The University of Alabama,1404,Architectural Engineering,,,,,12.0
100751,The University of Alabama,1407,Chemical Engineering,65209.0,67995.0,94.0,23003.0,159.0
100751,The University of Alabama,1408,Civil Engineering,61525.0,58402.0,109.0,25454.0,129.0
100751,The University of Alabama,1409,Computer Engineering,,,,,21.0
100751,The University of Alabama,1410,"Electrical, Electronics, and Communications Engineering",65725.0,75832.0,61.0,23821.0,79.0
100751,The University of Alabama,1414,Environmental/Environmental Health Engineering,,,,,19.0
100751,The University of Alabama,1419,Mechanical Engineering,65760.0,65281.0,198.0,24755.0,300.0
100751,The University of Alabama,1420,Metallurgical Engineering,,,,,19.0
100751,The University of Alabama,1433,Construction Engineering,,76460.0,,,13.0
100751,The University of Alabama,1436,Manufacturing Engineering,,,,,0.0
100812,Athens State University,1101,"Computer and Information Sciences, General",64715.0,61020.0,35.0,31060.0,22.0
100830,Auburn University at Montgomery,1101,"Computer and Information Sciences, General",33422.0,,28.0,41176.0,14.0
100830,Auburn University at Montgomery,1107,Computer Science,,,,,34.0
100858,Auburn University,1101,"Computer and Information Sciences, General",62372.0,53358.0,47.0,25000.0,145.0
100858,Auburn University,1107,Computer Science,,,,,71.0
100858,Auburn University,1402,"Aerospace, Aeronautical, and Astronautical/Space Engineering",63127.0,61380.0,49.0,20458.0,77.0
100858,Auburn University,1404,Architectural Engineering,71073.0,66240.0,75.0,22000.0,138.0
100858,Auburn University,1407,Chemical Engineering,75285.0,74576.0,46.0,23104.0,93.0
100858,Auburn University,1408,Civil Engineering,57886.0,56931.0,84.0,23375.0,120.0
100858,Auburn University,1409,Computer Engineering,63168.0,65711.0,47.0,22125.0,112.0
100858,Auburn University,1410,"Electrical, Electronics, and Communications Engineering",72274.0,65753.0,61.0,25125.0,71.0
100858,Auburn University,1418,Materials Engineering,,,,,19.0
100858,Auburn University,1419,Mechanical Engineering,67127.0,68778.0,179.0,24514.0,238.0
100858,Auburn University,1432,Polymer/Plastics Engineering,,63749.0,,,0.0
100858,Auburn University,1435,Industrial Engineering,66558.0,65170.0,69.0,23250.0,96.0
100858,Auburn University,1445,Biological/Biosystems Engineering,51452.0,49331.0,26.0,25747.0,40.0
100858,Auburn University,1499,"Engineering, Other",,74157.0,,,7.0
100937,Birmingham-Southern College,1101,"Computer and Information Sciences, General",,,,,11.0
100937,Birmingham-Southern College,1401,"Engineering, General",,,,,1.0
101116,South University-Montgomery,1104,Information Science/Studies,39831.0,44418.0,143.0,52173.0,1.0
101189,Faulkner University,1101,"Computer and Information Sciences, General",,,,,5.0
101189,Faulkner University,1107,Computer Science,,,,,5.0
101365,Herzing University-Birmingham,1102,Computer Programming,53952.0,62260.0,25.0,31050.0,1.0
101365,Herzing University-Birmingham,1110,Computer/Information Technology Administration and Management,47053.0,48432.0,48.0,41837.0,0.0
101480,Jacksonville State University,1101,"Computer and Information Sciences, General",40133.0,48745.0,39.0,23578.0,24.0
101480,Jacksonville State University,1104,Information Science/Studies,,,,,19.0
101675,Miles College,1109,Computer Systems Networking and Telecommunications,,,,,9.0
101693,University of Mobile,1101,"Computer and Information Sciences, General",,,,,1.0
101693,University of Mobile,1409,Computer Engineering,,,,,
101709,University of Montevallo,1101,"Computer and Information Sciences, General",,,,,6.0
101709,University of Montevallo,1107,Computer Science,,,,,
101879,University of North Alabama,1101,"Computer and Information Sciences, General",,56415.0,,27000.0,35.0
101912,Oakwood University,1101,"Computer and Information Sciences, General",,,,,2.0
101912,Oakwood University,1107,Computer Science,,,,,0.0
101912,Oakwood University,1109,Computer Systems Networking and Telecommunications,,,,,0.0
102049,Samford University,1101,"Computer and Information Sciences, General",,,,,10.0
102049,Samford University,1107,Computer Science,,,,,
102049,Samford University,1412,Engineering Physics,,,,,
102094,University of South Alabama,1101,"Computer and Information Sciences, General",42213.0,51273.0,28.0,27000.0,31.0
102094,University of South Alabama,1104,Information Science/Studies,43103.0,46478.0,31.0,30550.0,18.0
102094,University of South Alabama,1107,Computer Science,41527.0,63005.0,31.0,26750.0,46.0
102094,University of South Alabama,1407,Chemical Engineering,70168.0,61516.0,38.0,24500.0,21.0
102094,University of South Alabama,1408,Civil Engineering,58512.0,58402.0,39.0,28000.0,29.0
102094,University of South Alabama,1409,Computer Engineering,,,,26000.0,11.0
102094,University of South Alabama,1410,"Electrical, Electronics, and Communications Engineering",69913.0,68219.0,51.0,25146.0,26.0
102094,University of South Alabama,1419,Mechanical Engineering,61253.0,66240.0,95.0,26500.0,67.0
102234,Spring Hill College,1101,"Computer and Information Sciences, General",,,,,0.0
102234,Spring Hill College,1107,Computer Science,,,,,0.0
102234,Spring Hill College,1401,"Engineering, General",,,,,0.0
102298,Talladega College,1101,"Computer and Information Sciences, General",,,,,2.0
102298,Talladega College,1107,Computer Science,,,,,6.0
102298,Talladega College,1199,"Computer and Information Sciences and Support Services, Other",,,,,0.0
102368,Troy University,1101,"Computer and Information Sciences, General",52073.0,49136.0,71.0,27437.0,137.0
102368,Troy University,1110,Computer/Information Technology Administration and Management,,,,,5.0
102377,Tuskegee University,1101,"Computer and Information Sciences, General",,,,,9.0
102377,Tuskegee University,1107,Computer Science,,,,,7.0
102377,Tuskegee University,1110,Computer/Information Technology Administration and Management,,,,,0.0
102377,Tuskegee University,1402,"Aerospace, Aeronautical, and Astronautical/Space Engineering",49795.0,55338.0,28.0,,8.0
102377,Tuskegee University,1407,Chemical Engineering,62936.0,66821.0,28.0,,11.0
102377,Tuskegee University,1410,"Electrical, Electronics, and Communications Engineering",66151.0,68499.0,30.0,28250.0,9.0
102377,Tuskegee University,1419,Mechanical Engineering,60975.0,67101.0,42.0,30500.0,40.0
102553,University of Alaska Anchorage,1101,"Computer and Information Sciences, General",,,,40742.0,
102553,University of Alaska Anchorage,1107,Computer Science,,,,,26.0
102553,University of Alaska Anchorage,1401,"Engineering, General",,66728.0,,,
102553,University of Alaska Anchorage,1408,Civil Engineering,55504.0,66325.0,24.0,31000.0,23.0
102553,University of Alaska Anchorage,1409,Computer Engineering,,,,,1.0
102553,University of Alaska Anchorage,1410,"Electrical, Electronics, and Communications Engineering",77850.0,,25.0,,16.0
102553,University of Alaska Anchorage,1419,Mechanical Engineering,59654.0,61020.0,40.0,13876.0,27.0
102614,University of Alaska Fairbanks,1101,"Computer and Information Sciences, General",,,,,
102614,University of Alaska Fairbanks,1107,Computer Science,,,,,17.0
102614,University of Alaska Fairbanks,1402,"Aerospace, Aeronautical, and Astronautical/Space Engineering",,,,,
102614,University of Alaska Fairbanks,1408,Civil Engineering,67843.0,63997.0,19.0,13750.0,16.0
102614,University of Alaska Fairbanks,1409,Computer Engineering,,,,,2.0
102614,University of Alaska Fairbanks,1410,"Electrical, Electronics, and Communications Engineering",62593.0,,17.0,,11.0
102614,University of Alaska Fairbanks,1419,Mechanical Engineering,62735.0,68219.0,36.0,18250.0,26.0
102614,University of Alaska Fairbanks,1421,Mining and Mineral Engineering,,,,,1.0
102614,University of Alaska Fairbanks,1425,Petroleum Engineering,,75889.0,,,3.0
102614,University of Alaska Fairbanks,1439,Geological/Geophysical Engineering,,,,,6.0
102845,Charter College,1101,"Computer and Information Sciences, General",,59169.0,,,2.0
104151,Arizona State University Campus Immersion,1101,"Computer and Information Sciences, General",60802.0,64593.0,158.0,15312.0,169.0
104151,Arizona State University Campus Immersion,1107,Computer Science,72698.0,77618.0,292.0,19500.0,582.0
104151,Arizona State University Campus Immersion,1110,Computer/Information Technology Administration and Management,58893.0,,96.0,32375.0,56.0
104151,Arizona State University Campus Immersion,1199,"Computer and Information Sciences and Support Services, Other",51195.0,49644.0,25.0,,35.0
104151,Arizona State University Campus Immersion,1401,"Engineering, General",63561.0,68666.0,152.0,26113.0,165.0
104151,Arizona State University Campus Immersion,1402,"Aerospace, Aeronautical, and Astronautical/Space Engineering",64576.0,63501.0,69.0,25500.0,114.0
104151,Arizona State University Campus Immersion,1405,Biomedical/Medical Engineering,56023.0,53775.0,75.0,21429.0,135.0
104151,Arizona State University Campus Immersion,1407,Chemical Engineering,65389.0,61020.0,96.0,21500.0,129.0
104151,Arizona State University Campus Immersion,1408,Civil Engineering,63336.0,59640.0,133.0,23750.0,113.0
104151,Arizona State University Campus Immersion,1409,Computer Engineering,71373.0,75804.0,219.0,26972.0,115.0
104151,Arizona State University Campus Immersion,1410,"Electrical, Electronics, and Communications Engineering",70595.0,69505.0,208.0,25500.0,184.0
104151,Arizona State University Campus Immersion,1412,Engineering Physics,,,,,7.0
104151,Arizona State University Campus Immersion,1413,Engineering Science,,,,13250.0,0.0
104151,Arizona State University Campus Immersion,1414,Environmental/Environmental Health Engineering,,43128.0,,19103.0,32.0
104151,Arizona State University Campus Immersion,1418,Materials Engineering,66522.0,66821.0,18.0,23733.0,34.0
104151,Arizona State University Campus Immersion,1419,Mechanical Engineering,66177.0,66342.0,213.0,20500.0,276.0
104151,Arizona State University Campus Immersion,1433,Construction Engineering,74873.0,,18.0,,9.0
104151,Arizona State University Campus Immersion,1435,Industrial Engineering,68675.0,66821.0,39.0,19375.0,77.0
104151,Arizona State University Campus Immersion,1436,Manufacturing Engineering,,,,24253.0,16.0
104179,University of Arizona,1101,"Computer and Information Sciences, General",46907.0,44170.0,59.0,26000.0,118.0
104179,University of Arizona,1107,Computer Science,72627.0,79199.0,155.0,23000.0,212.0
104179,University of Arizona,1108,Computer Software and Media Applications,33062.0,33446.0,38.0,22715.0,94.0
104179,University of Arizona,1402,"Aerospace, Aeronautical, and Astronautical/Space Engineering",47599.0,67660.0,31.0,23656.0,45.0
104179,University of Arizona,1404,Architectural Engineering,,,,,7.0
104179,University of Arizona,1405,Biomedical/Medical Engineering,50727.0,55964.0,28.0,23000.0,46.0
104179,University of Arizona,1407,Chemical Engineering,71489.0,61218.0,49.0,21250.0,54.0
104179,University of Arizona,1408,Civil Engineering,63885.0,63005.0,44.0,18500.0,33.0
104179,University of Arizona,1409,Computer Engineering,,,,,0.0
104179,University of Arizona,1410,"Electrical, Electronics, and Communications Engineering",73122.0,72699.0,84.0,21000.0,101.0
104179,University of Arizona,1412,Engineering Physics,,,,,4.0
104179,University of Arizona,1414,Environmental/Environmental Health Engineering,,,,,7.0
104179,University of Arizona,1419,Mechanical Engineering,65774.0,63275.0,125.0,23391.0,110.0
104179,University of Arizona,1421,Mining and Mineral Engineering,76657.0,73035.0,26.0,11500.0,11.0
104179,University of Arizona,1427,Systems Engineering,65275.0,68047.0,32.0,18250.0,37.0
104179,University of Arizona,1435,Industrial Engineering,,,,,37.0
104179,University of Arizona,1445,Biological/Biosystems Engineering,,63005.0,,,19.0
104586,Embry-Riddle Aeronautical University-Prescott,1402,"Aerospace, Aeronautical, and Astronautical/Space Engineering",64540.0,65080.0,280.0,26995.0,125.0
104586,Embry-Riddle Aeronautical University-Prescott,1409,Computer Engineering,70001.0,62012.0,28.0,26146.0,24.0
104586,Embry-Riddle Aeronautical University-Prescott,1410,"Electrical, Electronics, and Communications Engineering",,61020.0,,25000.0,9.0
104586,Embry-Riddle Aeronautical University-Prescott,1419,Mechanical Engineering,67674.0,55964.0,90.0,27000.0,38.0
104717,Grand Canyon University,1101,"Computer and Information Sciences, General",,,,29750.0,259.0
104717,Grand Canyon University,1102,Computer Programming,,,,26702.0,48.0
104717,Grand Canyon University,1107,Computer Science,,,,,31.0
104717,Grand Canyon University,1110,Computer/Information Technology Administration and Management,,,,,1.0
104717,Grand Canyon University,1401,"Engineering, General",,,,,9.0
104717,Grand Canyon University,1405,Biomedical/Medical Engineering,,,,,30.0
104717,Grand Canyon University,1409,Computer Engineering,,,,,0.0
104717,Grand Canyon University,1410,"Electrical, Electronics, and Communications Engineering",,,,30524.0,26.0
104717,Grand Canyon University,1414,Environmental/Environmental Health Engineering,,,,,0.0
104717,Grand Canyon University,1419,Mechanical Engineering,,,,27000.0,51.0
104717,Grand Canyon University,1435,Industrial Engineering,,,,,0.0
105330,Northern Arizona University,1101,"Computer and Information Sciences, General",,,,,36.0
105330,Northern Arizona University,1102,Computer Programming,,,,,
105330,Northern Arizona University,1105,Computer Systems Analysis,54090.0,,27.0,,
105330,Northern Arizona University,1107,Computer Science,69244.0,76117.0,57.0,27000.0,119.0
105330,Northern Arizona University,1110,Computer/Information Technology Administration and Management,,,,,1.0
105330,Northern Arizona University,1401,"Engineering, General",,,,,2.0
105330,Northern Arizona University,1408,Civil Engineering,62712.0,54252.0,46.0,28000.0,52.0
105330,Northern Arizona University,1409,Computer Engineering,,,,,5.0
105330,Northern Arizona University,1410,"Electrical, Electronics, and Communications Engineering",67225.0,74890.0,53.0,20500.0,29.0
105330,Northern Arizona University,1414,Environmental/Environmental Health Engineering,55113.0,48432.0,21.0,27000.0,30.0
105330,Northern Arizona University,1419,Mechanical Engineering,58840.0,59350.0,148.0,24409.0,123.0
105330,Northern Arizona University,1442,"Mechatronics, Robotics, and Automation Engineering",,,,,
105367,Ottawa University-Phoenix,1110,Computer/Information Technology Administration and Management,,,,,0.0
106245,University of Arkansas at Little Rock,1101,"Computer and Information Sciences, General",45101.0,,24.0,22650.0,36.0
106245,University of Arkansas at Little Rock,1104,Information Science/Studies,39218.0,,26.0,25000.0,20.0
106245,University of Arkansas at Little Rock,1108,Computer Software and Media Applications,,,,,12.0
106245,University of Arkansas at Little Rock,1110,Computer/Information Technology Administration and Management,,,,,0.0
106245,University of Arkansas at Little Rock,1414,Environmental/Environmental Health Engineering,,,,,0.0
106245,University of Arkansas at Little Rock,1419,Mechanical Engineering,,,,,17.0
106245,University of Arkansas at Little Rock,1427,Systems Engineering,51749.0,,17.0,,0.0
106245,University of Arkansas at Little Rock,1433,Construction Engineering,,,,,8.0
106245,University of Arkansas at Little Rock,1442,"Mechatronics, Robotics, and Automation Engineering",,,,,0.0
106342,Lyon College,1107,Computer Science,,,,,12.0
106397,University of Arkansas,1101,"Computer and Information Sciences, General",67784.0,69079.0,46.0,26500.0,24.0
106397,University of Arkansas,1107,Computer Science,,,,21343.0,116.0
106397,University of Arkansas,1405,Biomedical/Medical Engineering,,47260.0,,27000.0,58.0
106397,University of Arkansas,1407,Chemical Engineering,72033.0,78343.0,67.0,22750.0,65.0
106397,University of Arkansas,1408,Civil Engineering,58798.0,56776.0,56.0,26875.0,62.0
106397,University of Arkansas,1409,Computer Engineering,67024.0,71015.0,35.0,26500.0,25.0
106397,University of Arkansas,1410,"Electrical, Electronics, and Communications Engineering",71436.0,68778.0,47.0,21240.0,45.0
106397,University of Arkansas,1419,Mechanical Engineering,62325.0,58796.0,169.0,23014.0,157.0
106397,University of Arkansas,1435,Industrial Engineering,67048.0,71854.0,59.0,26500.0,61.0
106397,University of Arkansas,1445,Biological/Biosystems Engineering,55864.0,41565.0,16.0,,40.0
106412,University of Arkansas at Pine Bluff,1101,"Computer and Information Sciences, General",,,,,10.0
106412,University of Arkansas at Pine Bluff,1403,Agricultural Engineering,,,,,1.0
106458,Arkansas State University,1101,"Computer and Information Sciences, General",48639.0,52107.0,20.0,23204.0,20.0
106458,Arkansas State University,1103,Data Processing,39432.0,38394.0,19.0,,
106458,Arkansas State University,1408,Civil Engineering,52368.0,54996.0,21.0,,12.0
106458,Arkansas State University,1410,"Electrical, Electronics, and Communications Engineering",62426.0,,21.0,,4.0
106458,Arkansas State University,1419,Mechanical Engineering,61829.0,59124.0,26.0,,19.0
106458,Arkansas State University,1427,Systems Engineering,,,,,
106458,Arkansas State University,1435,Industrial Engineering,,,,,
106467,Arkansas Tech University,1101,"Computer and Information Sciences, General",43486.0,52107.0,32.0,19975.0,35.0
106467,Arkansas Tech University,1105,Computer Systems Analysis,,,,,7.0
106467,Arkansas Tech University,1110,Computer/Information Technology Administration and Management,,,,,24.0
106467,Arkansas Tech University,1409,Computer Engineering,,,,,2.0
106467,Arkansas Tech University,1410,"Electrical, Electronics, and Communications Engineering",64980.0,45808.0,30.0,17100.0,17.0
106467,Arkansas Tech University,1412,Engineering Physics,,,,,0.0
106467,Arkansas Tech University,1419,Mechanical Engineering,60093.0,54974.0,60.0,22970.0,50.0
106704,University of Central Arkansas,1101,"Computer and Information Sciences, General",51827.0,52107.0,57.0,25901.0,53.0
106704,University of Central Arkansas,1110,Computer/Information Technology Administration and Management,,,,,21.0
106704,University of Central Arkansas,1409,Computer Engineering,,,,,3.0
106704,University of Central Arkansas,1412,Engineering Physics,,,,,3.0
107044,Harding University,1101,"Computer and Information Sciences, General",53156.0,52733.0,24.0,19338.0,22.0
107044,Harding University,1104,Information Science/Studies,,,,,
107044,Harding University,1107,Computer Science,72335.0,66104.0,31.0,24149.0,30.0
107044,Harding University,1108,Computer Software and Media Applications,,,,,0.0
107044,Harding University,1110,Computer/Information Technology Administration and Management,,,,,
107044,Harding University,1405,Biomedical/Medical Engineering,,,,,4.0
107044,Harding University,1408,Civil Engineering,,,,,4.0
107044,Harding University,1409,Computer Engineering,,,,,4.0
107044,Harding University,1410,"Electrical, Electronics, and Communications Engineering",,,,,2.0
107044,Harding University,1419,Mechanical Engineering,56533.0,58673.0,19.0,27000.0,16.0
107071,Henderson State University,1101,"Computer and Information Sciences, General",,,,,8.0
107071,Henderson State University,1401,"Engineering, General",,,,,10.0
107071,Henderson State University,1409,Computer Engineering,,,,,0.0
107071,Henderson State University,1412,Engineering Physics,,,,,
107080,Hendrix College,1107,Computer Science,,,,,10.0
107141,John Brown University,1107,Computer Science,,,,,3.0
107141,John Brown University,1401,"Engineering, General",62958.0,65573.0,35.0,25488.0,0.0
107141,John Brown University,1410,"Electrical, Electronics, and Communications Engineering",,,,,9.0
107141,John Brown University,1419,Mechanical Engineering,,,,,11.0
107512,Ouachita Baptist University,1107,Computer Science,,,,,6.0
107512,Ouachita Baptist University,1401,"Engineering, General",,,,,
107512,Ouachita Baptist University,1412,Engineering Physics,,,,,9.0
107600,Philander Smith University,1107,Computer Science,,,,,8.0
107877,Williams Baptist University,1101,"Computer and Information Sciences, General",,,,,
107877,Williams Baptist University,1110,Computer/Information Technology Administration and Management,,,,,
107983,Southern Arkansas University Main Campus,1101,"Computer and Information Sciences, General",,,,,11.0
107983,Southern Arkansas University Main Campus,1401,"Engineering, General",,,,,15.0
108092,University of Arkansas-Fort Smith,1101,"Computer and Information Sciences, General",47923.0,61218.0,48.0,21823.0,
108092,University of Arkansas-Fort Smith,1107,Computer Science,,,,,27.0
108092,University of Arkansas-Fort Smith,1108,Computer Software and Media Applications,,,,,6.0
108232,Academy of Art University,1102,Computer Programming,,,,,3.0
108232,Academy of Art University,1108,Computer Software and Media Applications,42476.0,48432.0,155.0,39715.0,146.0
109651,Art Center College of Design,1108,Computer Software and Media Applications,,,,,21.0
109785,Azusa Pacific University,1101,"Computer and Information Sciences, General",61775.0,58673.0,28.0,27000.0,5.0
109785,Azusa Pacific University,1107,Computer Science,,,,,9.0
109785,Azusa Pacific University,1110,Computer/Information Technology Administration and Management,,,,,0.0
109785,Azusa Pacific University,1401,"Engineering, General",,,,,9.0
110060,Bethesda University,1101,"Computer and Information Sciences, General",,,,,0.0
110097,Biola University,1107,Computer Science,71368.0,47260.0,27.0,24906.0,15.0
110097,Biola University,1412,Engineering Physics,,,,,15.0
110361,California Baptist University,1101,"Computer and Information Sciences, General",65317.0,,16.0,,11.0
110361,California Baptist University,1107,Computer Science,,,,,20.0
110361,California Baptist University,1110,Computer/Information Technology Administration and Management,,,,,1.0
110361,California Baptist University,1401,"Engineering, General",,,,,2.0
110361,California Baptist University,1405,Biomedical/Medical Engineering,,,,,12.0
110361,California Baptist University,1407,Chemical Engineering,,,,,8.0
110361,California Baptist University,1408,Civil Engineering,61278.0,70009.0,27.0,27000.0,28.0
110361,California Baptist University,1409,Computer Engineering,69109.0,66821.0,36.0,27000.0,13.0
110361,California Baptist University,1419,Mechanical Engineering,66920.0,68499.0,47.0,27000.0,47.0
110361,California Baptist University,1433,Construction Engineering,,,,,8.0
110361,California Baptist University,1435,Industrial Engineering,,,,,
110361,California Baptist University,1447,Electrical and Computer Engineering,,,,,8.0
110370,California College of the Arts,1108,Computer Software and Media Applications,,,,,38.0
110404,California Institute of Technology,1104,Information Science/Studies,,,,,6.0
110404,California Institute of Technology,1107,Computer Science,129693.0,,29.0,,77.0
110404,California Institute of Technology,1401,"Engineering, General",,,,,1.0
110404,California Institute of Technology,1405,Biomedical/Medical Engineering,,,,,10.0
110404,California Institute of Technology,1407,Chemical Engineering,,,,,7.0
110404,California Institute of Technology,1410,"Electrical, Electronics, and Communications Engineering",,,,,15.0
110404,California Institute of Technology,1412,Engineering Physics,,,,,1.0
110404,California Institute of Technology,1414,Environmental/Environmental Health Engineering,,,,,0.0
110404,California Institute of Technology,1418,Materials Engineering,,,,,3.0
110404,California Institute of Technology,1419,Mechanical Engineering,,83177.0,,,28.0
110413,California Lutheran University,1104,Information Science/Studies,,,,,4.0
110413,California Lutheran University,1107,Computer Science,63247.0,57995.0,16.0,25500.0,33.0
110413,California Lutheran University,1403,Agricultural Engineering,,,,,
110413,California Lutheran University,1405,Biomedical/Medical Engineering,,,,,
110422,California Polytechnic State University-San Luis Obispo,1101,"Computer and Information Sciences, General",88197.0,120462.0,61.0,,
110422,California Polytechnic State University-San Luis Obispo,1107,Computer Science,91351.0,,68.0,19298.0,163.0
110422,California Polytechnic State University-San Luis Obispo,1401,"Engineering, General",,,,,
110422,California Polytechnic State University-San Luis Obispo,1402,"Aerospace, Aeronautical, and Astronautical/Space Engineering",74220.0,76460.0,83.0,22500.0,106.0
110422,California Polytechnic State University-San Luis Obispo,1403,Agricultural Engineering,67924.0,55964.0,24.0,16420.0,18.0
110422,California Polytechnic State University-San Luis Obispo,1404,Architectural Engineering,69509.0,63005.0,51.0,25116.0,39.0
110422,California Polytechnic State University-San Luis Obispo,1405,Biomedical/Medical Engineering,72746.0,73635.0,42.0,20500.0,104.0
110422,California Polytechnic State University-San Luis Obispo,1408,Civil Engineering,72381.0,72645.0,132.0,20424.0,130.0
110422,California Polytechnic State University-San Luis Obispo,1409,Computer Engineering,91493.0,93964.0,131.0,20556.0,158.0
110422,California Polytechnic State University-San Luis Obispo,1410,"Electrical, Electronics, and Communications Engineering",79454.0,79647.0,93.0,24449.0,136.0
110422,California Polytechnic State University-San Luis Obispo,1413,Engineering Science,,,,,7.0
110422,California Polytechnic State University-San Luis Obispo,1414,Environmental/Environmental Health Engineering,59486.0,63005.0,29.0,20500.0,29.0
110422,California Polytechnic State University-San Luis Obispo,1418,Materials Engineering,62746.0,68219.0,22.0,17000.0,48.0
110422,California Polytechnic State University-San Luis Obispo,1419,Mechanical Engineering,74806.0,74038.0,206.0,20500.0,272.0
110422,California Polytechnic State University-San Luis Obispo,1433,Construction Engineering,,,,,0.0
110422,California Polytechnic State University-San Luis Obispo,1435,Industrial Engineering,72643.0,73562.0,70.0,19691.0,72.0
110422,California Polytechnic State University-San Luis Obispo,1436,Manufacturing Engineering,68936.0,,18.0,,23.0
110468,Alliant International University-San Diego,1101,"Computer and Information Sciences, General",,,,,4.0
110486,California State University-Bakersfield,1107,Computer Science,,50856.0,,,54.0
110486,California State University-Bakersfield,1401,"Engineering, General",,,,,
110486,California State University-Bakersfield,1409,Computer Engineering,,45600.0,,,15.0
110486,California State University-Bakersfield,1410,"Electrical, Electronics, and Communications Engineering",,,,,30.0
110486,California State University-Bakersfield,1413,Engineering Science,59382.0,48041.0,24.0,,42.0
110495,California State University-Stanislaus,1101,"Computer and Information Sciences, General",,,,,0.0
110495,California State University-Stanislaus,1104,Information Science/Studies,,,,,0.0
110495,California State University-Stanislaus,1107,Computer Science,38765.0,49918.0,71.0,13000.0,75.0
110510,California State University-San Bernardino,1101,"Computer and Information Sciences, General",39337.0,46966.0,144.0,16119.0,140.0
110510,California State University-San Bernardino,1107,Computer Science,40267.0,58221.0,82.0,17020.0,79.0
110510,California State University-San Bernardino,1409,Computer Engineering,51504.0,47846.0,18.0,18096.0,33.0
110529,California State Polytechnic University-Pomona,1107,Computer Science,59217.0,64394.0,240.0,16500.0,202.0
110529,California State Polytechnic University-Pomona,1402,"Aerospace, Aeronautical, and Astronautical/Space Engineering",70663.0,64087.0,101.0,26295.0,163.0
110529,California State Polytechnic University-Pomona,1407,Chemical Engineering,64215.0,68305.0,99.0,21812.0,91.0
110529,California State Polytechnic University-Pomona,1408,Civil Engineering,67170.0,64231.0,240.0,16500.0,277.0
110529,California State Polytechnic University-Pomona,1409,Computer Engineering,65611.0,63501.0,105.0,20250.0,97.0
110529,California State Polytechnic University-Pomona,1410,"Electrical, Electronics, and Communications Engineering",68110.0,69930.0,190.0,18812.0,108.0
110529,California State Polytechnic University-Pomona,1419,Mechanical Engineering,68168.0,67918.0,263.0,17455.0,276.0
110529,California State Polytechnic University-Pomona,1435,Industrial Engineering,65420.0,67287.0,90.0,25000.0,55.0
110529,California State Polytechnic University-Pomona,1436,Manufacturing Engineering,63805.0,69338.0,42.0,17083.0,46.0
110538,California State University-Chico,1101,"Computer and Information Sciences, General",63879.0,59350.0,80.0,20886.0,77.0
110538,California State University-Chico,1107,Computer Science,72808.0,74241.0,56.0,20000.0,81.0
110538,California State University-Chico,1108,Computer Software and Media Applications,,,,,0.0
110538,California State University-Chico,1408,Civil Engineering,67761.0,69617.0,67.0,21583.0,88.0
110538,California State University-Chico,1409,Computer Engineering,65715.0,78343.0,20.0,,12.0
110538,California State University-Chico,1410,"Electrical, Electronics, and Communications Engineering",,,,,28.0
110538,California State University-Chico,1419,Mechanical Engineering,68880.0,66222.0,64.0,24354.0,72.0
110538,California State University-Chico,1499,"Engineering, Other",68803.0,66355.0,44.0,23000.0,34.0
110547,California State University-Dominguez Hills,1101,"Computer and Information Sciences, General",43643.0,41565.0,75.0,18750.0,71.0
110547,California State University-Dominguez Hills,1107,Computer Science,42986.0,60320.0,36.0,18750.0,82.0
110556,California State University-Fresno,1101,"Computer and Information Sciences, General",36953.0,48198.0,64.0,13570.0,
110556,California State University-Fresno,1107,Computer Science,41405.0,54322.0,34.0,17775.0,52.0
110556,California State University-Fresno,1401,"Engineering, General",,,,,0.0
110556,California State University-Fresno,1408,Civil Engineering,60442.0,59666.0,77.0,15267.0,70.0
110556,California State University-Fresno,1409,Computer Engineering,66885.0,63005.0,24.0,30486.0,30.0
110556,California State University-Fresno,1410,"Electrical, Electronics, and Communications Engineering",69361.0,70009.0,40.0,25875.0,29.0
110556,California State University-Fresno,1419,Mechanical Engineering,55516.0,60230.0,68.0,17533.0,79.0
110565,California State University-Fullerton,1104,Information Science/Studies,43950.0,49312.0,135.0,15337.0,
110565,California State University-Fullerton,1107,Computer Science,55224.0,67101.0,195.0,16500.0,325.0
110565,California State University-Fullerton,1401,"Engineering, General",,,,,0.0
110565,California State University-Fullerton,1408,Civil Engineering,59150.0,60117.0,89.0,13548.0,124.0
110565,California State University-Fullerton,1409,Computer Engineering,65145.0,,47.0,18500.0,60.0
110565,California State University-Fullerton,1410,"Electrical, Electronics, and Communications Engineering",67367.0,65610.0,61.0,15054.0,65.0
110565,California State University-Fullerton,1419,Mechanical Engineering,59135.0,62792.0,160.0,19040.0,125.0
110574,California State University-East Bay,1107,Computer Science,59738.0,65387.0,103.0,15000.0,193.0
110574,California State University-East Bay,1401,"Engineering, General",,,,,0.0
110574,California State University-East Bay,1409,Computer Engineering,,,,,16.0
110574,California State University-East Bay,1435,Industrial Engineering,,,,,14.0
110583,California State University-Long Beach,1107,Computer Science,60701.0,62792.0,189.0,14619.0,254.0
110583,California State University-Long Beach,1401,"Engineering, General",,,,,0.0
110583,California State University-Long Beach,1402,"Aerospace, Aeronautical, and Astronautical/Space Engineering",66374.0,60839.0,62.0,25300.0,97.0
110583,California State University-Long Beach,1405,Biomedical/Medical Engineering,65701.0,73949.0,17.0,15720.0,40.0
110583,California State University-Long Beach,1407,Chemical Engineering,47727.0,58221.0,94.0,16374.0,80.0
110583,California State University-Long Beach,1408,Civil Engineering,62480.0,60943.0,125.0,16437.0,122.0
110583,California State University-Long Beach,1409,Computer Engineering,68683.0,68499.0,76.0,15759.0,55.0
110583,California State University-Long Beach,1410,"Electrical, Electronics, and Communications Engineering",67072.0,67287.0,183.0,19750.0,125.0
110583,California State University-Long Beach,1419,Mechanical Engineering,61380.0,65029.0,225.0,17653.0,229.0
110583,California State University-Long Beach,1436,Manufacturing Engineering,,,,,0.0
110592,California State University-Los Angeles,1101,"Computer and Information Sciences, General",42779.0,48432.0,140.0,13000.0,96.0
110592,California State University-Los Angeles,1104,Information Science/Studies,,,,,0.0
110592,California State University-Los Angeles,1107,Computer Science,55088.0,41193.0,80.0,15321.0,149.0
110592,California State University-Los Angeles,1401,"Engineering, General",,,,,2.0
110592,California State University-Los Angeles,1408,Civil Engineering,61370.0,61516.0,47.0,18767.0,73.0
110592,California State University-Los Angeles,1410,"Electrical, Electronics, and Communications Engineering",64165.0,59124.0,65.0,14676.0,52.0
110592,California State University-Los Angeles,1419,Mechanical Engineering,56166.0,50856.0,133.0,13000.0,130.0
110608,California State University-Northridge,1101,"Computer and Information Sciences, General",54120.0,46321.0,99.0,19007.0,124.0
110608,California State University-Northridge,1104,Information Science/Studies,,,,,0.0
110608,California State University-Northridge,1107,Computer Science,64782.0,75047.0,120.0,18483.0,251.0
110608,California State University-Northridge,1401,"Engineering, General",,,,,0.0
110608,California State University-Northridge,1408,Civil Engineering,56213.0,53108.0,69.0,18732.0,75.0
110608,California State University-Northridge,1409,Computer Engineering,64319.0,71015.0,25.0,19548.0,35.0
110608,California State University-Northridge,1410,"Electrical, Electronics, and Communications Engineering",68859.0,73070.0,76.0,17440.0,78.0
110608,California State University-Northridge,1419,Mechanical Engineering,64759.0,66756.0,170.0,18000.0,185.0
110608,California State University-Northridge,1435,Industrial Engineering,,,,,
110608,California State University-Northridge,1436,Manufacturing Engineering,,,,,10.0
110608,California State University-Northridge,1437,Operations Research,45988.0,44835.0,50.0,15000.0,
110617,California State University-Sacramento,1101,"Computer and Information Sciences, General",,,,,
110617,California State University-Sacramento,1107,Computer Science,62510.0,67240.0,191.0,15625.0,300.0
110617,California State University-Sacramento,1408,Civil Engineering,66158.0,64406.0,169.0,19124.0,145.0
110617,California State University-Sacramento,1409,Computer Engineering,69951.0,78343.0,63.0,17500.0,60.0
110617,California State University-Sacramento,1410,"Electrical, Electronics, and Communications Engineering",73130.0,70596.0,124.0,19430.0,94.0
110617,California State University-Sacramento,1419,Mechanical Engineering,59355.0,63005.0,244.0,19399.0,178.0
110617,California State University-Sacramento,1433,Construction Engineering,81148.0,80779.0,38.0,15000.0,
110635,University of California-Berkeley,1101,"Computer and Information Sciences, General",,,,13550.0,669.0
110635,University of California-Berkeley,1107,Computer Science,125250.0,125388.0,313.0,13900.0,848.0
110635,University of California-Berkeley,1403,Agricultural Engineering,,,,,0.0
110635,University of California-Berkeley,1405,Biomedical/Medical Engineering,53573.0,63005.0,32.0,14896.0,94.0
110635,University of California-Berkeley,1407,Chemical Engineering,70767.0,80718.0,56.0,18155.0,104.0
110635,University of California-Berkeley,1408,Civil Engineering,69327.0,71351.0,51.0,14392.0,106.0
110635,University of California-Berkeley,1410,"Electrical, Electronics, and Communications Engineering",126367.0,128868.0,182.0,14437.0,528.0
110635,University of California-Berkeley,1412,Engineering Physics,,,,,12.0
110635,University of California-Berkeley,1413,Engineering Science,,,,,19.0
110635,University of California-Berkeley,1414,Environmental/Environmental Health Engineering,,,,,7.0
110635,University of California-Berkeley,1419,Mechanical Engineering,73836.0,75518.0,104.0,13200.0,189.0
110635,University of California-Berkeley,1423,Nuclear Engineering,,,,,11.0
110635,University of California-Berkeley,1436,Manufacturing Engineering,,,,,0.0
110635,University of California-Berkeley,1437,Operations Research,,76460.0,,,71.0
110635,University of California-Berkeley,1499,"Engineering, Other",,,,,13.0
110644,University of California-Davis,1101,"Computer and Information Sciences, General",76488.0,81609.0,291.0,14282.0,
110644,University of California-Davis,1107,Computer Science,,,,,402.0
110644,University of California-Davis,1401,"Engineering, General",74487.0,70370.0,122.0,15000.0,14.0
110644,University of California-Davis,1402,"Aerospace, Aeronautical, and Astronautical/Space Engineering",60999.0,61516.0,54.0,19058.0,68.0
110644,University of California-Davis,1405,Biomedical/Medical Engineering,51679.0,50856.0,98.0,15977.0,107.0
110644,University of California-Davis,1407,Chemical Engineering,57536.0,62409.0,158.0,16000.0,62.0
110644,University of California-Davis,1408,Civil Engineering,64244.0,67516.0,157.0,16101.0,127.0
110644,University of California-Davis,1409,Computer Engineering,81487.0,82440.0,102.0,12804.0,119.0
110644,University of California-Davis,1410,"Electrical, Electronics, and Communications Engineering",,,,,94.0
110644,University of California-Davis,1414,Environmental/Environmental Health Engineering,,,,,33.0
110644,University of California-Davis,1418,Materials Engineering,55386.0,,18.0,18777.0,24.0
110644,University of California-Davis,1419,Mechanical Engineering,64370.0,67324.0,162.0,15000.0,166.0
110644,University of California-Davis,1443,Biochemical Engineering,,,,,14.0
110644,University of California-Davis,1445,Biological/Biosystems Engineering,,,,,22.0
110653,University of California-Irvine,1101,"Computer and Information Sciences, General",50491.0,66461.0,86.0,20000.0,114.0
110653,University of California-Irvine,1102,Computer Programming,,,,,
110653,University of California-Irvine,1104,Information Science/Studies,,,,,0.0
110653,University of California-Irvine,1107,Computer Science,70796.0,73128.0,505.0,15500.0,744.0
110653,University of California-Irvine,1108,Computer Software and Media Applications,35812.0,,17.0,21650.0,62.0
110653,University of California-Irvine,1401,"Engineering, General",,,,,0.0
110653,University of California-Irvine,1402,"Aerospace, Aeronautical, and Astronautical/Space Engineering",52033.0,54974.0,67.0,18950.0,96.0
110653,University of California-Irvine,1405,Biomedical/Medical Engineering,51200.0,48432.0,82.0,17390.0,156.0
110653,University of California-Irvine,1407,Chemical Engineering,55295.0,52107.0,66.0,18500.0,82.0
110653,University of California-Irvine,1408,Civil Engineering,62257.0,62707.0,93.0,19700.0,123.0
110653,University of California-Irvine,1409,Computer Engineering,68056.0,69338.0,156.0,19233.0,246.0
110653,University of California-Irvine,1410,"Electrical, Electronics, and Communications Engineering",67396.0,65387.0,88.0,19000.0,79.0
110653,University of California-Irvine,1414,Environmental/Environmental Health Engineering,52400.0,,24.0,,27.0
110653,University of California-Irvine,1418,Materials Engineering,,,,9987.0,37.0
110653,University of California-Irvine,1419,Mechanical Engineering,59868.0,53647.0,244.0,14500.0,260.0
110662,University of California-Los Angeles,1101,"Computer and Information Sciences, General",117100.0,110878.0,117.0,15248.0,
110662,University of California-Los Angeles,1107,Computer Science,,,,,349.0
110662,University of California-Los Angeles,1402,"Aerospace, Aeronautical, and Astronautical/Space Engineering",66724.0,60072.0,31.0,19000.0,63.0
110662,University of California-Los Angeles,1403,Agricultural Engineering,,,,,0.0
110662,University of California-Los Angeles,1405,Biomedical/Medical Engineering,,61020.0,,15000.0,64.0
110662,University of California-Los Angeles,1407,Chemical Engineering,56206.0,63005.0,52.0,18205.0,79.0
110662,University of California-Los Angeles,1408,Civil Engineering,62929.0,68592.0,44.0,19444.0,87.0
110662,University of California-Los Angeles,1409,Computer Engineering,110139.0,97071.0,23.0,14103.0,96.0
110662,University of California-Los Angeles,1410,"Electrical, Electronics, and Communications Engineering",78867.0,83915.0,66.0,17877.0,142.0
110662,University of California-Los Angeles,1418,Materials Engineering,,,,,36.0
110662,University of California-Los Angeles,1419,Mechanical Engineering,68857.0,67324.0,77.0,17000.0,162.0
110662,University of California-Los Angeles,1439,Geological/Geophysical Engineering,,,,,3.0
110671,University of California-Riverside,1104,Information Science/Studies,,,,24417.0,29.0
110671,University of California-Riverside,1107,Computer Science,56647.0,,85.0,19083.0,212.0
110671,University of California-Riverside,1401,"Engineering, General",,,,,
110671,University of California-Riverside,1405,Biomedical/Medical Engineering,43664.0,49214.0,62.0,19877.0,67.0
110671,University of California-Riverside,1407,Chemical Engineering,44484.0,49464.0,105.0,17413.0,63.0
110671,University of California-Riverside,1409,Computer Engineering,67571.0,69617.0,38.0,25083.0,48.0
110671,University of California-Riverside,1410,"Electrical, Electronics, and Communications Engineering",66399.0,66076.0,53.0,19954.0,65.0
110671,University of California-Riverside,1414,Environmental/Environmental Health Engineering,57269.0,42682.0,19.0,18068.0,24.0
110671,University of California-Riverside,1418,Materials Engineering,,,,,25.0
110671,University of California-Riverside,1419,Mechanical Engineering,54188.0,59912.0,104.0,21000.0,94.0
110680,University of California-San Diego,1101,"Computer and Information Sciences, General",,,,,168.0
110680,University of California-San Diego,1107,Computer Science,87738.0,86972.0,521.0,16550.0,591.0
110680,University of California-San Diego,1402,"Aerospace, Aeronautical, and Astronautical/Space Engineering",60511.0,61218.0,70.0,21305.0,83.0
110680,University of California-San Diego,1405,Biomedical/Medical Engineering,45324.0,55964.0,45.0,20000.0,92.0
110680,University of California-San Diego,1407,Chemical Engineering,53711.0,52464.0,149.0,18157.0,129.0
110680,University of California-San Diego,1408,Civil Engineering,60478.0,58221.0,143.0,16400.0,110.0
110680,University of California-San Diego,1409,Computer Engineering,79476.0,79688.0,132.0,18497.0,167.0
110680,University of California-San Diego,1410,"Electrical, Electronics, and Communications Engineering",71127.0,69606.0,205.0,20342.0,218.0
110680,University of California-San Diego,1412,Engineering Physics,,,,,7.0
110680,University of California-San Diego,1413,Engineering Science,,,,,0.0
110680,University of California-San Diego,1414,Environmental/Environmental Health Engineering,,,,,3.0
110680,University of California-San Diego,1419,Mechanical Engineering,62687.0,67846.0,108.0,20000.0,146.0
110680,University of California-San Diego,1445,Biological/Biosystems Engineering,64592.0,,24.0,14933.0,20.0
110680,University of California-San Diego,1499,"Engineering, Other",55148.0,52107.0,104.0,19250.0,56.0
110705,University of California-Santa Barbara,1107,Computer Science,86276.0,81554.0,80.0,11000.0,161.0
110705,University of California-Santa Barbara,1407,Chemical Engineering,61540.0,59485.0,40.0,14937.0,53.0
110705,University of California-Santa Barbara,1409,Computer Engineering,83726.0,76773.0,42.0,14410.0,72.0
110705,University of California-Santa Barbara,1410,"Electrical, Electronics, and Communications Engineering",70445.0,72134.0,44.0,15571.0,68.0
110705,University of California-Santa Barbara,1419,Mechanical Engineering,68678.0,60452.0,54.0,15908.0,78.0
110714,University of California-Santa Cruz,1101,"Computer and Information Sciences, General",,,,,0.0
110714,University of California-Santa Cruz,1107,Computer Science,63040.0,63530.0,337.0,16666.0,607.0
110714,University of California-Santa Cruz,1108,Computer Software and Media Applications,,,,,0.0
110714,University of California-Santa Cruz,1110,Computer/Information Technology Administration and Management,54725.0,60185.0,67.0,20020.0,98.0
110714,University of California-Santa Cruz,1199,"Computer and Information Sciences and Support Services, Other",,,,,0.0
110714,University of California-Santa Cruz,1405,Biomedical/Medical Engineering,53515.0,48823.0,45.0,22500.0,11.0
110714,University of California-Santa Cruz,1409,Computer Engineering,75207.0,79150.0,64.0,23392.0,132.0
110714,University of California-Santa Cruz,1410,"Electrical, Electronics, and Communications Engineering",66378.0,69338.0,50.0,17048.0,40.0
111081,California Institute of the Arts,1108,Computer Software and Media Applications,,,,,6.0
111188,Cal Poly Maritime Academy,1419,Mechanical Engineering,83137.0,78971.0,46.0,19690.0,42.0
111948,Chapman University,1101,"Computer and Information Sciences, General",,,,,30.0
111948,Chapman University,1107,Computer Science,58871.0,69338.0,26.0,24109.0,52.0
111948,Chapman University,1409,Computer Engineering,,,,,13.0
112075,Concordia University-Irvine,1107,Computer Science,,,,,3.0
112260,Claremont McKenna College,1107,Computer Science,,,,,13.0
112260,Claremont McKenna College,1499,"Engineering, Other",,,,,7.0
112394,University of Silicon Valley,1102,Computer Programming,,,,,8.0
112394,University of Silicon Valley,1108,Computer Software and Media Applications,,,,31000.0,17.0
113698,Dominican University of California,1102,Computer Programming,,,,,77.0
115083,Golden Gate University,1104,Information Science/Studies,,,,,0.0
115083,Golden Gate University,1199,"Computer and Information Sciences and Support Services, Other",,,,,0.0
115409,Harvey Mudd College,1107,Computer Science,123339.0,142581.0,26.0,22949.0,49.0
115409,Harvey Mudd College,1401,"Engineering, General",81948.0,81997.0,59.0,22240.0,51.0
115728,Holy Names University,1108,Computer Software and Media Applications,,,,,0.0
115728,Holy Names University,1199,"Computer and Information Sciences and Support Services, Other",,,,,0.0
115755,California State Polytechnic University-Humboldt,1101,"Computer and Information Sciences, General",,,,,0.0
115755,California State Polytechnic University-Humboldt,1107,Computer Science,40497.0,53775.0,44.0,17750.0,28.0
115755,California State Polytechnic University-Humboldt,1414,Environmental/Environmental Health Engineering,51856.0,48265.0,43.0,24350.0,51.0
117140,University of La Verne,1101,"Computer and Information Sciences, General",,,,25000.0,35.0
117627,La Sierra University,1101,"Computer and Information Sciences, General",,,,,0.0
117627,La Sierra University,1107,Computer Science,,,,,14.0
117751,The Master's University and Seminary,1101,"Computer and Information Sciences, General",,,,,3.0
117946,Loyola Marymount University,1101,"Computer and Information Sciences, General",70486.0,72796.0,28.0,26000.0,52.0
117946,Loyola Marymount University,1408,Civil Engineering,67573.0,67995.0,27.0,27000.0,27.0
117946,Loyola Marymount University,1409,Computer Engineering,,,,,
117946,Loyola Marymount University,1410,"Electrical, Electronics, and Communications Engineering",,,,,12.0
117946,Loyola Marymount University,1412,Engineering Physics,,,,,0.0
117946,Loyola Marymount University,1419,Mechanical Engineering,67425.0,57318.0,40.0,21000.0,30.0
118888,Northeastern University Oakland,1101,"Computer and Information Sciences, General",95288.0,89413.0,188.0,23001.0,
119173,Mount Saint Mary's University,1101,"Computer and Information Sciences, General",,,,,0.0
119605,National University,1107,Computer Science,69756.0,72899.0,24.0,29500.0,30.0
119605,National University,1110,Computer/Information Technology Administration and Management,65610.0,56302.0,67.0,30077.0,48.0
119605,National University,1405,Biomedical/Medical Engineering,,,,,
119605,National University,1410,"Electrical, Electronics, and Communications Engineering",,,,,18.0
119605,National University,1433,Construction Engineering,79856.0,82440.0,21.0,,13.0
119605,National University,1436,Manufacturing Engineering,,78343.0,,,17.0
120184,Notre Dame de Namur University,1101,"Computer and Information Sciences, General",,,,,2.0
120184,Notre Dame de Namur University,1107,Computer Science,,,,,6.0
120254,Occidental College,1107,Computer Science,,,,22067.0,36.0
120883,University of the Pacific,1107,Computer Science,58076.0,62260.0,32.0,23000.0,68.0
120883,University of the Pacific,1401,"Engineering, General",,,,,
120883,University of the Pacific,1405,Biomedical/Medical Engineering,,33993.0,,26033.0,17.0
120883,University of the Pacific,1408,Civil Engineering,,68778.0,,27000.0,9.0
120883,University of the Pacific,1409,Computer Engineering,,74017.0,,,16.0
120883,University of the Pacific,1410,"Electrical, Electronics, and Communications Engineering",,,,,12.0
120883,University of the Pacific,1412,Engineering Physics,,,,,3.0
120883,University of the Pacific,1419,Mechanical Engineering,63400.0,52107.0,27.0,28596.0,17.0
121150,Pepperdine University,1110,Computer/Information Technology Administration and Management,,,,,
121257,Pitzer College,1107,Computer Science,,,,,10.0
121257,Pitzer College,1436,Manufacturing Engineering,,,,,0.0
121309,Point Loma Nazarene University,1101,"Computer and Information Sciences, General",,,,25000.0,31.0
121309,Point Loma Nazarene University,1107,Computer Science,,,,,17.0
121309,Point Loma Nazarene University,1401,"Engineering, General",,,,,3.0
121309,Point Loma Nazarene University,1409,Computer Engineering,,,,,
121309,Point Loma Nazarene University,1412,Engineering Physics,47652.0,,18.0,,5.0
121345,Pomona College,1107,Computer Science,110738.0,128737.0,20.0,,50.0
121345,Pomona College,1401,"Engineering, General",,,,,0.0
121691,University of Redlands,1101,"Computer and Information Sciences, General",,,,,20.0
122409,San Diego State University,1101,"Computer and Information Sciences, General",52355.0,51690.0,106.0,16375.0,
122409,San Diego State University,1104,Information Science/Studies,,,,,0.0
122409,San Diego State University,1107,Computer Science,62997.0,66318.0,113.0,16499.0,259.0
122409,San Diego State University,1402,"Aerospace, Aeronautical, and Astronautical/Space Engineering",61870.0,63005.0,63.0,23000.0,70.0
122409,San Diego State University,1405,Biomedical/Medical Engineering,,,,,0.0
122409,San Diego State University,1408,Civil Engineering,63495.0,62317.0,128.0,19832.0,227.0
122409,San Diego State University,1409,Computer Engineering,73334.0,70456.0,52.0,16248.0,116.0
122409,San Diego State University,1410,"Electrical, Electronics, and Communications Engineering",72385.0,69757.0,107.0,18165.0,106.0
122409,San Diego State University,1414,Environmental/Environmental Health Engineering,54240.0,35060.0,28.0,19089.0,38.0
122409,San Diego State University,1419,Mechanical Engineering,65965.0,65089.0,250.0,19994.0,244.0
122436,University of San Diego,1107,Computer Science,83862.0,,18.0,19719.0,29.0
122436,University of San Diego,1401,"Engineering, General",,,,,18.0
122436,University of San Diego,1410,"Electrical, Electronics, and Communications Engineering",72417.0,75706.0,18.0,29276.0,23.0
122436,University of San Diego,1419,Mechanical Engineering,67424.0,67324.0,56.0,26093.0,61.0
122436,University of San Diego,1435,Industrial Engineering,,,,,38.0
122597,San Francisco State University,1101,"Computer and Information Sciences, General",46126.0,48823.0,145.0,19716.0,
122597,San Francisco State University,1107,Computer Science,55088.0,68499.0,166.0,16500.0,293.0
122597,San Francisco State University,1408,Civil Engineering,65046.0,66592.0,47.0,18873.0,65.0
122597,San Francisco State University,1409,Computer Engineering,59604.0,69338.0,17.0,20148.0,38.0
122597,San Francisco State University,1410,"Electrical, Electronics, and Communications Engineering",58942.0,66171.0,51.0,16125.0,38.0
122597,San Francisco State University,1419,Mechanical Engineering,65759.0,61516.0,88.0,22047.0,75.0
122612,University of San Francisco,1101,"Computer and Information Sciences, General",,,,,1.0
122612,University of San Francisco,1103,Data Processing,,,,,7.0
122612,University of San Francisco,1107,Computer Science,79314.0,72796.0,40.0,22792.0,76.0
122612,University of San Francisco,1401,"Engineering, General",,,,,0.0
122728,William Jessup University,1107,Computer Science,,,,,3.0
122755,San Jose State University,1104,Information Science/Studies,,,,,
122755,San Jose State University,1107,Computer Science,69074.0,74953.0,94.0,,288.0
122755,San Jose State University,1401,"Engineering, General",,,,,4.0
122755,San Jose State University,1402,"Aerospace, Aeronautical, and Astronautical/Space Engineering",,68219.0,,,74.0
122755,San Jose State University,1405,Biomedical/Medical Engineering,,53358.0,,,74.0
122755,San Jose State University,1407,Chemical Engineering,59999.0,55512.0,28.0,,41.0
122755,San Jose State University,1408,Civil Engineering,70515.0,74845.0,55.0,,101.0
122755,San Jose State University,1409,Computer Engineering,81060.0,78074.0,72.0,,248.0
122755,San Jose State University,1410,"Electrical, Electronics, and Communications Engineering",74789.0,73720.0,56.0,,99.0
122755,San Jose State University,1418,Materials Engineering,,,,,15.0
122755,San Jose State University,1419,Mechanical Engineering,66133.0,63600.0,77.0,,166.0
122755,San Jose State University,1435,Industrial Engineering,65042.0,61020.0,27.0,,35.0
122931,Santa Clara University,1108,Computer Software and Media Applications,,,,,9.0
122931,Santa Clara University,1401,"Engineering, General",,,,,4.0
122931,Santa Clara University,1405,Biomedical/Medical Engineering,51460.0,64773.0,18.0,21390.0,21.0
122931,Santa Clara University,1408,Civil Engineering,,79473.0,,,20.0
122931,Santa Clara University,1409,Computer Engineering,83523.0,103449.0,55.0,24666.0,83.0
122931,Santa Clara University,1410,"Electrical, Electronics, and Communications Engineering",,,,,12.0
122931,Santa Clara University,1412,Engineering Physics,,,,,2.0
122931,Santa Clara University,1419,Mechanical Engineering,74547.0,74576.0,51.0,19500.0,52.0
123165,Scripps College,1107,Computer Science,,,,,7.0
123165,Scripps College,1401,"Engineering, General",,,,,0.0
123457,Simpson University,1401,"Engineering, General",,,,,
123554,Saint Mary's College of California,1107,Computer Science,,,,,
123554,Saint Mary's College of California,1401,"Engineering, General",,,,,2.0
123572,Sonoma State University,1107,Computer Science,62348.0,77715.0,52.0,20305.0,62.0
123572,Sonoma State University,1410,"Electrical, Electronics, and Communications Engineering",76907.0,54713.0,21.0,,25.0
123651,Vanguard University of Southern California,1101,"Computer and Information Sciences, General",,,,,0.0
123961,University of Southern California,1101,"Computer and Information Sciences, General",,,,,18.0
123961,University of Southern California,1107,Computer Science,104298.0,91986.0,117.0,20178.0,287.0
123961,University of Southern California,1108,Computer Software and Media Applications,72085.0,108649.0,30.0,23500.0,32.0
123961,University of Southern California,1401,"Engineering, General",,,,2750.0,
123961,University of Southern California,1402,"Aerospace, Aeronautical, and Astronautical/Space Engineering",78078.0,75832.0,25.0,21140.0,49.0
123961,University of Southern California,1405,Biomedical/Medical Engineering,53160.0,62012.0,42.0,14500.0,56.0
123961,University of Southern California,1407,Chemical Engineering,66458.0,60546.0,35.0,13000.0,36.0
123961,University of Southern California,1408,Civil Engineering,75576.0,74576.0,25.0,8125.0,34.0
123961,University of Southern California,1409,Computer Engineering,106621.0,90602.0,27.0,9500.0,45.0
123961,University of Southern California,1410,"Electrical, Electronics, and Communications Engineering",81661.0,80567.0,43.0,20500.0,18.0
123961,University of Southern California,1414,Environmental/Environmental Health Engineering,,,,,14.0
123961,University of Southern California,1419,Mechanical Engineering,74693.0,67420.0,83.0,17500.0,119.0
123961,University of Southern California,1435,Industrial Engineering,70709.0,78029.0,44.0,18250.0,57.0
123961,University of Southern California,1447,Electrical and Computer Engineering,,,,,27.0
125231,Walden University,1101,"Computer and Information Sciences, General",54093.0,57318.0,51.0,52459.0,28.0
125727,Westmont College,1101,"Computer and Information Sciences, General",,,,,11.0
125727,Westmont College,1401,"Engineering, General",,,,,0.0
125727,Westmont College,1412,Engineering Physics,,,,,1.0
125763,Whittier College,1412,Engineering Physics,,,,,1.0
125897,Woodbury University,1101,"Computer and Information Sciences, General",,,,,0.0
125897,Woodbury University,1108,Computer Software and Media Applications,,,,,0.0
126562,University of Colorado Denver/Anschutz Medical Campus,1101,"Computer and Information Sciences, General",68732.0,66355.0,33.0,21000.0,98.0
126562,University of Colorado Denver/Anschutz Medical Campus,1405,Biomedical/Medical Engineering,,,,29625.0,32.0
126562,University of Colorado Denver/Anschutz Medical Campus,1408,Civil Engineering,62699.0,58402.0,54.0,38460.0,48.0
126562,University of Colorado Denver/Anschutz Medical Campus,1410,"Electrical, Electronics, and Communications Engineering",70065.0,69338.0,41.0,34500.0,50.0
126562,University of Colorado Denver/Anschutz Medical Campus,1419,Mechanical Engineering,65913.0,64899.0,79.0,30907.0,64.0
126562,University of Colorado Denver/Anschutz Medical Campus,1433,Construction Engineering,,,,,1.0
126580,University of Colorado Colorado Springs,1107,Computer Science,67849.0,67240.0,48.0,26863.0,71.0
126580,University of Colorado Colorado Springs,1108,Computer Software and Media Applications,,,,26500.0,11.0
126580,University of Colorado Colorado Springs,1110,Computer/Information Technology Administration and Management,,,,,23.0
126580,University of Colorado Colorado Springs,1409,Computer Engineering,70819.0,,25.0,25075.0,11.0
126580,University of Colorado Colorado Springs,1410,"Electrical, Electronics, and Communications Engineering",68511.0,69338.0,34.0,25324.0,24.0
126580,University of Colorado Colorado Springs,1419,Mechanical Engineering,58567.0,56544.0,101.0,23250.0,80.0
126580,University of Colorado Colorado Springs,1427,Systems Engineering,,,,,6.0
126580,University of Colorado Colorado Springs,1499,"Engineering, Other",,,,,2.0
126614,University of Colorado Boulder,1104,Information Science/Studies,,,,,34.0
126614,University of Colorado Boulder,1107,Computer Science,69804.0,75921.0,186.0,19974.0,473.0
126614,University of Colorado Boulder,1401,"Engineering, General",,,,,34.0
126614,University of Colorado Boulder,1402,"Aerospace, Aeronautical, and Astronautical/Space Engineering",71135.0,71255.0,68.0,25039.0,199.0
126614,University of Colorado Boulder,1404,Architectural Engineering,63737.0,67324.0,17.0,15165.0,44.0
126614,University of Colorado Boulder,1405,Biomedical/Medical Engineering,,,,,
126614,University of Colorado Boulder,1407,Chemical Engineering,59177.0,65937.0,50.0,24500.0,47.0
126614,University of Colorado Boulder,1408,Civil Engineering,68046.0,57705.0,39.0,20500.0,81.0
126614,University of Colorado Boulder,1409,Computer Engineering,74023.0,75204.0,40.0,23000.0,
126614,University of Colorado Boulder,1410,"Electrical, Electronics, and Communications Engineering",68440.0,71957.0,24.0,20414.0,26.0
126614,University of Colorado Boulder,1412,Engineering Physics,,69338.0,,,18.0
126614,University of Colorado Boulder,1414,Environmental/Environmental Health Engineering,56674.0,54254.0,33.0,20836.0,66.0
126614,University of Colorado Boulder,1419,Mechanical Engineering,62457.0,61580.0,200.0,20500.0,235.0
126614,University of Colorado Boulder,1443,Biochemical Engineering,48106.0,64196.0,53.0,15000.0,72.0
126614,University of Colorado Boulder,1447,Electrical and Computer Engineering,,,,,69.0
126669,Colorado Christian University,1101,"Computer and Information Sciences, General",,,,35886.0,26.0
126669,Colorado Christian University,1107,Computer Science,,,,,0.0
126669,Colorado Christian University,1108,Computer Software and Media Applications,,,,,0.0
126669,Colorado Christian University,1110,Computer/Information Technology Administration and Management,,,,,0.0
126669,Colorado Christian University,1435,Industrial Engineering,,,,,4.0
126678,Colorado College,1101,"Computer and Information Sciences, General",,,,,20.0
126775,Colorado School of Mines,1107,Computer Science,72458.0,78971.0,79.0,23000.0,202.0
126775,Colorado School of Mines,1401,"Engineering, General",,65131.0,,,3.0
126775,Colorado School of Mines,1405,Biomedical/Medical Engineering,59753.0,66541.0,63.0,25000.0,0.0
126775,Colorado School of Mines,1407,Chemical Engineering,70029.0,64865.0,81.0,27000.0,155.0
126775,Colorado School of Mines,1408,Civil Engineering,65074.0,63666.0,46.0,25000.0,81.0
126775,Colorado School of Mines,1410,"Electrical, Electronics, and Communications Engineering",72556.0,70886.0,72.0,22000.0,93.0
126775,Colorado School of Mines,1412,Engineering Physics,43721.0,59124.0,28.0,21500.0,40.0
126775,Colorado School of Mines,1414,Environmental/Environmental Health Engineering,55990.0,50558.0,17.0,23500.0,31.0
126775,Colorado School of Mines,1419,Mechanical Engineering,67670.0,63463.0,275.0,25000.0,304.0
126775,Colorado School of Mines,1420,Metallurgical Engineering,68679.0,67420.0,36.0,26269.0,44.0
126775,Colorado School of Mines,1421,Mining and Mineral Engineering,71308.0,77715.0,19.0,25000.0,20.0
126775,Colorado School of Mines,1425,Petroleum Engineering,94022.0,77213.0,155.0,27000.0,86.0
126775,Colorado School of Mines,1439,Geological/Geophysical Engineering,60937.0,55770.0,42.0,27000.0,72.0
126775,Colorado School of Mines,1445,Biological/Biosystems Engineering,,,,,0.0
126775,Colorado School of Mines,1499,"Engineering, Other",,,,,0.0
126818,Colorado State University-Fort Collins,1101,"Computer and Information Sciences, General",72253.0,73070.0,125.0,23250.0,189.0
126818,Colorado State University-Fort Collins,1104,Information Science/Studies,61555.0,64990.0,37.0,25000.0,13.0
126818,Colorado State University-Fort Collins,1405,Biomedical/Medical Engineering,55849.0,67101.0,19.0,,63.0
126818,Colorado State University-Fort Collins,1407,Chemical Engineering,56279.0,53358.0,53.0,21240.0,75.0
126818,Colorado State University-Fort Collins,1408,Civil Engineering,61143.0,59253.0,60.0,25480.0,109.0
126818,Colorado State University-Fort Collins,1409,Computer Engineering,74379.0,75706.0,18.0,,21.0
126818,Colorado State University-Fort Collins,1410,"Electrical, Electronics, and Communications Engineering",68629.0,71778.0,37.0,25900.0,67.0
126818,Colorado State University-Fort Collins,1413,Engineering Science,,,,,9.0
126818,Colorado State University-Fort Collins,1414,Environmental/Environmental Health Engineering,53162.0,47118.0,30.0,27500.0,32.0
126818,Colorado State University-Fort Collins,1419,Mechanical Engineering,63141.0,65807.0,180.0,26184.0,179.0
126827,Colorado Technical University-Colorado Springs,1101,"Computer and Information Sciences, General",55374.0,57318.0,513.0,47241.0,234.0
126827,Colorado Technical University-Colorado Springs,1107,Computer Science,63665.0,63005.0,33.0,44014.0,199.0
126827,Colorado Technical University-Colorado Springs,1110,Computer/Information Technology Administration and Management,55277.0,74576.0,74.0,38513.0,78.0
126827,Colorado Technical University-Colorado Springs,1409,Computer Engineering,,,,,2.0
126827,Colorado Technical University-Colorado Springs,1410,"Electrical, Electronics, and Communications Engineering",,,,,7.0
127060,University of Denver,1101,"Computer and Information Sciences, General",,,,,5.0
127060,University of Denver,1103,Data Processing,,,,,
127060,University of Denver,1105,Computer Systems Analysis,,,,,8.0
127060,University of Denver,1107,Computer Science,64648.0,74576.0,37.0,22000.0,49.0
127060,University of Denver,1109,Computer Systems Networking and Telecommunications,,,,,
127060,University of Denver,1401,"Engineering, General",,,,,
127060,University of Denver,1409,Computer Engineering,,,,,9.0
127060,University of Denver,1410,"Electrical, Electronics, and Communications Engineering",,,,,10.0
127060,University of Denver,1419,Mechanical Engineering,62647.0,65905.0,33.0,26248.0,32.0
127185,Fort Lewis College,1110,Computer/Information Technology Administration and Management,,,,,7.0
127185,Fort Lewis College,1401,"Engineering, General",54481.0,54209.0,38.0,28450.0,29.0
127185,Fort Lewis College,1409,Computer Engineering,,,,,7.0
127556,Colorado Mesa University,1101,"Computer and Information Sciences, General",51946.0,47260.0,25.0,25000.0,45.0
127565,Metropolitan State University of Denver,1107,Computer Science,68483.0,72790.0,71.0,22736.0,70.0
127565,Metropolitan State University of Denver,1110,Computer/Information Technology Administration and Management,,,,,40.0
127565,Metropolitan State University of Denver,1409,Computer Engineering,,,,,4.0
127565,Metropolitan State University of Denver,1414,Environmental/Environmental Health Engineering,,,,,2.0
127565,Metropolitan State University of Denver,1427,Systems Engineering,,,,,1.0
127741,University of Northern Colorado,1107,Computer Science,,,,,
127741,University of Northern Colorado,1409,Computer Engineering,56562.0,,21.0,,18.0
127884,Pueblo Community College,1110,Computer/Information Technology Administration and Management,,,,,
127909,Red Rocks Community College,1110,Computer/Information Technology Administration and Management,,,,,1.0
127918,Regis University,1101,"Computer and Information Sciences, General",,,,,9.0
127918,Regis University,1107,Computer Science,72850.0,74200.0,45.0,30389.0,36.0
127918,Regis University,1110,Computer/Information Technology Administration and Management,,,,,1.0
127945,Rocky Mountain College of Art and Design,1108,Computer Software and Media Applications,40227.0,35274.0,53.0,44806.0,41.0
128106,Colorado State University Pueblo,1104,Information Science/Studies,47971.0,43957.0,37.0,23800.0,27.0
128106,Colorado State University Pueblo,1435,Industrial Engineering,,,,,3.0
128106,Colorado State University Pueblo,1499,"Engineering, Other",59886.0,61303.0,21.0,31000.0,4.0
128328,United States Air Force Academy,1107,Computer Science,,,,,85.0
128328,United States Air Force Academy,1110,Computer/Information Technology Administration and Management,,,,,17.0
128328,United States Air Force Academy,1401,"Engineering, General",,,,,0.0
128328,United States Air Force Academy,1402,"Aerospace, Aeronautical, and Astronautical/Space Engineering",,,,,96.0
128328,United States Air Force Academy,1408,Civil Engineering,,,,,48.0
128328,United States Air Force Academy,1409,Computer Engineering,,,,,32.0
128328,United States Air Force Academy,1410,"Electrical, Electronics, and Communications Engineering",,,,,0.0
128328,United States Air Force Academy,1419,Mechanical Engineering,,,,,31.0
128328,United States Air Force Academy,1427,Systems Engineering,,,,,35.0
128328,United States Air Force Academy,1437,Operations Research,,,,,60.0
128328,United States Air Force Academy,1444,Engineering Chemistry,,,,,0.0
128328,United States Air Force Academy,1447,Electrical and Computer Engineering,,,,,37.0
128391,Western Colorado University,1101,"Computer and Information Sciences, General",,,,,15.0
128391,Western Colorado University,1102,Computer Programming,,54435.0,,,
128744,University of Bridgeport,1107,Computer Science,,,,,9.0
128744,University of Bridgeport,1409,Computer Engineering,,,,,7.0
128744,University of Bridgeport,1410,"Electrical, Electronics, and Communications Engineering",,,,,11.0
128744,University of Bridgeport,1419,Mechanical Engineering,,,,,17.0
128771,Central Connecticut State University,1101,"Computer and Information Sciences, General",59268.0,68422.0,59.0,19415.0,65.0
128771,Central Connecticut State University,1108,Computer Software and Media Applications,,,,,8.0
128771,Central Connecticut State University,1110,Computer/Information Technology Administration and Management,61560.0,48823.0,29.0,26000.0,34.0
128771,Central Connecticut State University,1408,Civil Engineering,61480.0,64990.0,26.0,31000.0,14.0
128771,Central Connecticut State University,1410,"Electrical, Electronics, and Communications Engineering",,,,,0.0
128771,Central Connecticut State University,1419,Mechanical Engineering,68873.0,69617.0,68.0,22534.0,57.0
128780,Charter Oak State College,1110,Computer/Information Technology Administration and Management,,,,,
128902,Connecticut College,1107,Computer Science,75808.0,,20.0,26352.0,27.0
128902,Connecticut College,1414,Environmental/Environmental Health Engineering,,,,,0.0
129020,University of Connecticut,1101,"Computer and Information Sciences, General",65730.0,67846.0,33.0,19591.0,74.0
129020,University of Connecticut,1107,Computer Science,71033.0,79473.0,73.0,25000.0,108.0
129020,University of Connecticut,1401,"Engineering, General",,,,,0.0
129020,University of Connecticut,1405,Biomedical/Medical Engineering,62219.0,58866.0,85.0,26974.0,74.0
129020,University of Connecticut,1407,Chemical Engineering,62568.0,66989.0,83.0,25898.0,65.0
129020,University of Connecticut,1408,Civil Engineering,62972.0,67061.0,96.0,23825.0,75.0
129020,University of Connecticut,1409,Computer Engineering,71802.0,74262.0,128.0,20108.0,84.0
129020,University of Connecticut,1410,"Electrical, Electronics, and Communications Engineering",72181.0,70917.0,78.0,27000.0,79.0
129020,University of Connecticut,1412,Engineering Physics,,,,,8.0
129020,University of Connecticut,1414,Environmental/Environmental Health Engineering,58517.0,58221.0,25.0,21738.0,33.0
129020,University of Connecticut,1418,Materials Engineering,69167.0,61303.0,40.0,27000.0,24.0
129020,University of Connecticut,1419,Mechanical Engineering,68876.0,69013.0,172.0,23000.0,173.0
129020,University of Connecticut,1435,Industrial Engineering,72315.0,82440.0,24.0,24889.0,47.0
129215,Eastern Connecticut State University,1101,"Computer and Information Sciences, General",60288.0,58479.0,54.0,25839.0,29.0
129215,Eastern Connecticut State University,1104,Information Science/Studies,55410.0,53984.0,32.0,19137.0,
129242,Fairfield University,1101,"Computer and Information Sciences, General",,,,,32.0
129242,Fairfield University,1405,Biomedical/Medical Engineering,,,,,11.0
129242,Fairfield University,1409,Computer Engineering,,,,,0.0
129242,Fairfield University,1410,"Electrical, Electronics, and Communications Engineering",,,,,16.0
129242,Fairfield University,1419,Mechanical Engineering,66682.0,68666.0,22.0,26876.0,26.0
129242,Fairfield University,1436,Manufacturing Engineering,,,,,0.0
129525,University of Hartford,1101,"Computer and Information Sciences, General",,,,27000.0,16.0
129525,University of Hartford,1108,Computer Software and Media Applications,,,,,20.0
129525,University of Hartford,1401,"Engineering, General",57391.0,57318.0,19.0,27000.0,9.0
129525,University of Hartford,1402,"Aerospace, Aeronautical, and Astronautical/Space Engineering",,,,,0.0
129525,University of Hartford,1405,Biomedical/Medical Engineering,,,,,11.0
129525,University of Hartford,1408,Civil Engineering,61308.0,55964.0,26.0,25532.0,22.0
129525,University of Hartford,1409,Computer Engineering,,,,,14.0
129525,University of Hartford,1410,"Electrical, Electronics, and Communications Engineering",69149.0,,16.0,26000.0,14.0
129525,University of Hartford,1414,Environmental/Environmental Health Engineering,,,,,0.0
129525,University of Hartford,1419,Mechanical Engineering,69655.0,65615.0,39.0,27000.0,42.0
129525,University of Hartford,1442,"Mechatronics, Robotics, and Automation Engineering",,,,,0.0
129525,University of Hartford,1499,"Engineering, Other",,,,,1.0
129941,University of New Haven,1101,"Computer and Information Sciences, General",,,,,26.0
129941,University of New Haven,1104,Information Science/Studies,,,,,0.0
129941,University of New Haven,1107,Computer Science,,,,,
129941,University of New Haven,1110,Computer/Information Technology Administration and Management,,,,,
129941,University of New Haven,1401,"Engineering, General",,,,,1.0
129941,University of New Haven,1407,Chemical Engineering,50336.0,,19.0,27000.0,9.0
129941,University of New Haven,1408,Civil Engineering,,65486.0,,27000.0,17.0
129941,University of New Haven,1409,Computer Engineering,,,,,8.0
129941,University of New Haven,1410,"Electrical, Electronics, and Communications Engineering",68229.0,67995.0,17.0,,12.0
129941,University of New Haven,1419,Mechanical Engineering,66737.0,63997.0,48.0,27000.0,32.0
129941,University of New Haven,1435,Industrial Engineering,,,,,5.0
129941,University of New Haven,1447,Electrical and Computer Engineering,,,,,
130183,Post University,1101,"Computer and Information Sciences, General",,,,,38.0
130226,Quinnipiac University,1104,Information Science/Studies,59340.0,57995.0,37.0,,
130226,Quinnipiac University,1105,Computer Systems Analysis,,,,,40.0
130226,Quinnipiac University,1107,Computer Science,,,,,15.0
130226,Quinnipiac University,1108,Computer Software and Media Applications,,48432.0,,,
130226,Quinnipiac University,1408,Civil Engineering,,,,27000.0,13.0
130226,Quinnipiac University,1409,Computer Engineering,,,,,6.0
130226,Quinnipiac University,1419,Mechanical Engineering,,,,27000.0,27.0
130226,Quinnipiac University,1435,Industrial Engineering,,,,,7.0
130253,Sacred Heart University,1101,"Computer and Information Sciences, General",54521.0,61516.0,30.0,26908.0,26.0
130253,Sacred Heart University,1409,Computer Engineering,,,,,4.0
130253,Sacred Heart University,1410,"Electrical, Electronics, and Communications Engineering",,,,,2.0
130314,University of Saint Joseph,1107,Computer Science,,,,,2.0
130493,Southern Connecticut State University,1101,"Computer and Information Sciences, General",62930.0,58221.0,40.0,28500.0,49.0
130590,Trinity College,1101,"Computer and Information Sciences, General",,,,,17.0
130590,Trinity College,1199,"Computer and Information Sciences and Support Services, Other",,,,,3.0
130590,Trinity College,1401,"Engineering, General",68750.0,,23.0,,29.0
130590,Trinity College,1405,Biomedical/Medical Engineering,,,,,0.0
130590,Trinity College,1409,Computer Engineering,,,,,0.0
130590,Trinity College,1410,"Electrical, Electronics, and Communications Engineering",,,,,0.0
130624,United States Coast Guard Academy,1110,Computer/Information Technology Administration and Management,,,,,21.0
130624,United States Coast Guard Academy,1408,Civil Engineering,,,,,22.0
130624,United States Coast Guard Academy,1410,"Electrical, Electronics, and Communications Engineering",,,,,17.0
130624,United States Coast Guard Academy,1419,Mechanical Engineering,,,,,27.0
130624,United States Coast Guard Academy,1422,Naval Architecture and Marine Engineering,,,,,25.0
130624,United States Coast Guard Academy,1437,Operations Research,,,,,23.0
130697,Wesleyan University,1107,Computer Science,,,,,54.0
130697,Wesleyan University,1499,"Engineering, Other",,,,,
130776,Western Connecticut State University,1101,"Computer and Information Sciences, General",61513.0,57318.0,19.0,24125.0,8.0
130776,Western Connecticut State University,1102,Computer Programming,,,,,2.0
130794,Yale University,1101,"Computer and Information Sciences, General",133998.0,122038.0,24.0,12750.0,121.0
130794,Yale University,1102,Computer Programming,,,,,9.0
130794,Yale University,1405,Biomedical/Medical Engineering,,,,,25.0
130794,Yale University,1407,Chemical Engineering,,,,,10.0
130794,Yale University,1410,"Electrical, Electronics, and Communications Engineering",,,,,5.0
130794,Yale University,1412,Engineering Physics,,,,,3.0
130794,Yale University,1413,Engineering Science,,,,,16.0
130794,Yale University,1414,Environmental/Environmental Health Engineering,,,,,12.0
130794,Yale University,1419,Mechanical Engineering,,,,,16.0
130934,Delaware State University,1107,Computer Science,74448.0,,20.0,,23.0
130934,Delaware State University,1412,Engineering Physics,,,,31000.0,8.0
130943,University of Delaware,1101,"Computer and Information Sciences, General",70538.0,70176.0,91.0,25334.0,150.0
130943,University of Delaware,1110,Computer/Information Technology Administration and Management,,,,,0.0
130943,University of Delaware,1405,Biomedical/Medical Engineering,55689.0,56415.0,63.0,25990.0,72.0
130943,University of Delaware,1407,Chemical Engineering,70693.0,66401.0,89.0,26058.0,94.0
130943,University of Delaware,1408,Civil Engineering,60973.0,60523.0,116.0,25500.0,53.0
130943,University of Delaware,1409,Computer Engineering,77168.0,,20.0,26679.0,22.0
130943,University of Delaware,1410,"Electrical, Electronics, and Communications Engineering",65214.0,63005.0,52.0,26072.0,32.0
130943,University of Delaware,1414,Environmental/Environmental Health Engineering,55640.0,55512.0,28.0,26950.0,17.0
130943,University of Delaware,1419,Mechanical Engineering,64605.0,62632.0,150.0,25962.0,142.0
130943,University of Delaware,1433,Construction Engineering,,,,,18.0
130989,Goldey-Beacom College,1101,"Computer and Information Sciences, General",,,,,
130989,Goldey-Beacom College,1110,Computer/Information Technology Administration and Management,,,,,
131113,Wilmington University,1101,"Computer and Information Sciences, General",,,,,15.0
131113,Wilmington University,1102,Computer Programming,,,,,18.0
131113,Wilmington University,1107,Computer Science,,,,,101.0
131113,Wilmington University,1108,Computer Software and Media Applications,35951.0,30771.0,53.0,22000.0,26.0
131113,Wilmington University,1110,Computer/Information Technology Administration and Management,51857.0,52607.0,76.0,25250.0,156.0
131159,American University,1107,Computer Science,73918.0,73635.0,27.0,,24.0
131283,The Catholic University of America,1101,"Computer and Information Sciences, General",,,,,3.0
131283,The Catholic University of America,1107,Computer Science,,,,,10.0
131283,The Catholic University of America,1405,Biomedical/Medical Engineering,53024.0,71015.0,19.0,,14.0
131283,The Catholic University of America,1408,Civil Engineering,67219.0,67101.0,30.0,24750.0,19.0
131283,The Catholic University of America,1409,Computer Engineering,,,,,0.0
131283,The Catholic University of America,1410,"Electrical, Electronics, and Communications Engineering",,71015.0,,,6.0
131283,The Catholic University of America,1419,Mechanical Engineering,66697.0,63377.0,36.0,27000.0,40.0
131399,University of the District of Columbia,1101,"Computer and Information Sciences, General",,43575.0,,,14.0
131399,University of the District of Columbia,1107,Computer Science,,,,29000.0,31.0
131399,University of the District of Columbia,1405,Biomedical/Medical Engineering,,,,,1.0
131399,University of the District of Columbia,1408,Civil Engineering,,,,,15.0
131399,University of the District of Columbia,1419,Mechanical Engineering,,,,,13.0
131450,Gallaudet University,1101,"Computer and Information Sciences, General",,,,,9.0
131469,George Washington University,1101,"Computer and Information Sciences, General",56768.0,73949.0,23.0,24500.0,28.0
131469,George Washington University,1104,Information Science/Studies,67132.0,,16.0,,22.0
131469,George Washington University,1107,Computer Science,75984.0,73446.0,43.0,19500.0,71.0
131469,George Washington University,1108,Computer Software and Media Applications,,,,,
131469,George Washington University,1110,Computer/Information Technology Administration and Management,74168.0,,18.0,18143.0,35.0
131469,George Washington University,1401,"Engineering, General",,,,,1.0
131469,George Washington University,1405,Biomedical/Medical Engineering,69299.0,69338.0,33.0,23000.0,35.0
131469,George Washington University,1408,Civil Engineering,,74307.0,,,22.0
131469,George Washington University,1409,Computer Engineering,,,,,4.0
131469,George Washington University,1410,"Electrical, Electronics, and Communications Engineering",,,,,12.0
131469,George Washington University,1419,Mechanical Engineering,66737.0,64990.0,32.0,21500.0,50.0
131469,George Washington University,1427,Systems Engineering,68609.0,74576.0,27.0,,22.0
131496,Georgetown University,1107,Computer Science,93493.0,88639.0,26.0,16007.0,46.0
131520,Howard University,1105,Computer Systems Analysis,,82440.0,,,
131520,Howard University,1107,Computer Science,,,,,48.0
131520,Howard University,1407,Chemical Engineering,,84653.0,,,21.0
131520,Howard University,1408,Civil Engineering,,50856.0,,,14.0
131520,Howard University,1409,Computer Engineering,,,,,7.0
131520,Howard University,1410,"Electrical, Electronics, and Communications Engineering",,80041.0,,,4.0
131520,Howard University,1419,Mechanical Engineering,,52107.0,,,23.0
131803,Strayer University-District of Columbia,1101,"Computer and Information Sciences, General",59686.0,61144.0,298.0,50737.0,17.0
131803,Strayer University-District of Columbia,1104,Information Science/Studies,66456.0,65355.0,270.0,53250.0,2.0
131803,Strayer University-District of Columbia,1110,Computer/Information Technology Administration and Management,,,,,0.0
132471,Barry University,1101,"Computer and Information Sciences, General",43667.0,48041.0,33.0,26420.0,20.0
132471,Barry University,1104,Information Science/Studies,,,,,0.0
132471,Barry University,1107,Computer Science,,,,,6.0
132602,Bethune-Cookman University,1104,Information Science/Studies,,,,,18.0
132602,Bethune-Cookman University,1107,Computer Science,,,,,0.0
132602,Bethune-Cookman University,1409,Computer Engineering,,,,,2.0
132693,Eastern Florida State College,1104,Information Science/Studies,,,,27007.0,114.0
132709,Broward College,1101,"Computer and Information Sciences, General",35652.0,44356.0,19.0,13848.0,132.0
132709,Broward College,1110,Computer/Information Technology Administration and Management,,,,,35.0
132903,University of Central Florida,1101,"Computer and Information Sciences, General",57767.0,56867.0,294.0,22751.0,765.0
132903,University of Central Florida,1402,"Aerospace, Aeronautical, and Astronautical/Space Engineering",63377.0,59485.0,61.0,27875.0,204.0
132903,University of Central Florida,1408,Civil Engineering,60872.0,58092.0,91.0,21374.0,155.0
132903,University of Central Florida,1409,Computer Engineering,71357.0,63749.0,88.0,23000.0,192.0
132903,University of Central Florida,1410,"Electrical, Electronics, and Communications Engineering",67266.0,63817.0,132.0,26880.0,187.0
132903,University of Central Florida,1414,Environmental/Environmental Health Engineering,55873.0,53358.0,17.0,24596.0,35.0
132903,University of Central Florida,1418,Materials Engineering,,,,,6.0
132903,University of Central Florida,1419,Mechanical Engineering,64142.0,61516.0,204.0,22025.0,455.0
132903,University of Central Florida,1435,Industrial Engineering,65314.0,55964.0,59.0,26273.0,131.0
133386,Daytona State College,1101,"Computer and Information Sciences, General",46154.0,48432.0,29.0,25403.0,24.0
133386,Daytona State College,1401,"Engineering, General",,,,,41.0
133492,Eckerd College,1107,Computer Science,,47260.0,,,4.0
133492,Eckerd College,1108,Computer Software and Media Applications,,,,,0.0
133492,Eckerd College,1407,Chemical Engineering,,,,,0.0
133492,Eckerd College,1412,Engineering Physics,,,,,0.0
133508,Florida SouthWestern State College,1101,"Computer and Information Sciences, General",,,,,0.0
133553,Embry-Riddle Aeronautical University-Daytona Beach,1107,Computer Science,,,,,16.0
133553,Embry-Riddle Aeronautical University-Daytona Beach,1402,"Aerospace, Aeronautical, and Astronautical/Space Engineering",64540.0,65080.0,280.0,26995.0,242.0
133553,Embry-Riddle Aeronautical University-Daytona Beach,1408,Civil Engineering,,,,,16.0
133553,Embry-Riddle Aeronautical University-Daytona Beach,1409,Computer Engineering,70001.0,62012.0,28.0,26146.0,31.0
133553,Embry-Riddle Aeronautical University-Daytona Beach,1410,"Electrical, Electronics, and Communications Engineering",,61020.0,,25000.0,13.0
133553,Embry-Riddle Aeronautical University-Daytona Beach,1412,Engineering Physics,58469.0,,17.0,23667.0,22.0
133553,Embry-Riddle Aeronautical University-Daytona Beach,1419,Mechanical Engineering,67674.0,55964.0,90.0,27000.0,76.0
133650,Florida Agricultural and Mechanical University,1101,"Computer and Information Sciences, General",44824.0,53608.0,36.0,24500.0,24.0
133650,Florida Agricultural and Mechanical University,1403,Agricultural Engineering,,,,,3.0
133650,Florida Agricultural and Mechanical University,1405,Biomedical/Medical Engineering,,,,,2.0
133650,Florida Agricultural and Mechanical University,1407,Chemical Engineering,,,,,2.0
133650,Florida Agricultural and Mechanical University,1408,Civil Engineering,,,,,5.0
133650,Florida Agricultural and Mechanical University,1409,Computer Engineering,,,,,2.0
133650,Florida Agricultural and Mechanical University,1410,"Electrical, Electronics, and Communications Engineering",,,,,5.0
133650,Florida Agricultural and Mechanical University,1419,Mechanical Engineering,,,,,7.0
133650,Florida Agricultural and Mechanical University,1435,Industrial Engineering,,,,,4.0
133669,Florida Atlantic University,1101,"Computer and Information Sciences, General",53717.0,51794.0,144.0,18337.0,172.0
133669,Florida Atlantic University,1408,Civil Engineering,56133.0,54252.0,71.0,23866.0,60.0
133669,Florida Atlantic University,1409,Computer Engineering,58039.0,58221.0,24.0,26750.0,66.0
133669,Florida Atlantic University,1410,"Electrical, Electronics, and Communications Engineering",61298.0,63600.0,47.0,22250.0,42.0
133669,Florida Atlantic University,1414,Environmental/Environmental Health Engineering,,,,,12.0
133669,Florida Atlantic University,1419,Mechanical Engineering,60965.0,63463.0,84.0,22025.0,81.0
133669,Florida Atlantic University,1424,Ocean Engineering,61746.0,63377.0,35.0,29000.0,20.0
133669,Florida Atlantic University,1438,Surveying Engineering,,,,,34.0
133702,Florida State College at Jacksonville,1109,Computer Systems Networking and Telecommunications,52977.0,45305.0,25.0,18576.0,31.0
133702,Florida State College at Jacksonville,1110,Computer/Information Technology Administration and Management,,42682.0,,31737.0,41.0
133881,Florida Institute of Technology,1104,Information Science/Studies,58395.0,67660.0,43.0,54375.0,
133881,Florida Institute of Technology,1107,Computer Science,67475.0,67324.0,22.0,27000.0,44.0
133881,Florida Institute of Technology,1402,"Aerospace, Aeronautical, and Astronautical/Space Engineering",59501.0,60623.0,45.0,26982.0,90.0
133881,Florida Institute of Technology,1405,Biomedical/Medical Engineering,,,,27000.0,25.0
133881,Florida Institute of Technology,1407,Chemical Engineering,,57318.0,,27000.0,19.0
133881,Florida Institute of Technology,1408,Civil Engineering,61965.0,49019.0,20.0,23000.0,18.0
133881,Florida Institute of Technology,1409,Computer Engineering,66682.0,65486.0,29.0,25125.0,41.0
133881,Florida Institute of Technology,1410,"Electrical, Electronics, and Communications Engineering",67184.0,69338.0,23.0,,23.0
133881,Florida Institute of Technology,1419,Mechanical Engineering,64264.0,65557.0,48.0,27000.0,80.0
133881,Florida Institute of Technology,1424,Ocean Engineering,60121.0,,18.0,27000.0,35.0
133951,Florida International University,1101,"Computer and Information Sciences, General",54816.0,58077.0,381.0,19999.0,665.0
133951,Florida International University,1110,Computer/Information Technology Administration and Management,,,,,2.0
133951,Florida International University,1401,"Engineering, General",,,,,3.0
133951,Florida International University,1405,Biomedical/Medical Engineering,53573.0,56776.0,82.0,22801.0,82.0
133951,Florida International University,1408,Civil Engineering,58454.0,59485.0,90.0,21250.0,157.0
133951,Florida International University,1409,Computer Engineering,64376.0,72274.0,96.0,18948.0,121.0
133951,Florida International University,1410,"Electrical, Electronics, and Communications Engineering",69120.0,66653.0,117.0,19600.0,221.0
133951,Florida International University,1414,Environmental/Environmental Health Engineering,,,,,24.0
133951,Florida International University,1419,Mechanical Engineering,65392.0,66897.0,129.0,19750.0,180.0
133951,Florida International University,1499,"Engineering, Other",,,,,
133979,Florida Memorial University,1101,"Computer and Information Sciences, General",,,,,
133979,Florida Memorial University,1104,Information Science/Studies,,,,,6.0
133979,Florida Memorial University,1107,Computer Science,,,,,8.0
133979,Florida Memorial University,1110,Computer/Information Technology Administration and Management,,,,,9.0
134079,Florida Southern College,1107,Computer Science,,59846.0,,,26.0
134097,Florida State University,1101,"Computer and Information Sciences, General",54221.0,54252.0,407.0,20250.0,367.0
134097,Florida State University,1405,Biomedical/Medical Engineering,,,,,40.0
134097,Florida State University,1407,Chemical Engineering,66610.0,68305.0,72.0,25250.0,52.0
134097,Florida State University,1408,Civil Engineering,56990.0,58568.0,94.0,23199.0,103.0
134097,Florida State University,1409,Computer Engineering,62442.0,71015.0,32.0,23346.0,34.0
134097,Florida State University,1410,"Electrical, Electronics, and Communications Engineering",69881.0,68918.0,62.0,15750.0,35.0
134097,Florida State University,1419,Mechanical Engineering,62158.0,61303.0,110.0,24085.0,94.0
134097,Florida State University,1435,Industrial Engineering,65561.0,71643.0,35.0,20000.0,33.0
134130,University of Florida,1101,"Computer and Information Sciences, General",76677.0,79037.0,169.0,16000.0,338.0
134130,University of Florida,1402,"Aerospace, Aeronautical, and Astronautical/Space Engineering",66726.0,68965.0,86.0,19573.0,123.0
134130,University of Florida,1403,Agricultural Engineering,,46478.0,,,0.0
134130,University of Florida,1405,Biomedical/Medical Engineering,,,,20253.0,105.0
134130,University of Florida,1407,Chemical Engineering,72850.0,73145.0,125.0,20050.0,106.0
134130,University of Florida,1408,Civil Engineering,62005.0,64642.0,134.0,20121.0,128.0
134130,University of Florida,1409,Computer Engineering,76743.0,77715.0,90.0,22562.0,118.0
134130,University of Florida,1410,"Electrical, Electronics, and Communications Engineering",72430.0,75405.0,135.0,21544.0,121.0
134130,University of Florida,1414,Environmental/Environmental Health Engineering,56025.0,48823.0,50.0,23000.0,46.0
134130,University of Florida,1418,Materials Engineering,70098.0,67660.0,33.0,,53.0
134130,University of Florida,1419,Mechanical Engineering,67197.0,67427.0,344.0,18131.0,309.0
134130,University of Florida,1423,Nuclear Engineering,,59124.0,,,12.0
134130,University of Florida,1427,Systems Engineering,75217.0,74279.0,139.0,19250.0,123.0
134130,University of Florida,1445,Biological/Biosystems Engineering,,46087.0,,,17.0
134237,Full Sail University,1101,"Computer and Information Sciences, General",53833.0,,16.0,24252.0,8.0
134237,Full Sail University,1102,Computer Programming,49514.0,55042.0,140.0,37372.0,12.0
134237,Full Sail University,1107,Computer Science,48227.0,,75.0,19875.0,49.0
134237,Full Sail University,1108,Computer Software and Media Applications,30956.0,34963.0,164.0,,
134237,Full Sail University,1110,Computer/Information Technology Administration and Management,53068.0,,18.0,43043.0,33.0
134237,Full Sail University,1409,Computer Engineering,55124.0,,17.0,20500.0,28.0
134343,Gulf Coast State College,1110,Computer/Information Technology Administration and Management,,,,,7.0
134608,Indian River State College,1101,"Computer and Information Sciences, General",41436.0,31133.0,50.0,7250.0,61.0
134811,AI Miami International University of Art and Design,1108,Computer Software and Media Applications,35712.0,39009.0,115.0,38081.0,13.0
134945,Jacksonville University,1101,"Computer and Information Sciences, General",46320.0,,16.0,,7.0
134945,Jacksonville University,1102,Computer Programming,,,,,2.0
134945,Jacksonville University,1104,Information Science/Studies,,,,,1.0
134945,Jacksonville University,1110,Computer/Information Technology Administration and Management,,,,,0.0
134945,Jacksonville University,1410,"Electrical, Electronics, and Communications Engineering",,,,,4.0
134945,Jacksonville University,1412,Engineering Physics,,,,,0.0
134945,Jacksonville University,1419,Mechanical Engineering,,,,,14.0
135081,Keiser University-Ft Lauderdale,1101,"Computer and Information Sciences, General",43382.0,48432.0,17.0,,7.0
135081,Keiser University-Ft Lauderdale,1109,Computer Systems Networking and Telecommunications,40839.0,29685.0,23.0,43280.0,24.0
135081,Keiser University-Ft Lauderdale,1409,Computer Engineering,,49683.0,,48442.0,21.0
135391,State College of Florida-Manatee-Sarasota,1110,Computer/Information Technology Administration and Management,,,,,0.0
135717,Miami Dade College,1101,"Computer and Information Sciences, General",39976.0,,62.0,11195.0,97.0
135717,Miami Dade College,1110,Computer/Information Technology Administration and Management,,,,,8.0
135726,University of Miami,1107,Computer Science,67514.0,78343.0,26.0,18830.0,83.0
135726,University of Miami,1108,Computer Software and Media Applications,,,,,1.0
135726,University of Miami,1110,Computer/Information Technology Administration and Management,56640.0,,22.0,12250.0,43.0
135726,University of Miami,1402,"Aerospace, Aeronautical, and Astronautical/Space Engineering",,71015.0,,,11.0
135726,University of Miami,1404,Architectural Engineering,,,,,15.0
135726,University of Miami,1405,Biomedical/Medical Engineering,48570.0,53358.0,32.0,18425.0,62.0
135726,University of Miami,1408,Civil Engineering,,,,,11.0
135726,University of Miami,1409,Computer Engineering,,,,,22.0
135726,University of Miami,1410,"Electrical, Electronics, and Communications Engineering",,57318.0,,,33.0
135726,University of Miami,1414,Environmental/Environmental Health Engineering,,,,,8.0
135726,University of Miami,1419,Mechanical Engineering,51220.0,72796.0,25.0,19000.0,35.0
135726,University of Miami,1435,Industrial Engineering,58892.0,65238.0,33.0,15110.0,45.0
136172,University of North Florida,1101,"Computer and Information Sciences, General",54256.0,56415.0,157.0,20500.0,105.0
136172,University of North Florida,1104,Information Science/Studies,,,,,13.0
136172,University of North Florida,1107,Computer Science,,,,,52.0
136172,University of North Florida,1408,Civil Engineering,57057.0,58673.0,27.0,23622.0,62.0
136172,University of North Florida,1410,"Electrical, Electronics, and Communications Engineering",63518.0,66897.0,27.0,17601.0,37.0
136172,University of North Florida,1419,Mechanical Engineering,62435.0,61516.0,73.0,18039.0,67.0
136215,Nova Southeastern University,1101,"Computer and Information Sciences, General",,,,,7.0
136215,Nova Southeastern University,1107,Computer Science,,,,,19.0
136215,Nova Southeastern University,1401,"Engineering, General",,,,,11.0
136215,Nova Southeastern University,1409,Computer Engineering,,,,,1.0
136330,Palm Beach Atlantic University,1101,"Computer and Information Sciences, General",,,,,
136330,Palm Beach Atlantic University,1107,Computer Science,,,,,8.0
136330,Palm Beach Atlantic University,1401,"Engineering, General",,,,,
136358,Palm Beach State College,1110,Computer/Information Technology Administration and Management,47528.0,51273.0,60.0,13189.0,53.0
136473,Pensacola State College,1101,"Computer and Information Sciences, General",,,,,
136473,Pensacola State College,1110,Computer/Information Technology Administration and Management,,,,,47.0
136950,Rollins College,1101,"Computer and Information Sciences, General",,,,27000.0,22.0
136950,Rollins College,1401,"Engineering, General",,,,,1.0
137032,Saint Leo University,1101,"Computer and Information Sciences, General",52497.0,55770.0,96.0,39166.0,29.0
137032,Saint Leo University,1107,Computer Science,38743.0,,22.0,25972.0,34.0
137032,Saint Leo University,1110,Computer/Information Technology Administration and Management,32074.0,,23.0,27000.0,51.0
137032,Saint Leo University,1409,Computer Engineering,,,,,1.0
137078,St Petersburg College,1110,Computer/Information Technology Administration and Management,48790.0,43128.0,99.0,32116.0,136.0
137096,Santa Fe College,1101,"Computer and Information Sciences, General",,,,,11.0
137209,Seminole State College of Florida,1101,"Computer and Information Sciences, General",45723.0,52663.0,126.0,19391.0,110.0
137351,University of South Florida,1101,"Computer and Information Sciences, General",57974.0,56847.0,342.0,24489.0,411.0
137351,University of South Florida,1104,Information Science/Studies,,,,,55.0
137351,University of South Florida,1110,Computer/Information Technology Administration and Management,,,,,14.0
137351,University of South Florida,1405,Biomedical/Medical Engineering,,,,,8.0
137351,University of South Florida,1407,Chemical Engineering,61216.0,58898.0,110.0,24500.0,111.0
137351,University of South Florida,1408,Civil Engineering,60064.0,55964.0,103.0,23000.0,85.0
137351,University of South Florida,1409,Computer Engineering,68306.0,68727.0,55.0,27250.0,52.0
137351,University of South Florida,1410,"Electrical, Electronics, and Communications Engineering",69696.0,67772.0,85.0,24000.0,95.0
137351,University of South Florida,1414,Environmental/Environmental Health Engineering,,,,,
137351,University of South Florida,1419,Mechanical Engineering,59447.0,60025.0,182.0,23783.0,223.0
137351,University of South Florida,1435,Industrial Engineering,64651.0,57318.0,59.0,24633.0,55.0
137476,St. Thomas University,1107,Computer Science,,,,,4.0
137546,Stetson University,1101,"Computer and Information Sciences, General",,,,,7.0
137546,Stetson University,1107,Computer Science,,,,,7.0
137546,Stetson University,1110,Computer/Information Technology Administration and Management,,,,,4.0
137801,Altierus Career College-Tampa,1101,"Computer and Information Sciences, General",29775.0,28960.0,21.0,,
137847,The University of Tampa,1101,"Computer and Information Sciences, General",,,,,18.0
137847,The University of Tampa,1110,Computer/Information Technology Administration and Management,,,,26532.0,74.0
138187,Valencia College,1101,"Computer and Information Sciences, General",,,,,46.0
138293,Webber International University,1101,"Computer and Information Sciences, General",,,,,7.0
138309,Rasmussen University-Florida,1104,Information Science/Studies,,,,22632.0,7.0
138309,Rasmussen University-Florida,1107,Computer Science,56886.0,55964.0,121.0,38409.0,19.0
138309,Rasmussen University-Florida,1110,Computer/Information Technology Administration and Management,52103.0,50515.0,65.0,47579.0,43.0
138354,University of West Florida,1101,"Computer and Information Sciences, General",48359.0,50773.0,81.0,19385.0,79.0
138354,University of West Florida,1107,Computer Science,,,,,28.0
138354,University of West Florida,1110,Computer/Information Technology Administration and Management,,,,,34.0
138354,University of West Florida,1409,Computer Engineering,,63005.0,,,10.0
138354,University of West Florida,1410,"Electrical, Electronics, and Communications Engineering",62119.0,61172.0,80.0,17978.0,46.0
138354,University of West Florida,1419,Mechanical Engineering,,,,18500.0,59.0
138716,Albany State University,1101,"Computer and Information Sciences, General",34558.0,,27.0,,19.0
138813,The Art Institute of Atlanta,1108,Computer Software and Media Applications,28196.0,35179.0,153.0,43092.0,8.0
138868,Point University,1110,Computer/Information Technology Administration and Management,,,,,3.0
138947,Clark Atlanta University,1101,"Computer and Information Sciences, General",,,,,6.0
138947,Clark Atlanta University,1107,Computer Science,,,,,11.0
139144,Berry College,1107,Computer Science,,,,,
139205,Brewton-Parker Christian University,1101,"Computer and Information Sciences, General",,,,,1.0
139311,Clayton  State University,1101,"Computer and Information Sciences, General",47042.0,45696.0,40.0,39458.0,19.0
139311,Clayton  State University,1104,Information Science/Studies,,,,,0.0
139311,Clayton  State University,1107,Computer Science,47122.0,,38.0,31000.0,17.0
139366,Columbus State University,1101,"Computer and Information Sciences, General",50668.0,54852.0,86.0,31000.0,54.0
139366,Columbus State University,1110,Computer/Information Technology Administration and Management,,,,,1.0
139393,Covenant College,1101,"Computer and Information Sciences, General",,,,,8.0
139463,Dalton State College,1109,Computer Systems Networking and Telecommunications,,,,,
139463,Dalton State College,1110,Computer/Information Technology Administration and Management,,,,,12.0
139579,South University-Savannah,1104,Information Science/Studies,39831.0,44418.0,143.0,52173.0,0.0
139630,Emmanuel University,1108,Computer Software and Media Applications,,,,,1.0
139658,Emory University,1107,Computer Science,73250.0,83177.0,33.0,15250.0,82.0
139719,Fort Valley State University,1101,"Computer and Information Sciences, General",,29685.0,,41000.0,14.0
139719,Fort Valley State University,1104,Information Science/Studies,,33281.0,,,0.0
139755,Georgia Institute of Technology-Main Campus,1101,"Computer and Information Sciences, General",89428.0,91152.0,397.0,21125.0,847.0
139755,Georgia Institute of Technology-Main Campus,1108,Computer Software and Media Applications,,,,,16.0
139755,Georgia Institute of Technology-Main Campus,1402,"Aerospace, Aeronautical, and Astronautical/Space Engineering",67907.0,69983.0,146.0,22750.0,215.0
139755,Georgia Institute of Technology-Main Campus,1405,Biomedical/Medical Engineering,67345.0,68305.0,191.0,22750.0,278.0
139755,Georgia Institute of Technology-Main Campus,1407,Chemical Engineering,75560.0,74307.0,184.0,27000.0,183.0
139755,Georgia Institute of Technology-Main Campus,1408,Civil Engineering,66586.0,65238.0,131.0,22957.0,106.0
139755,Georgia Institute of Technology-Main Campus,1409,Computer Engineering,81067.0,83270.0,103.0,25399.0,157.0
139755,Georgia Institute of Technology-Main Campus,1410,"Electrical, Electronics, and Communications Engineering",74050.0,73992.0,166.0,27000.0,158.0
139755,Georgia Institute of Technology-Main Campus,1414,Environmental/Environmental Health Engineering,60224.0,56641.0,34.0,27250.0,52.0
139755,Georgia Institute of Technology-Main Campus,1418,Materials Engineering,69159.0,65387.0,47.0,17123.0,75.0
139755,Georgia Institute of Technology-Main Campus,1419,Mechanical Engineering,69872.0,70672.0,432.0,27000.0,421.0
139755,Georgia Institute of Technology-Main Campus,1423,Nuclear Engineering,73557.0,69338.0,20.0,24879.0,15.0
139755,Georgia Institute of Technology-Main Campus,1435,Industrial Engineering,74354.0,76283.0,241.0,21750.0,382.0
139764,Georgia Southwestern State University,1101,"Computer and Information Sciences, General",31267.0,,19.0,,9.0
139764,Georgia Southwestern State University,1107,Computer Science,,53358.0,,,7.0
139861,Georgia College & State University,1107,Computer Science,62795.0,57318.0,31.0,23219.0,21.0
139861,Georgia College & State University,1110,Computer/Information Technology Administration and Management,56849.0,62012.0,61.0,20740.0,58.0
139931,Georgia Southern University,1101,"Computer and Information Sciences, General",54688.0,60399.0,108.0,23750.0,88.0
139931,Georgia Southern University,1104,Information Science/Studies,46835.0,54970.0,174.0,29000.0,135.0
139931,Georgia Southern University,1408,Civil Engineering,55992.0,56265.0,63.0,26250.0,33.0
139931,Georgia Southern University,1409,Computer Engineering,,,,,15.0
139931,Georgia Southern University,1410,"Electrical, Electronics, and Communications Engineering",66135.0,63203.0,49.0,27000.0,59.0
139931,Georgia Southern University,1419,Mechanical Engineering,61923.0,65506.0,194.0,25500.0,157.0
139931,Georgia Southern University,1433,Construction Engineering,,,,,7.0
139931,Georgia Southern University,1436,Manufacturing Engineering,,,,,22.0
139940,Georgia State University,1101,"Computer and Information Sciences, General",52828.0,58260.0,264.0,26000.0,319.0
139940,Georgia State University,1102,Computer Programming,,,,,2.0
139940,Georgia State University,1107,Computer Science,60102.0,69338.0,266.0,22500.0,353.0
139959,University of Georgia,1107,Computer Science,70908.0,70456.0,177.0,22500.0,292.0
139959,University of Georgia,1403,Agricultural Engineering,,64791.0,,,9.0
139959,University of Georgia,1408,Civil Engineering,62942.0,,42.0,26744.0,58.0
139959,University of Georgia,1409,Computer Engineering,62551.0,67164.0,33.0,17528.0,31.0
139959,University of Georgia,1410,"Electrical, Electronics, and Communications Engineering",67861.0,,36.0,23963.0,40.0
139959,University of Georgia,1414,Environmental/Environmental Health Engineering,60173.0,52941.0,29.0,22143.0,25.0
139959,University of Georgia,1419,Mechanical Engineering,64849.0,,85.0,22814.0,174.0
139959,University of Georgia,1443,Biochemical Engineering,,59417.0,,23689.0,32.0
139959,University of Georgia,1445,Biological/Biosystems Engineering,50995.0,,40.0,25091.0,59.0
140252,Life University,1110,Computer/Information Technology Administration and Management,,,,,7.0
140340,Herzing University-Atlanta,1102,Computer Programming,53952.0,62260.0,25.0,31050.0,0.0
140340,Herzing University-Atlanta,1110,Computer/Information Technology Administration and Management,47053.0,48432.0,48.0,41837.0,3.0
140447,Mercer University,1101,"Computer and Information Sciences, General",,39369.0,,,8.0
140447,Mercer University,1102,Computer Programming,,,,,3.0
140447,Mercer University,1104,Information Science/Studies,,,,,14.0
140447,Mercer University,1107,Computer Science,,,,,13.0
140447,Mercer University,1110,Computer/Information Technology Administration and Management,,,,,3.0
140447,Mercer University,1401,"Engineering, General",62626.0,49729.0,69.0,26000.0,131.0
140447,Mercer University,1408,Civil Engineering,,,,,13.0
140553,Morehouse College,1101,"Computer and Information Sciences, General",,,,,0.0
140553,Morehouse College,1107,Computer Science,,,,,27.0
140553,Morehouse College,1401,"Engineering, General",,,,,
140553,Morehouse College,1409,Computer Engineering,,,,,7.0
140553,Morehouse College,1412,Engineering Physics,,,,,7.0
140553,Morehouse College,1413,Engineering Science,,,,,5.0
140696,Oglethorpe University,1401,"Engineering, General",,,,,5.0
140696,Oglethorpe University,1412,Engineering Physics,,,,,0.0
140818,Piedmont University,1101,"Computer and Information Sciences, General",,,,,1.0
140818,Piedmont University,1401,"Engineering, General",,,,,
140818,Piedmont University,1412,Engineering Physics,,,,,5.0
140818,Piedmont University,1413,Engineering Science,,,,,0.0
140951,Savannah College of Art and Design,1401,"Engineering, General",,,,,78.0
140951,Savannah College of Art and Design,1436,Manufacturing Engineering,,,,,8.0
140960,Savannah State University,1104,Information Science/Studies,29497.0,41025.0,18.0,27000.0,9.0
140988,Shorter University,1101,"Computer and Information Sciences, General",,,,,3.0
141060,Spelman College,1101,"Computer and Information Sciences, General",,,,,19.0
141060,Spelman College,1401,"Engineering, General",,,,,0.0
141167,Thomas University,1110,Computer/Information Technology Administration and Management,,,,,3.0
141264,Valdosta State University,1101,"Computer and Information Sciences, General",38464.0,48432.0,18.0,28500.0,33.0
141264,Valdosta State University,1104,Information Science/Studies,,39729.0,,25500.0,14.0
141325,Wesleyan College,1103,Data Processing,,,,,2.0
141334,University of West Georgia,1101,"Computer and Information Sciences, General",59472.0,64990.0,30.0,26823.0,21.0
141486,Chaminade University of Honolulu,1101,"Computer and Information Sciences, General",,,,,0.0
141486,Chaminade University of Honolulu,1107,Computer Science,,,,,0.0
141565,University of Hawaii at Hilo,1107,Computer Science,41437.0,57318.0,16.0,,9.0
141574,University of Hawaii at Manoa,1101,"Computer and Information Sciences, General",46875.0,52607.0,25.0,,19.0
141574,University of Hawaii at Manoa,1107,Computer Science,50820.0,48823.0,48.0,14780.0,93.0
141574,University of Hawaii at Manoa,1403,Agricultural Engineering,,,,,5.0
141574,University of Hawaii at Manoa,1408,Civil Engineering,61892.0,63600.0,106.0,22375.0,83.0
141574,University of Hawaii at Manoa,1409,Computer Engineering,51009.0,74576.0,27.0,20541.0,15.0
141574,University of Hawaii at Manoa,1410,"Electrical, Electronics, and Communications Engineering",63810.0,60771.0,64.0,20539.0,51.0
141574,University of Hawaii at Manoa,1419,Mechanical Engineering,64964.0,65557.0,109.0,25638.0,94.0
141574,University of Hawaii at Manoa,1433,Construction Engineering,,,,,3.0
141644,Hawaii Pacific University,1107,Computer Science,40384.0,47260.0,23.0,,23.0
141644,Hawaii Pacific University,1110,Computer/Information Technology Administration and Management,,,,,0.0
141644,Hawaii Pacific University,1405,Biomedical/Medical Engineering,,,,,3.0
141644,Hawaii Pacific University,1410,"Electrical, Electronics, and Communications Engineering",,,,,3.0
141644,Hawaii Pacific University,1445,Biological/Biosystems Engineering,,,,,1.0
142115,Boise State University,1101,"Computer and Information Sciences, General",48480.0,50022.0,63.0,15375.0,39.0
142115,Boise State University,1107,Computer Science,70923.0,76208.0,110.0,27000.0,126.0
142115,Boise State University,1401,"Engineering, General",,,,,16.0
142115,Boise State University,1408,Civil Engineering,54345.0,52385.0,46.0,27000.0,39.0
142115,Boise State University,1409,Computer Engineering,,,,,0.0
142115,Boise State University,1410,"Electrical, Electronics, and Communications Engineering",73319.0,75047.0,35.0,35463.0,37.0
142115,Boise State University,1418,Materials Engineering,68028.0,,16.0,25000.0,22.0
142115,Boise State University,1419,Mechanical Engineering,61725.0,60025.0,103.0,24833.0,93.0
142276,Idaho State University,1101,"Computer and Information Sciences, General",,,,,3.0
142276,Idaho State University,1102,Computer Programming,,,,,0.0
142276,Idaho State University,1104,Information Science/Studies,,,,,0.0
142276,Idaho State University,1107,Computer Science,56051.0,,18.0,25250.0,20.0
142276,Idaho State University,1108,Computer Software and Media Applications,,,,,0.0
142276,Idaho State University,1109,Computer Systems Networking and Telecommunications,,,,,0.0
142276,Idaho State University,1110,Computer/Information Technology Administration and Management,,52107.0,,,0.0
142276,Idaho State University,1408,Civil Engineering,,58221.0,,,5.0
142276,Idaho State University,1409,Computer Engineering,,,,,
142276,Idaho State University,1410,"Electrical, Electronics, and Communications Engineering",,76460.0,,,7.0
142276,Idaho State University,1419,Mechanical Engineering,58126.0,55964.0,29.0,31000.0,14.0
142276,Idaho State University,1423,Nuclear Engineering,,,,,6.0
142285,University of Idaho,1107,Computer Science,72891.0,74576.0,23.0,25500.0,29.0
142285,University of Idaho,1110,Computer/Information Technology Administration and Management,,,,,0.0
142285,University of Idaho,1407,Chemical Engineering,66101.0,68499.0,30.0,27000.0,10.0
142285,University of Idaho,1408,Civil Engineering,63504.0,57860.0,32.0,21500.0,37.0
142285,University of Idaho,1409,Computer Engineering,,,,,4.0
142285,University of Idaho,1410,"Electrical, Electronics, and Communications Engineering",66060.0,67101.0,31.0,27000.0,31.0
142285,University of Idaho,1418,Materials Engineering,,,,,5.0
142285,University of Idaho,1419,Mechanical Engineering,60687.0,59982.0,87.0,25000.0,62.0
142285,University of Idaho,1445,Biological/Biosystems Engineering,,,,,19.0
142294,The College of Idaho,1101,"Computer and Information Sciences, General",,,,,4.0
142294,The College of Idaho,1499,"Engineering, Other",,,,,
142328,Lewis-Clark State College,1101,"Computer and Information Sciences, General",,,,,7.0
142328,Lewis-Clark State College,1104,Information Science/Studies,,,,,
142328,Lewis-Clark State College,1108,Computer Software and Media Applications,,,,,1.0
142328,Lewis-Clark State College,1110,Computer/Information Technology Administration and Management,,,,,4.0
142461,Northwest Nazarene University,1107,Computer Science,,,,,11.0
142461,Northwest Nazarene University,1108,Computer Software and Media Applications,,,,,0.0
142461,Northwest Nazarene University,1401,"Engineering, General",,,,,14.0
142461,Northwest Nazarene University,1412,Engineering Physics,,,,,0.0
142522,Brigham Young University-Idaho,1101,"Computer and Information Sciences, General",61778.0,73635.0,143.0,18033.0,207.0
142522,Brigham Young University-Idaho,1102,Computer Programming,,,,,158.0
142522,Brigham Young University-Idaho,1104,Information Science/Studies,,,,,
142522,Brigham Young University-Idaho,1107,Computer Science,73097.0,77966.0,47.0,7821.0,64.0
142522,Brigham Young University-Idaho,1108,Computer Software and Media Applications,42978.0,52107.0,61.0,9532.0,90.0
142522,Brigham Young University-Idaho,1110,Computer/Information Technology Administration and Management,,,,,
142522,Brigham Young University-Idaho,1403,Agricultural Engineering,,,,,2.0
142522,Brigham Young University-Idaho,1408,Civil Engineering,,57318.0,,,29.0
142522,Brigham Young University-Idaho,1409,Computer Engineering,,61516.0,,,25.0
142522,Brigham Young University-Idaho,1410,"Electrical, Electronics, and Communications Engineering",62924.0,66653.0,45.0,13884.0,34.0
142522,Brigham Young University-Idaho,1419,Mechanical Engineering,63318.0,64493.0,118.0,17613.0,85.0
142887,American Academy of Art College,1108,Computer Software and Media Applications,,,,,0.0
143084,Augustana College,1107,Computer Science,49729.0,54748.0,19.0,27000.0,27.0
143084,Augustana College,1412,Engineering Physics,,,,27000.0,12.0
143118,Aurora University,1107,Computer Science,46802.0,,25.0,25625.0,28.0
143118,Aurora University,1110,Computer/Information Technology Administration and Management,,,,,0.0
143118,Aurora University,1401,"Engineering, General",,,,,0.0
143118,Aurora University,1409,Computer Engineering,,,,,1.0
143288,Blackburn College,1107,Computer Science,,,,,0.0
143288,Blackburn College,1108,Computer Software and Media Applications,,,,,2.0
143288,Blackburn College,1110,Computer/Information Technology Administration and Management,,,,,3.0
143358,Bradley University,1104,Information Science/Studies,,,,24950.0,4.0
143358,Bradley University,1107,Computer Science,50879.0,67420.0,37.0,27000.0,48.0
143358,Bradley University,1110,Computer/Information Technology Administration and Management,,,,,22.0
143358,Bradley University,1401,"Engineering, General",,,,,0.0
143358,Bradley University,1408,Civil Engineering,59353.0,63921.0,42.0,27000.0,26.0
143358,Bradley University,1409,Computer Engineering,71454.0,,19.0,,10.0
143358,Bradley University,1410,"Electrical, Electronics, and Communications Engineering",72568.0,70680.0,30.0,27000.0,25.0
143358,Bradley University,1412,Engineering Physics,,,,,0.0
143358,Bradley University,1419,Mechanical Engineering,66802.0,66621.0,104.0,27000.0,56.0
143358,Bradley University,1433,Construction Engineering,67331.0,65238.0,31.0,,0.0
143358,Bradley University,1435,Industrial Engineering,66979.0,67899.0,26.0,25788.0,19.0
143358,Bradley University,1436,Manufacturing Engineering,62628.0,69897.0,30.0,27000.0,16.0
143358,Bradley University,1442,"Mechatronics, Robotics, and Automation Engineering",,,,,
144005,Chicago State University,1107,Computer Science,,,,,10.0
144050,University of Chicago,1102,Computer Programming,,,,,
144050,University of Chicago,1107,Computer Science,93918.0,91211.0,39.0,,126.0
144050,University of Chicago,1407,Chemical Engineering,,,,,37.0
144050,University of Chicago,1413,Engineering Science,,,,,
144281,Columbia College Chicago,1102,Computer Programming,,,,,6.0
144281,Columbia College Chicago,1108,Computer Software and Media Applications,,,,,0.0
144351,Concordia University-Chicago,1101,"Computer and Information Sciences, General",,,,,3.0
144740,DePaul University,1101,"Computer and Information Sciences, General",51570.0,50677.0,72.0,24321.0,38.0
144740,DePaul University,1102,Computer Programming,51868.0,55422.0,174.0,25497.0,138.0
144740,DePaul University,1104,Information Science/Studies,41497.0,,16.0,25916.0,26.0
144740,DePaul University,1107,Computer Science,,79284.0,,,0.0
144740,DePaul University,1108,Computer Software and Media Applications,22325.0,39009.0,19.0,23249.0,30.0
144740,DePaul University,1109,Computer Systems Networking and Telecommunications,56840.0,63501.0,40.0,24750.0,19.0
144740,DePaul University,1110,Computer/Information Technology Administration and Management,,,,27000.0,45.0
144740,DePaul University,1199,"Computer and Information Sciences and Support Services, Other",,,,,0.0
144740,DePaul University,1427,Systems Engineering,,,,,2.0
144883,East-West University,1101,"Computer and Information Sciences, General",,,,,11.0
144883,East-West University,1410,"Electrical, Electronics, and Communications Engineering",,,,,
144892,Eastern Illinois University,1101,"Computer and Information Sciences, General",48035.0,43798.0,34.0,26000.0,7.0
144892,Eastern Illinois University,1107,Computer Science,,,,,6.0
144892,Eastern Illinois University,1110,Computer/Information Technology Administration and Management,,,,,12.0
144892,Eastern Illinois University,1410,"Electrical, Electronics, and Communications Engineering",,,,,0.0
144892,Eastern Illinois University,1499,"Engineering, Other",,,,,2.0
144962,Elmhurst University,1101,"Computer and Information Sciences, General",,,,,8.0
144962,Elmhurst University,1104,Information Science/Studies,,,,,12.0
144962,Elmhurst University,1107,Computer Science,,,,,11.0
144962,Elmhurst University,1110,Computer/Information Technology Administration and Management,,,,,2.0
144962,Elmhurst University,1199,"Computer and Information Sciences and Support Services, Other",,,,,0.0
144971,Eureka College,1101,"Computer and Information Sciences, General",,,,,0.0
145336,Governors State University,1101,"Computer and Information Sciences, General",36593.0,41937.0,32.0,19400.0,31.0
145336,Governors State University,1107,Computer Science,39670.0,45696.0,23.0,17750.0,31.0
145372,Greenville University,1401,"Engineering, General",,,,,2.0
145600,University of Illinois Chicago,1101,"Computer and Information Sciences, General",,,,,2.0
145600,University of Illinois Chicago,1104,Information Science/Studies,51817.0,54835.0,111.0,14538.0,146.0
145600,University of Illinois Chicago,1107,Computer Science,73060.0,68153.0,219.0,19087.0,328.0
145600,University of Illinois Chicago,1405,Biomedical/Medical Engineering,42675.0,53358.0,57.0,22500.0,84.0
145600,University of Illinois Chicago,1407,Chemical Engineering,59645.0,60714.0,100.0,23875.0,65.0
145600,University of Illinois Chicago,1408,Civil Engineering,61644.0,61839.0,88.0,24382.0,108.0
145600,University of Illinois Chicago,1409,Computer Engineering,67853.0,64493.0,51.0,22000.0,72.0
145600,University of Illinois Chicago,1410,"Electrical, Electronics, and Communications Engineering",64975.0,70610.0,133.0,23500.0,97.0
145600,University of Illinois Chicago,1412,Engineering Physics,,,,,3.0
145600,University of Illinois Chicago,1414,Environmental/Environmental Health Engineering,,,,,0.0
145600,University of Illinois Chicago,1419,Mechanical Engineering,60931.0,63005.0,195.0,21500.0,168.0
145600,University of Illinois Chicago,1435,Industrial Engineering,69412.0,59576.0,38.0,22247.0,31.0
145619,Benedictine University,1104,Information Science/Studies,,,,,5.0
145619,Benedictine University,1107,Computer Science,,,,24000.0,7.0
145619,Benedictine University,1413,Engineering Science,,,,,5.0
145637,University of Illinois Urbana-Champaign,1101,"Computer and Information Sciences, General",78673.0,,22.0,19399.0,100.0
145637,University of Illinois Urbana-Champaign,1104,Information Science/Studies,,,,,49.0
145637,University of Illinois Urbana-Champaign,1107,Computer Science,101262.0,101592.0,151.0,20500.0,292.0
145637,University of Illinois Urbana-Champaign,1401,"Engineering, General",,72727.0,,,0.0
145637,University of Illinois Urbana-Champaign,1402,"Aerospace, Aeronautical, and Astronautical/Space Engineering",65779.0,68219.0,68.0,23951.0,120.0
145637,University of Illinois Urbana-Champaign,1403,Agricultural Engineering,56190.0,61303.0,125.0,21350.0,118.0
145637,University of Illinois Urbana-Champaign,1405,Biomedical/Medical Engineering,74716.0,74576.0,30.0,16850.0,80.0
145637,University of Illinois Urbana-Champaign,1407,Chemical Engineering,73493.0,74279.0,156.0,22850.0,155.0
145637,University of Illinois Urbana-Champaign,1408,Civil Engineering,63590.0,65148.0,110.0,19054.0,157.0
145637,University of Illinois Urbana-Champaign,1409,Computer Engineering,88455.0,84100.0,180.0,20500.0,318.0
145637,University of Illinois Urbana-Champaign,1410,"Electrical, Electronics, and Communications Engineering",74981.0,73707.0,130.0,21600.0,177.0
145637,University of Illinois Urbana-Champaign,1411,Engineering Mechanics,67403.0,74307.0,20.0,,28.0
145637,University of Illinois Urbana-Champaign,1412,Engineering Physics,48606.0,74845.0,38.0,20136.0,79.0
145637,University of Illinois Urbana-Champaign,1418,Materials Engineering,64436.0,66541.0,48.0,17916.0,87.0
145637,University of Illinois Urbana-Champaign,1419,Mechanical Engineering,68804.0,71144.0,136.0,20500.0,265.0
145637,University of Illinois Urbana-Champaign,1423,Nuclear Engineering,65618.0,69535.0,29.0,21350.0,23.0
145637,University of Illinois Urbana-Champaign,1427,Systems Engineering,61753.0,,46.0,17800.0,92.0
145637,University of Illinois Urbana-Champaign,1435,Industrial Engineering,68901.0,75775.0,37.0,22330.0,79.0
145637,University of Illinois Urbana-Champaign,1499,"Engineering, Other",,,,,
145646,Illinois Wesleyan University,1107,Computer Science,,,,,11.0
145691,Illinois College,1107,Computer Science,,,,,8.0
145691,Illinois College,1401,"Engineering, General",,,,,0.0
145725,Illinois Institute of Technology,1101,"Computer and Information Sciences, General",53779.0,61516.0,54.0,24750.0,63.0
145725,Illinois Institute of Technology,1107,Computer Science,65905.0,78971.0,50.0,23250.0,107.0
145725,Illinois Institute of Technology,1109,Computer Systems Networking and Telecommunications,,,,,
145725,Illinois Institute of Technology,1110,Computer/Information Technology Administration and Management,,,,,2.0
145725,Illinois Institute of Technology,1401,"Engineering, General",,,,,0.0
145725,Illinois Institute of Technology,1402,"Aerospace, Aeronautical, and Astronautical/Space Engineering",59921.0,49644.0,23.0,27000.0,28.0
145725,Illinois Institute of Technology,1404,Architectural Engineering,,63005.0,,,13.0
145725,Illinois Institute of Technology,1405,Biomedical/Medical Engineering,45550.0,54661.0,20.0,27000.0,34.0
145725,Illinois Institute of Technology,1407,Chemical Engineering,63314.0,62012.0,20.0,26747.0,25.0
145725,Illinois Institute of Technology,1408,Civil Engineering,60700.0,62111.0,27.0,26000.0,31.0
145725,Illinois Institute of Technology,1409,Computer Engineering,72753.0,63749.0,19.0,26500.0,25.0
145725,Illinois Institute of Technology,1410,"Electrical, Electronics, and Communications Engineering",58164.0,68499.0,36.0,25500.0,24.0
145725,Illinois Institute of Technology,1412,Engineering Physics,,,,,0.0
145725,Illinois Institute of Technology,1418,Materials Engineering,,,,,4.0
145725,Illinois Institute of Technology,1419,Mechanical Engineering,63252.0,61268.0,76.0,27000.0,73.0
145813,Illinois State University,1101,"Computer and Information Sciences, General",57294.0,54996.0,84.0,22250.0,26.0
145813,Illinois State University,1107,Computer Science,68002.0,64990.0,47.0,22500.0,58.0
145813,Illinois State University,1108,Computer Software and Media Applications,,,,,35.0
145813,Illinois State University,1109,Computer Systems Networking and Telecommunications,46402.0,50856.0,16.0,,7.0
145813,Illinois State University,1110,Computer/Information Technology Administration and Management,,,,,88.0
146339,Judson University,1101,"Computer and Information Sciences, General",,,,,0.0
146427,Knox College,1107,Computer Science,,67660.0,,25673.0,19.0
146481,Lake Forest College,1101,"Computer and Information Sciences, General",,,,,1.0
146481,Lake Forest College,1107,Computer Science,,,,27000.0,8.0
146612,Lewis University,1101,"Computer and Information Sciences, General",,,,,0.0
146612,Lewis University,1107,Computer Science,52836.0,42682.0,36.0,23250.0,114.0
146612,Lewis University,1108,Computer Software and Media Applications,,,,,4.0
146612,Lewis University,1110,Computer/Information Technology Administration and Management,,,,27000.0,6.0
146612,Lewis University,1409,Computer Engineering,,,,,4.0
146612,Lewis University,1410,"Electrical, Electronics, and Communications Engineering",,,,,0.0
146719,Loyola University Chicago,1101,"Computer and Information Sciences, General",64073.0,52107.0,42.0,22701.0,49.0
146719,Loyola University Chicago,1108,Computer Software and Media Applications,,,,,0.0
146719,Loyola University Chicago,1110,Computer/Information Technology Administration and Management,,,,,16.0
146719,Loyola University Chicago,1405,Biomedical/Medical Engineering,,,,,8.0
146719,Loyola University Chicago,1409,Computer Engineering,,,,25000.0,12.0
146719,Loyola University Chicago,1414,Environmental/Environmental Health Engineering,,,,,2.0
147013,McKendree University,1101,"Computer and Information Sciences, General",,,,,0.0
147013,McKendree University,1104,Information Science/Studies,,,,,6.0
147013,McKendree University,1107,Computer Science,,,,,5.0
147013,McKendree University,1108,Computer Software and Media Applications,,,,,
147013,McKendree University,1110,Computer/Information Technology Administration and Management,,,,,4.0
147244,Millikin University,1107,Computer Science,,,,,4.0
147244,Millikin University,1110,Computer/Information Technology Administration and Management,,,,,1.0
147244,Millikin University,1413,Engineering Science,,,,,0.0
147341,Monmouth College,1101,"Computer and Information Sciences, General",,,,,0.0
147341,Monmouth College,1107,Computer Science,,,,,0.0
147341,Monmouth College,1401,"Engineering, General",,,,,0.0
147536,National Louis University,1101,"Computer and Information Sciences, General",,,,,27.0
147660,North Central College,1107,Computer Science,52561.0,63501.0,23.0,26678.0,19.0
147660,North Central College,1108,Computer Software and Media Applications,,,,,0.0
147660,North Central College,1409,Computer Engineering,,,,,3.0
147660,North Central College,1410,"Electrical, Electronics, and Communications Engineering",,,,,6.0
147660,North Central College,1419,Mechanical Engineering,,,,,13.0
147679,North Park University,1419,Mechanical Engineering,,,,,13.0
147703,Northern Illinois University,1107,Computer Science,58306.0,59519.0,160.0,22966.0,132.0
147703,Northern Illinois University,1401,"Engineering, General",,,,,
147703,Northern Illinois University,1405,Biomedical/Medical Engineering,,,,20521.0,7.0
147703,Northern Illinois University,1410,"Electrical, Electronics, and Communications Engineering",70234.0,66989.0,88.0,25000.0,35.0
147703,Northern Illinois University,1419,Mechanical Engineering,64752.0,64150.0,164.0,25000.0,115.0
147703,Northern Illinois University,1435,Industrial Engineering,58020.0,62409.0,31.0,23750.0,21.0
147767,Northwestern University,1101,"Computer and Information Sciences, General",,,,,9.0
147767,Northwestern University,1104,Information Science/Studies,94536.0,83546.0,23.0,12000.0,78.0
147767,Northwestern University,1107,Computer Science,84037.0,98403.0,46.0,14600.0,102.0
147767,Northwestern University,1401,"Engineering, General",,,,,4.0
147767,Northwestern University,1405,Biomedical/Medical Engineering,60519.0,76460.0,24.0,17063.0,43.0
147767,Northwestern University,1407,Chemical Engineering,71607.0,79688.0,32.0,16500.0,34.0
147767,Northwestern University,1408,Civil Engineering,,,,,16.0
147767,Northwestern University,1409,Computer Engineering,,85918.0,,,15.0
147767,Northwestern University,1410,"Electrical, Electronics, and Communications Engineering",,,,,11.0
147767,Northwestern University,1413,Engineering Science,,,,,0.0
147767,Northwestern University,1414,Environmental/Environmental Health Engineering,,,,,5.0
147767,Northwestern University,1418,Materials Engineering,,63005.0,,,19.0
147767,Northwestern University,1419,Mechanical Engineering,70936.0,73112.0,62.0,15334.0,72.0
147767,Northwestern University,1435,Industrial Engineering,84644.0,79849.0,54.0,17912.0,55.0
147767,Northwestern University,1436,Manufacturing Engineering,66553.0,,17.0,,27.0
147767,Northwestern University,1499,"Engineering, Other",,,,,0.0
147776,Northeastern Illinois University,1107,Computer Science,52326.0,56544.0,113.0,15750.0,111.0
147828,Olivet Nazarene University,1101,"Computer and Information Sciences, General",,,,,2.0
147828,Olivet Nazarene University,1102,Computer Programming,,,,,6.0
147828,Olivet Nazarene University,1104,Information Science/Studies,,,,,0.0
147828,Olivet Nazarene University,1107,Computer Science,,,,,2.0
147828,Olivet Nazarene University,1109,Computer Systems Networking and Telecommunications,,,,,8.0
147828,Olivet Nazarene University,1110,Computer/Information Technology Administration and Management,,,,,10.0
147828,Olivet Nazarene University,1401,"Engineering, General",61282.0,63997.0,82.0,27000.0,51.0
148016,Principia College,1107,Computer Science,,,,,6.0
148016,Principia College,1413,Engineering Science,,,,,8.0
148131,Quincy University,1104,Information Science/Studies,,,,,0.0
148131,Quincy University,1107,Computer Science,,,,,8.0
148131,Quincy University,1110,Computer/Information Technology Administration and Management,,,,,0.0
148405,Rockford University,1101,"Computer and Information Sciences, General",,,,,0.0
148405,Rockford University,1107,Computer Science,,,,,17.0
148487,Roosevelt University,1101,"Computer and Information Sciences, General",40369.0,,28.0,,11.0
148487,Roosevelt University,1107,Computer Science,38779.0,44928.0,38.0,26000.0,12.0
148487,Roosevelt University,1108,Computer Software and Media Applications,,,,,1.0
148487,Roosevelt University,1109,Computer Systems Networking and Telecommunications,,,,,0.0
148487,Roosevelt University,1110,Computer/Information Technology Administration and Management,,,,,3.0
148496,Dominican University,1101,"Computer and Information Sciences, General",,,,,11.0
148496,Dominican University,1104,Information Science/Studies,,,,,0.0
148496,Dominican University,1107,Computer Science,60883.0,67995.0,21.0,27000.0,18.0
148584,University of St Francis,1101,"Computer and Information Sciences, General",,,,,1.0
148584,University of St Francis,1107,Computer Science,,,,,6.0
148584,University of St Francis,1110,Computer/Information Technology Administration and Management,,,,,0.0
148627,Saint Xavier University,1101,"Computer and Information Sciences, General",42952.0,35274.0,43.0,26040.0,0.0
148627,Saint Xavier University,1104,Information Science/Studies,,,,,8.0
148627,Saint Xavier University,1107,Computer Science,,,,27000.0,31.0
148654,University of Illinois Springfield,1105,Computer Systems Analysis,,,,,7.0
148654,University of Illinois Springfield,1107,Computer Science,64516.0,60399.0,110.0,30301.0,76.0
148654,University of Illinois Springfield,1110,Computer/Information Technology Administration and Management,,,,21677.0,26.0
148876,St. Augustine College,1101,"Computer and Information Sciences, General",,,,,8.0
149222,Southern Illinois University-Carbondale,1101,"Computer and Information Sciences, General",55331.0,,93.0,29553.0,36.0
149222,Southern Illinois University-Carbondale,1104,Information Science/Studies,,52107.0,,,0.0
149222,Southern Illinois University-Carbondale,1107,Computer Science,53515.0,57318.0,38.0,27000.0,26.0
149222,Southern Illinois University-Carbondale,1401,"Engineering, General",,,,,
149222,Southern Illinois University-Carbondale,1405,Biomedical/Medical Engineering,,,,,
149222,Southern Illinois University-Carbondale,1408,Civil Engineering,59465.0,58221.0,42.0,19781.0,21.0
149222,Southern Illinois University-Carbondale,1409,Computer Engineering,54274.0,58673.0,31.0,24500.0,19.0
149222,Southern Illinois University-Carbondale,1410,"Electrical, Electronics, and Communications Engineering",65138.0,65905.0,39.0,19750.0,43.0
149222,Southern Illinois University-Carbondale,1419,Mechanical Engineering,63097.0,64068.0,70.0,24250.0,57.0
149222,Southern Illinois University-Carbondale,1421,Mining and Mineral Engineering,,,,,0.0
149231,Southern Illinois University Edwardsville,1101,"Computer and Information Sciences, General",51510.0,48935.0,109.0,23966.0,17.0
149231,Southern Illinois University Edwardsville,1107,Computer Science,64415.0,67240.0,65.0,21745.0,72.0
149231,Southern Illinois University Edwardsville,1110,Computer/Information Technology Administration and Management,,,,,0.0
149231,Southern Illinois University Edwardsville,1408,Civil Engineering,57616.0,57770.0,62.0,22275.0,54.0
149231,Southern Illinois University Edwardsville,1409,Computer Engineering,69093.0,,22.0,23125.0,12.0
149231,Southern Illinois University Edwardsville,1410,"Electrical, Electronics, and Communications Engineering",69868.0,65889.0,55.0,25113.0,40.0
149231,Southern Illinois University Edwardsville,1419,Mechanical Engineering,60153.0,59534.0,96.0,23110.0,80.0
149231,Southern Illinois University Edwardsville,1435,Industrial Engineering,,,,,49.0
149231,Southern Illinois University Edwardsville,1438,Surveying Engineering,,,,,
149231,Southern Illinois University Edwardsville,1442,"Mechatronics, Robotics, and Automation Engineering",,,,,24.0
149505,Trinity Christian College,1101,"Computer and Information Sciences, General",,,,,2.0
149505,Trinity Christian College,1107,Computer Science,,,,,4.0
149514,Trinity International University-Illinois,1101,"Computer and Information Sciences, General",,,,,3.0
149772,Western Illinois University,1101,"Computer and Information Sciences, General",56058.0,48667.0,66.0,25250.0,18.0
149772,Western Illinois University,1109,Computer Systems Networking and Telecommunications,,28598.0,,,
149772,Western Illinois University,1110,Computer/Information Technology Administration and Management,,,,,4.0
149772,Western Illinois University,1401,"Engineering, General",,64990.0,,,2.0
149772,Western Illinois University,1408,Civil Engineering,,,,,5.0
149772,Western Illinois University,1410,"Electrical, Electronics, and Communications Engineering",,,,,0.0
149772,Western Illinois University,1419,Mechanical Engineering,,,,,13.0
149781,Wheaton College,1107,Computer Science,,61516.0,,,7.0
149781,Wheaton College,1499,"Engineering, Other",,,,,9.0
150066,Anderson University,1104,Information Science/Studies,,,,,0.0
150066,Anderson University,1107,Computer Science,,,,,8.0
150066,Anderson University,1110,Computer/Information Technology Administration and Management,,,,,7.0
150066,Anderson University,1409,Computer Engineering,,,,,0.0
150066,Anderson University,1410,"Electrical, Electronics, and Communications Engineering",,,,,1.0
150066,Anderson University,1412,Engineering Physics,,,,,1.0
150066,Anderson University,1419,Mechanical Engineering,,,,,3.0
150066,Anderson University,1442,"Mechatronics, Robotics, and Automation Engineering",,,,,
150136,Ball State University,1101,"Computer and Information Sciences, General",58195.0,54296.0,71.0,23512.0,
150136,Ball State University,1107,Computer Science,,,,,73.0
150136,Ball State University,1110,Computer/Information Technology Administration and Management,,,,,
150136,Ball State University,1401,"Engineering, General",,,,,0.0
150145,Bethel University,1101,"Computer and Information Sciences, General",,,,,1.0
150145,Bethel University,1107,Computer Science,,,,,1.0
150145,Bethel University,1401,"Engineering, General",,,,,1.0
150163,Butler University,1101,"Computer and Information Sciences, General",,,,,26.0
150163,Butler University,1108,Computer Software and Media Applications,,,,,0.0
150163,Butler University,1409,Computer Engineering,,,,,3.0
150172,Calumet College of Saint Joseph,1101,"Computer and Information Sciences, General",,,,,1.0
150400,DePauw University,1107,Computer Science,68301.0,66941.0,46.0,26500.0,41.0
150400,DePauw University,1401,"Engineering, General",,,,,7.0
150455,Earlham College,1107,Computer Science,,,,,12.0
150455,Earlham College,1401,"Engineering, General",,,,,1.0
150534,University of Evansville,1107,Computer Science,,,,,6.0
150534,University of Evansville,1408,Civil Engineering,,,,,13.0
150534,University of Evansville,1409,Computer Engineering,,,,,6.0
150534,University of Evansville,1410,"Electrical, Electronics, and Communications Engineering",,,,,8.0
150534,University of Evansville,1419,Mechanical Engineering,67037.0,61020.0,35.0,25010.0,19.0
150604,Franklin College,1107,Computer Science,,,,,2.0
150604,Franklin College,1108,Computer Software and Media Applications,,,,,
150604,Franklin College,1409,Computer Engineering,,,,,4.0
150668,Goshen College,1101,"Computer and Information Sciences, General",,,,,0.0
150668,Goshen College,1104,Information Science/Studies,,,,,1.0
150668,Goshen College,1107,Computer Science,,,,,3.0
150668,Goshen College,1412,Engineering Physics,,,,,3.0
150677,Grace College and Theological Seminary,1107,Computer Science,,,,,
150677,Grace College and Theological Seminary,1108,Computer Software and Media Applications,,,,,0.0
150677,Grace College and Theological Seminary,1412,Engineering Physics,50159.0,,24.0,,0.0
150677,Grace College and Theological Seminary,1419,Mechanical Engineering,,,,,2.0
150756,Hanover College,1107,Computer Science,,,,,10.0
150756,Hanover College,1401,"Engineering, General",,,,,4.0
150756,Hanover College,1413,Engineering Science,,,,,1.0
150941,Huntington University,1101,"Computer and Information Sciences, General",,,,,3.0
151102,Purdue University Fort Wayne,1101,"Computer and Information Sciences, General",,60771.0,,,7.0
151102,Purdue University Fort Wayne,1107,Computer Science,59540.0,63749.0,46.0,24375.0,39.0
151102,Purdue University Fort Wayne,1110,Computer/Information Technology Administration and Management,50136.0,,18.0,,13.0
151102,Purdue University Fort Wayne,1401,"Engineering, General",,,,,2.0
151102,Purdue University Fort Wayne,1408,Civil Engineering,,50856.0,,,7.0
151102,Purdue University Fort Wayne,1409,Computer Engineering,,,,,10.0
151102,Purdue University Fort Wayne,1410,"Electrical, Electronics, and Communications Engineering",,,,17550.0,22.0
151102,Purdue University Fort Wayne,1419,Mechanical Engineering,61729.0,,34.0,,15.0
151111,Indiana University-Indianapolis,1101,"Computer and Information Sciences, General",54400.0,56641.0,121.0,25780.0,157.0
151111,Indiana University-Indianapolis,1104,Information Science/Studies,,,,,
151111,Indiana University-Indianapolis,1107,Computer Science,62739.0,61020.0,78.0,25000.0,88.0
151111,Indiana University-Indianapolis,1110,Computer/Information Technology Administration and Management,,,,,
151111,Indiana University-Indianapolis,1199,"Computer and Information Sciences and Support Services, Other",51674.0,53775.0,103.0,21659.0,
151111,Indiana University-Indianapolis,1401,"Engineering, General",,,,,0.0
151111,Indiana University-Indianapolis,1405,Biomedical/Medical Engineering,58612.0,63005.0,25.0,20729.0,36.0
151111,Indiana University-Indianapolis,1409,Computer Engineering,66379.0,69338.0,26.0,27000.0,27.0
151111,Indiana University-Indianapolis,1410,"Electrical, Electronics, and Communications Engineering",68196.0,66461.0,38.0,25603.0,30.0
151111,Indiana University-Indianapolis,1419,Mechanical Engineering,65146.0,67660.0,193.0,26450.0,147.0
151111,Indiana University-Indianapolis,1448,Energy Systems Engineering,,,,,8.0
151111,Indiana University-Indianapolis,1499,"Engineering, Other",56423.0,68379.0,30.0,27000.0,19.0
151263,University of Indianapolis,1107,Computer Science,,,,,9.0
151263,University of Indianapolis,1401,"Engineering, General",,,,,
151263,University of Indianapolis,1409,Computer Engineering,,,,,4.0
151263,University of Indianapolis,1410,"Electrical, Electronics, and Communications Engineering",,,,,
151263,University of Indianapolis,1419,Mechanical Engineering,,,,,15.0
151263,University of Indianapolis,1435,Industrial Engineering,,,,,2.0
151290,Indiana Institute of Technology,1107,Computer Science,,,,,7.0
151290,Indiana Institute of Technology,1108,Computer Software and Media Applications,,,,,6.0
151290,Indiana Institute of Technology,1109,Computer Systems Networking and Telecommunications,,,,,5.0
151290,Indiana Institute of Technology,1110,Computer/Information Technology Administration and Management,,,,,15.0
151290,Indiana Institute of Technology,1199,"Computer and Information Sciences and Support Services, Other",,58221.0,,29700.0,3.0
151290,Indiana Institute of Technology,1405,Biomedical/Medical Engineering,,62260.0,,,15.0
151290,Indiana Institute of Technology,1409,Computer Engineering,,,,,8.0
151290,Indiana Institute of Technology,1410,"Electrical, Electronics, and Communications Engineering",,,,,9.0
151290,Indiana Institute of Technology,1414,Environmental/Environmental Health Engineering,,,,,2.0
151290,Indiana Institute of Technology,1419,Mechanical Engineering,,60771.0,,,12.0
151290,Indiana Institute of Technology,1435,Industrial Engineering,,69338.0,,32750.0,15.0
151290,Indiana Institute of Technology,1442,"Mechatronics, Robotics, and Automation Engineering",,,,,
151306,University of Southern Indiana,1101,"Computer and Information Sciences, General",47455.0,52107.0,30.0,,15.0
151306,University of Southern Indiana,1107,Computer Science,50021.0,55151.0,30.0,24750.0,33.0
151306,University of Southern Indiana,1401,"Engineering, General",63165.0,64087.0,49.0,,21.0
151306,University of Southern Indiana,1408,Civil Engineering,,,,,14.0
151306,University of Southern Indiana,1410,"Electrical, Electronics, and Communications Engineering",,,,,17.0
151306,University of Southern Indiana,1419,Mechanical Engineering,,,,,25.0
151306,University of Southern Indiana,1436,Manufacturing Engineering,,,,,2.0
151324,Indiana State University,1101,"Computer and Information Sciences, General",41234.0,48432.0,70.0,23196.0,36.0
151324,Indiana State University,1401,"Engineering, General",,,,,10.0
151333,Indiana University-Kokomo,1101,"Computer and Information Sciences, General",,42682.0,,,10.0
151333,Indiana University-Kokomo,1107,Computer Science,,,,,10.0
151342,Indiana University-South Bend,1101,"Computer and Information Sciences, General",,,,,13.0
151342,Indiana University-South Bend,1107,Computer Science,49778.0,50606.0,22.0,27400.0,20.0
151342,Indiana University-South Bend,1401,"Engineering, General",,,,,
151351,Indiana University-Bloomington,1101,"Computer and Information Sciences, General",61001.0,61516.0,430.0,19500.0,416.0
151351,Indiana University-Bloomington,1107,Computer Science,70263.0,70596.0,94.0,20417.0,144.0
151351,Indiana University-Bloomington,1401,"Engineering, General",,,,,27.0
151360,Indiana University-Northwest,1101,"Computer and Information Sciences, General",,,,,1.0
151360,Indiana University-Northwest,1107,Computer Science,35316.0,33993.0,40.0,22116.0,15.0
151379,Indiana University-Southeast,1101,"Computer and Information Sciences, General",48344.0,44170.0,17.0,,6.0
151379,Indiana University-Southeast,1107,Computer Science,58998.0,69338.0,28.0,,17.0
151388,Indiana University-East,1101,"Computer and Information Sciences, General",,,,,10.0
151467,Vet Tech Institute of Indiana,1102,Computer Programming,,,,,
151777,Manchester University,1107,Computer Science,,,,,0.0
151777,Manchester University,1401,"Engineering, General",,,,,0.0
151777,Manchester University,1409,Computer Engineering,,,,,5.0
151786,Marian University,1107,Computer Science,,,,,2.0
151786,Marian University,1412,Engineering Physics,,,,,
151801,Indiana Wesleyan University-Marion,1101,"Computer and Information Sciences, General",,,,,2.0
151801,Indiana Wesleyan University-Marion,1102,Computer Programming,,,,,1.0
151801,Indiana Wesleyan University-Marion,1108,Computer Software and Media Applications,,28212.0,,,7.0
152080,University of Notre Dame,1101,"Computer and Information Sciences, General",80593.0,89968.0,96.0,19000.0,140.0
152080,University of Notre Dame,1199,"Computer and Information Sciences and Support Services, Other",,,,,5.0
152080,University of Notre Dame,1402,"Aerospace, Aeronautical, and Astronautical/Space Engineering",68525.0,67995.0,31.0,24000.0,25.0
152080,University of Notre Dame,1407,Chemical Engineering,73118.0,76460.0,83.0,19000.0,78.0
152080,University of Notre Dame,1408,Civil Engineering,67169.0,70680.0,35.0,20100.0,44.0
152080,University of Notre Dame,1409,Computer Engineering,77263.0,79598.0,19.0,,16.0
152080,University of Notre Dame,1410,"Electrical, Electronics, and Communications Engineering",75696.0,75518.0,31.0,19000.0,45.0
152080,University of Notre Dame,1414,Environmental/Environmental Health Engineering,,48432.0,,25000.0,16.0
152080,University of Notre Dame,1419,Mechanical Engineering,72690.0,71320.0,92.0,19000.0,102.0
152318,Rose-Hulman Institute of Technology,1101,"Computer and Information Sciences, General",,,,,2.0
152318,Rose-Hulman Institute of Technology,1107,Computer Science,77382.0,111992.0,52.0,24500.0,94.0
152318,Rose-Hulman Institute of Technology,1401,"Engineering, General",,,,,6.0
152318,Rose-Hulman Institute of Technology,1405,Biomedical/Medical Engineering,65537.0,68331.0,48.0,26441.0,20.0
152318,Rose-Hulman Institute of Technology,1407,Chemical Engineering,69749.0,79473.0,86.0,24500.0,43.0
152318,Rose-Hulman Institute of Technology,1408,Civil Engineering,67466.0,67273.0,49.0,24132.0,19.0
152318,Rose-Hulman Institute of Technology,1409,Computer Engineering,74155.0,90049.0,68.0,24834.0,61.0
152318,Rose-Hulman Institute of Technology,1410,"Electrical, Electronics, and Communications Engineering",73908.0,74341.0,44.0,26161.0,39.0
152318,Rose-Hulman Institute of Technology,1412,Engineering Physics,,,,,1.0
152318,Rose-Hulman Institute of Technology,1419,Mechanical Engineering,72316.0,72600.0,202.0,25612.0,120.0
152336,University of Saint Francis-Fort Wayne,1101,"Computer and Information Sciences, General",,,,,2.0
152381,Saint Mary-of-the-Woods College,1101,"Computer and Information Sciences, General",,,,,1.0
152530,Taylor University,1101,"Computer and Information Sciences, General",,,,,8.0
152530,Taylor University,1107,Computer Science,,64773.0,,,14.0
152530,Taylor University,1110,Computer/Information Technology Administration and Management,,,,,6.0
152530,Taylor University,1401,"Engineering, General",,,,,5.0
152530,Taylor University,1409,Computer Engineering,,,,,6.0
152530,Taylor University,1412,Engineering Physics,,,,,0.0
152567,Trine University,1101,"Computer and Information Sciences, General",,,,,9.0
152567,Trine University,1104,Information Science/Studies,,,,,5.0
152567,Trine University,1107,Computer Science,,,,,
152567,Trine University,1405,Biomedical/Medical Engineering,,,,27000.0,19.0
152567,Trine University,1407,Chemical Engineering,65981.0,69338.0,25.0,27000.0,27.0
152567,Trine University,1408,Civil Engineering,62734.0,54252.0,28.0,27000.0,29.0
152567,Trine University,1409,Computer Engineering,64308.0,67899.0,22.0,,14.0
152567,Trine University,1410,"Electrical, Electronics, and Communications Engineering",68585.0,74576.0,19.0,27000.0,12.0
152567,Trine University,1419,Mechanical Engineering,63573.0,68219.0,63.0,27000.0,49.0
152600,Valparaiso University,1107,Computer Science,,,,27000.0,22.0
152600,Valparaiso University,1401,"Engineering, General",,,,,
152600,Valparaiso University,1405,Biomedical/Medical Engineering,,,,,9.0
152600,Valparaiso University,1408,Civil Engineering,63617.0,59485.0,36.0,27000.0,27.0
152600,Valparaiso University,1409,Computer Engineering,72959.0,,21.0,27000.0,10.0
152600,Valparaiso University,1410,"Electrical, Electronics, and Communications Engineering",70690.0,74576.0,34.0,27000.0,12.0
152600,Valparaiso University,1414,Environmental/Environmental Health Engineering,,,,,0.0
152600,Valparaiso University,1419,Mechanical Engineering,67015.0,65089.0,78.0,27000.0,42.0
152673,Wabash College,1107,Computer Science,,,,,5.0
152992,Briar Cliff University,1107,Computer Science,,,,,4.0
152992,Briar Cliff University,1108,Computer Software and Media Applications,,,,,0.0
153001,Buena Vista University,1101,"Computer and Information Sciences, General",,,,,5.0
153001,Buena Vista University,1105,Computer Systems Analysis,,,,,1.0
153108,Central College,1104,Information Science/Studies,,,,,0.0
153108,Central College,1107,Computer Science,,,,,8.0
153108,Central College,1401,"Engineering, General",,,,,12.0
153126,Clarke University,1101,"Computer and Information Sciences, General",,57318.0,,,6.0
153126,Clarke University,1107,Computer Science,,,,,
153126,Clarke University,1108,Computer Software and Media Applications,,,,,0.0
153144,Coe College,1107,Computer Science,,61516.0,,,11.0
153162,Cornell College,1107,Computer Science,,42682.0,,,16.0
153162,Cornell College,1401,"Engineering, General",,,,,17.0
153162,Cornell College,1413,Engineering Science,,,,,0.0
153250,Dordt University,1101,"Computer and Information Sciences, General",,,,,11.0
153250,Dordt University,1104,Information Science/Studies,,,,,0.0
153250,Dordt University,1105,Computer Systems Analysis,,,,,0.0
153250,Dordt University,1401,"Engineering, General",,,,,3.0
153250,Dordt University,1405,Biomedical/Medical Engineering,,,,,0.0
153250,Dordt University,1407,Chemical Engineering,,,,,2.0
153250,Dordt University,1408,Civil Engineering,,58673.0,,,3.0
153250,Dordt University,1409,Computer Engineering,,,,,1.0
153250,Dordt University,1410,"Electrical, Electronics, and Communications Engineering",,,,,2.0
153250,Dordt University,1413,Engineering Science,,,,,4.0
153250,Dordt University,1419,Mechanical Engineering,61563.0,57770.0,23.0,,19.0
153269,Drake University,1101,"Computer and Information Sciences, General",62903.0,62409.0,18.0,21281.0,34.0
153278,University of Dubuque,1101,"Computer and Information Sciences, General",,,,,5.0
153278,University of Dubuque,1103,Data Processing,,,,,3.0
153278,University of Dubuque,1108,Computer Software and Media Applications,30459.0,30554.0,24.0,,7.0
153302,Emmaus Bible College,1101,"Computer and Information Sciences, General",,,,,2.0
153302,Emmaus Bible College,1107,Computer Science,,,,,1.0
153302,Emmaus Bible College,1110,Computer/Information Technology Administration and Management,,,,,
153366,Graceland University-Lamoni,1101,"Computer and Information Sciences, General",,,,,5.0
153366,Graceland University-Lamoni,1108,Computer Software and Media Applications,,,,,
153375,Grand View University,1101,"Computer and Information Sciences, General",50599.0,59485.0,21.0,,
153375,Grand View University,1102,Computer Programming,,,,,
153375,Grand View University,1107,Computer Science,,,,,5.0
153375,Grand View University,1108,Computer Software and Media Applications,,,,,
153384,Grinnell College,1107,Computer Science,70658.0,91744.0,36.0,16375.0,56.0
153384,Grinnell College,1199,"Computer and Information Sciences and Support Services, Other",,,,,
153603,Iowa State University,1101,"Computer and Information Sciences, General",,,,24438.0,195.0
153603,Iowa State University,1107,Computer Science,71184.0,71734.0,81.0,24663.0,96.0
153603,Iowa State University,1402,"Aerospace, Aeronautical, and Astronautical/Space Engineering",66960.0,62734.0,145.0,26572.0,158.0
153603,Iowa State University,1403,Agricultural Engineering,63141.0,60485.0,52.0,21500.0,78.0
153603,Iowa State University,1407,Chemical Engineering,70534.0,67156.0,122.0,20188.0,123.0
153603,Iowa State University,1408,Civil Engineering,61277.0,62632.0,142.0,25250.0,122.0
153603,Iowa State University,1409,Computer Engineering,72598.0,73839.0,190.0,24337.0,295.0
153603,Iowa State University,1410,"Electrical, Electronics, and Communications Engineering",74299.0,73321.0,85.0,26997.0,104.0
153603,Iowa State University,1414,Environmental/Environmental Health Engineering,,,,,5.0
153603,Iowa State University,1418,Materials Engineering,66475.0,63005.0,50.0,23125.0,44.0
153603,Iowa State University,1419,Mechanical Engineering,64842.0,67221.0,445.0,23500.0,406.0
153603,Iowa State University,1433,Construction Engineering,71580.0,70083.0,79.0,20500.0,71.0
153603,Iowa State University,1435,Industrial Engineering,67086.0,68101.0,120.0,23750.0,132.0
153658,University of Iowa,1101,"Computer and Information Sciences, General",57434.0,54835.0,113.0,26025.0,37.0
153658,University of Iowa,1107,Computer Science,,,,,96.0
153658,University of Iowa,1401,"Engineering, General",,,,,0.0
153658,University of Iowa,1405,Biomedical/Medical Engineering,51874.0,56867.0,79.0,27000.0,92.0
153658,University of Iowa,1407,Chemical Engineering,64942.0,64990.0,38.0,27000.0,40.0
153658,University of Iowa,1408,Civil Engineering,61039.0,61651.0,56.0,27000.0,41.0
153658,University of Iowa,1409,Computer Engineering,,,,19500.0,68.0
153658,University of Iowa,1410,"Electrical, Electronics, and Communications Engineering",72973.0,69657.0,54.0,25875.0,35.0
153658,University of Iowa,1414,Environmental/Environmental Health Engineering,,,,,4.0
153658,University of Iowa,1419,Mechanical Engineering,63367.0,64581.0,116.0,23109.0,89.0
153658,University of Iowa,1435,Industrial Engineering,67231.0,71351.0,41.0,22540.0,29.0
153825,Loras College,1107,Computer Science,,,,,5.0
153825,Loras College,1401,"Engineering, General",,,,,13.0
153825,Loras College,1412,Engineering Physics,,,,,
153825,Loras College,1419,Mechanical Engineering,,,,,
153834,Luther College,1104,Information Science/Studies,,,,,14.0
153834,Luther College,1107,Computer Science,66195.0,75518.0,21.0,27000.0,13.0
153861,Maharishi International University,1107,Computer Science,,,,,4.0
154004,Morningside University,1101,"Computer and Information Sciences, General",,,,,2.0
154004,Morningside University,1102,Computer Programming,,,,,9.0
154004,Morningside University,1412,Engineering Physics,,,,,1.0
154013,Mount Mercy University,1107,Computer Science,,63005.0,,,8.0
154022,The University of Arizona Global Campus,1101,"Computer and Information Sciences, General",,,,,82.0
154022,The University of Arizona Global Campus,1108,Computer Software and Media Applications,,25967.0,,,7.0
154022,The University of Arizona Global Campus,1110,Computer/Information Technology Administration and Management,,,,,45.0
154022,The University of Arizona Global Campus,1409,Computer Engineering,,,,,27.0
154095,University of Northern Iowa,1107,Computer Science,56120.0,60399.0,53.0,26200.0,33.0
154095,University of Northern Iowa,1110,Computer/Information Technology Administration and Management,,,,,0.0
154101,Northwestern College,1107,Computer Science,,,,,5.0
154101,Northwestern College,1409,Computer Engineering,,,,,0.0
154235,Saint Ambrose University,1101,"Computer and Information Sciences, General",,,,,0.0
154235,Saint Ambrose University,1105,Computer Systems Analysis,,,,,0.0
154235,Saint Ambrose University,1107,Computer Science,,,,,14.0
154235,Saint Ambrose University,1109,Computer Systems Networking and Telecommunications,,,,,0.0
154235,Saint Ambrose University,1110,Computer/Information Technology Administration and Management,,,,,10.0
154235,Saint Ambrose University,1419,Mechanical Engineering,,,,26996.0,19.0
154235,Saint Ambrose University,1435,Industrial Engineering,,63005.0,,,8.0
154350,Simpson College,1101,"Computer and Information Sciences, General",63021.0,73041.0,23.0,,14.0
154350,Simpson College,1107,Computer Science,,74576.0,,25000.0,10.0
154350,Simpson College,1412,Engineering Physics,,,,,1.0
154493,Upper Iowa University,1101,"Computer and Information Sciences, General",,,,,8.0
154493,Upper Iowa University,1409,Computer Engineering,,,,,2.0
154527,Wartburg College,1101,"Computer and Information Sciences, General",,,,,12.0
154527,Wartburg College,1413,Engineering Science,60225.0,58221.0,24.0,,11.0
154590,William Penn University,1101,"Computer and Information Sciences, General",,,,,4.0
154590,William Penn University,1107,Computer Science,,,,,1.0
154590,William Penn University,1408,Civil Engineering,,,,,0.0
154590,William Penn University,1409,Computer Engineering,,,,,3.0
154590,William Penn University,1419,Mechanical Engineering,,,,,0.0
154590,William Penn University,1435,Industrial Engineering,,,,,0.0
154688,Baker University,1107,Computer Science,,,,,3.0
154712,Benedictine College,1107,Computer Science,,,,,13.0
154712,Benedictine College,1407,Chemical Engineering,,,,,4.0
154712,Benedictine College,1408,Civil Engineering,,,,,1.0
154712,Benedictine College,1412,Engineering Physics,,,,,
154712,Benedictine College,1419,Mechanical Engineering,,,,,18.0
154721,Bethany College,1401,"Engineering, General",,,,,2.0
154749,Bethel College-North Newton,1107,Computer Science,,,,,
154749,Bethel College-North Newton,1110,Computer/Information Technology Administration and Management,,,,,
155007,Donnelly College,1101,"Computer and Information Sciences, General",,,,,2.0
155025,Emporia State University,1101,"Computer and Information Sciences, General",,,,,8.0
155025,Emporia State University,1104,Information Science/Studies,47717.0,59485.0,24.0,19237.0,14.0
155061,Fort Hays State University,1101,"Computer and Information Sciences, General",,,,,0.0
155061,Fort Hays State University,1102,Computer Programming,,,,28000.0,148.0
155061,Fort Hays State University,1104,Information Science/Studies,44081.0,47846.0,47.0,26427.0,71.0
155061,Fort Hays State University,1108,Computer Software and Media Applications,,,,,
155061,Fort Hays State University,1435,Industrial Engineering,,,,,12.0
155089,Friends University,1101,"Computer and Information Sciences, General",,,,,8.0
155089,Friends University,1104,Information Science/Studies,,63005.0,,,0.0
155089,Friends University,1110,Computer/Information Technology Administration and Management,,,,,3.0
155089,Friends University,1419,Mechanical Engineering,,,,,4.0
155317,University of Kansas,1101,"Computer and Information Sciences, General",64919.0,64990.0,78.0,27000.0,143.0
155317,University of Kansas,1402,"Aerospace, Aeronautical, and Astronautical/Space Engineering",61908.0,57318.0,19.0,25000.0,42.0
155317,University of Kansas,1404,Architectural Engineering,62052.0,,22.0,23000.0,33.0
155317,University of Kansas,1407,Chemical Engineering,65436.0,59722.0,62.0,20500.0,62.0
155317,University of Kansas,1408,Civil Engineering,62231.0,63666.0,32.0,26000.0,60.0
155317,University of Kansas,1409,Computer Engineering,68011.0,,22.0,,7.0
155317,University of Kansas,1410,"Electrical, Electronics, and Communications Engineering",,69338.0,,21500.0,21.0
155317,University of Kansas,1412,Engineering Physics,,,,,5.0
155317,University of Kansas,1419,Mechanical Engineering,64974.0,66001.0,88.0,22500.0,95.0
155317,University of Kansas,1425,Petroleum Engineering,71179.0,63005.0,42.0,25000.0,13.0
155335,Newman University,1104,Information Science/Studies,,,,,0.0
155399,Kansas State University,1101,"Computer and Information Sciences, General",67854.0,69338.0,79.0,25871.0,105.0
155399,Kansas State University,1104,Information Science/Studies,65745.0,,18.0,,
155399,Kansas State University,1110,Computer/Information Technology Administration and Management,,,,,0.0
155399,Kansas State University,1403,Agricultural Engineering,57356.0,55718.0,27.0,22873.0,29.0
155399,Kansas State University,1404,Architectural Engineering,68390.0,65557.0,47.0,27000.0,38.0
155399,Kansas State University,1405,Biomedical/Medical Engineering,,,,,17.0
155399,Kansas State University,1407,Chemical Engineering,71780.0,70456.0,44.0,24750.0,41.0
155399,Kansas State University,1408,Civil Engineering,58353.0,59124.0,51.0,25250.0,45.0
155399,Kansas State University,1409,Computer Engineering,70776.0,,22.0,25766.0,30.0
155399,Kansas State University,1410,"Electrical, Electronics, and Communications Engineering",68831.0,71734.0,47.0,23105.0,38.0
155399,Kansas State University,1414,Environmental/Environmental Health Engineering,,,,,0.0
155399,Kansas State University,1419,Mechanical Engineering,65670.0,65131.0,170.0,25000.0,182.0
155399,Kansas State University,1435,Industrial Engineering,72147.0,70456.0,48.0,25000.0,50.0
155414,Kansas Wesleyan University,1101,"Computer and Information Sciences, General",,,,,1.0
155414,Kansas Wesleyan University,1110,Computer/Information Technology Administration and Management,,,,,3.0
155414,Kansas Wesleyan University,1412,Engineering Physics,,,,,0.0
155511,McPherson College,1101,"Computer and Information Sciences, General",,,,,0.0
155520,MidAmerica Nazarene University,1101,"Computer and Information Sciences, General",,,,,10.0
155520,MidAmerica Nazarene University,1107,Computer Science,,,,,2.0
155627,Ottawa University-Ottawa,1104,Information Science/Studies,,,,,0.0
155627,Ottawa University-Ottawa,1110,Computer/Information Technology Administration and Management,,,,,0.0
155627,Ottawa University-Ottawa,1401,"Engineering, General",,,,,0.0
155636,Ottawa University-Kansas City,1101,"Computer and Information Sciences, General",,,,,0.0
155636,Ottawa University-Kansas City,1104,Information Science/Studies,,,,,0.0
155681,Pittsburg State University,1105,Computer Systems Analysis,46945.0,45383.0,32.0,20500.0,22.0
155681,Pittsburg State University,1107,Computer Science,,,,,
155812,University of Saint Mary,1101,"Computer and Information Sciences, General",,,,,5.0
155900,Southwestern College,1102,Computer Programming,49688.0,,22.0,6500.0,36.0
155900,Southwestern College,1107,Computer Science,,,,,13.0
155900,Southwestern College,1110,Computer/Information Technology Administration and Management,,,,,18.0
155900,Southwestern College,1199,"Computer and Information Sciences and Support Services, Other",,61516.0,,,
156082,Washburn University,1101,"Computer and Information Sciences, General",49785.0,64493.0,22.0,,18.0
156082,Washburn University,1105,Computer Systems Analysis,,,,,0.0
156125,Wichita State University,1101,"Computer and Information Sciences, General",,,,15450.0,24.0
156125,Wichita State University,1107,Computer Science,,,,25728.0,68.0
156125,Wichita State University,1402,"Aerospace, Aeronautical, and Astronautical/Space Engineering",63979.0,64328.0,22.0,22250.0,67.0
156125,Wichita State University,1405,Biomedical/Medical Engineering,39986.0,40281.0,21.0,27250.0,35.0
156125,Wichita State University,1409,Computer Engineering,54772.0,64990.0,68.0,27500.0,23.0
156125,Wichita State University,1410,"Electrical, Electronics, and Communications Engineering",63405.0,69338.0,41.0,22500.0,
156125,Wichita State University,1419,Mechanical Engineering,63455.0,65784.0,101.0,21658.0,76.0
156125,Wichita State University,1435,Industrial Engineering,,63005.0,,,27.0
156125,Wichita State University,1436,Manufacturing Engineering,,,,,10.0
156125,Wichita State University,1447,Electrical and Computer Engineering,,,,,31.0
156213,Asbury University,1401,"Engineering, General",,,,,0.0
156286,Bellarmine University,1101,"Computer and Information Sciences, General",,,,,11.0
156286,Bellarmine University,1409,Computer Engineering,,,,,1.0
156295,Berea College,1101,"Computer and Information Sciences, General",39226.0,50856.0,36.0,,22.0
156356,Brescia University,1101,"Computer and Information Sciences, General",,,,,5.0
156365,Campbellsville University,1101,"Computer and Information Sciences, General",,,,,0.0
156365,Campbellsville University,1107,Computer Science,,,,,2.0
156408,Centre College,1107,Computer Science,,,,,16.0
156541,University of the Cumberlands,1101,"Computer and Information Sciences, General",,,,23951.0,69.0
156541,University of the Cumberlands,1499,"Engineering, Other",,,,,1.0
156620,Eastern Kentucky University,1101,"Computer and Information Sciences, General",50605.0,49019.0,35.0,25145.0,29.0
156745,Georgetown College,1101,"Computer and Information Sciences, General",,,,,
156745,Georgetown College,1107,Computer Science,,,,,
156745,Georgetown College,1108,Computer Software and Media Applications,,,,,
157058,Kentucky State University,1101,"Computer and Information Sciences, General",45249.0,26353.0,17.0,,8.0
157085,University of Kentucky,1101,"Computer and Information Sciences, General",60064.0,59350.0,102.0,22250.0,108.0
157085,University of Kentucky,1104,Information Science/Studies,42916.0,,28.0,26026.0,61.0
157085,University of Kentucky,1403,Agricultural Engineering,51269.0,46087.0,22.0,19500.0,22.0
157085,University of Kentucky,1405,Biomedical/Medical Engineering,,,,,
157085,University of Kentucky,1407,Chemical Engineering,60597.0,67324.0,73.0,25308.0,68.0
157085,University of Kentucky,1408,Civil Engineering,55159.0,52274.0,84.0,23625.0,84.0
157085,University of Kentucky,1409,Computer Engineering,64632.0,69338.0,35.0,21500.0,54.0
157085,University of Kentucky,1410,"Electrical, Electronics, and Communications Engineering",67465.0,68666.0,68.0,25000.0,51.0
157085,University of Kentucky,1418,Materials Engineering,,,,,13.0
157085,University of Kentucky,1419,Mechanical Engineering,62556.0,66592.0,184.0,25000.0,168.0
157085,University of Kentucky,1421,Mining and Mineral Engineering,,71015.0,,,16.0
157289,University of Louisville,1101,"Computer and Information Sciences, General",,,,21500.0,133.0
157289,University of Louisville,1107,Computer Science,,,,,0.0
157289,University of Louisville,1405,Biomedical/Medical Engineering,58069.0,,18.0,15500.0,23.0
157289,University of Louisville,1407,Chemical Engineering,67646.0,77715.0,39.0,21500.0,47.0
157289,University of Louisville,1408,Civil Engineering,,60523.0,,24503.0,45.0
157289,University of Louisville,1409,Computer Engineering,64323.0,68499.0,47.0,21306.0,72.0
157289,University of Louisville,1410,"Electrical, Electronics, and Communications Engineering",69717.0,68778.0,40.0,13311.0,52.0
157289,University of Louisville,1419,Mechanical Engineering,65414.0,62632.0,88.0,21500.0,105.0
157289,University of Louisville,1435,Industrial Engineering,67572.0,,25.0,23000.0,28.0
157377,Midway University,1107,Computer Science,,,,,0.0
157386,Morehead State University,1101,"Computer and Information Sciences, General",43023.0,41565.0,28.0,,10.0
157386,Morehead State University,1402,"Aerospace, Aeronautical, and Astronautical/Space Engineering",,,,,11.0
157386,Morehead State University,1427,Systems Engineering,,,,,0.0
157401,Murray State University,1101,"Computer and Information Sciences, General",,,,,11.0
157401,Murray State University,1104,Information Science/Studies,46964.0,50856.0,30.0,24000.0,
157401,Murray State University,1107,Computer Science,43888.0,53775.0,26.0,25000.0,21.0
157401,Murray State University,1110,Computer/Information Technology Administration and Management,,,,,27.0
157401,Murray State University,1408,Civil Engineering,,,,,4.0
157401,Murray State University,1412,Engineering Physics,59115.0,47260.0,23.0,19521.0,26.0
157447,Northern Kentucky University,1101,"Computer and Information Sciences, General",53922.0,59071.0,137.0,25000.0,114.0
157447,Northern Kentucky University,1104,Information Science/Studies,27260.0,36560.0,50.0,27000.0,22.0
157447,Northern Kentucky University,1108,Computer Software and Media Applications,,,,,
157447,Northern Kentucky University,1110,Computer/Information Technology Administration and Management,,,,,1.0
157447,Northern Kentucky University,1199,"Computer and Information Sciences and Support Services, Other",,,,,
157447,Northern Kentucky University,1412,Engineering Physics,,,,,2.0
157535,University of Pikeville,1101,"Computer and Information Sciences, General",,,,,5.0
157535,University of Pikeville,1110,Computer/Information Technology Administration and Management,,,,,0.0
157793,Sullivan University,1101,"Computer and Information Sciences, General",56202.0,51106.0,56.0,36446.0,12.0
157793,Sullivan University,1105,Computer Systems Analysis,,,,,
157793,Sullivan University,1108,Computer Software and Media Applications,,,,,2.0
157793,Sullivan University,1110,Computer/Information Technology Administration and Management,,,,,11.0
157809,Thomas More University,1101,"Computer and Information Sciences, General",,,,,6.0
157818,Transylvania University,1101,"Computer and Information Sciences, General",,,,,2.0
157863,Union Commonwealth University,1101,"Computer and Information Sciences, General",,,,,
157951,Western Kentucky University,1101,"Computer and Information Sciences, General",50723.0,46087.0,68.0,27000.0,60.0
157951,Western Kentucky University,1107,Computer Science,,,,,26.0
157951,Western Kentucky University,1408,Civil Engineering,50759.0,51551.0,26.0,22100.0,33.0
157951,Western Kentucky University,1410,"Electrical, Electronics, and Communications Engineering",62199.0,70009.0,17.0,,12.0
157951,Western Kentucky University,1419,Mechanical Engineering,65193.0,63005.0,29.0,27000.0,46.0
158802,Dillard University,1101,"Computer and Information Sciences, General",,,,,5.0
159009,Grambling State University,1104,Information Science/Studies,42093.0,,18.0,31000.0,22.0
159009,Grambling State University,1107,Computer Science,,,,,5.0
159009,Grambling State University,1109,Computer Systems Networking and Telecommunications,,,,,0.0
159009,Grambling State University,1110,Computer/Information Technology Administration and Management,,,,,1.0
159382,Louisiana State University at Alexandria,1107,Computer Science,,,,,0.0
159391,Louisiana State University and Agricultural & Mechanical College,1107,Computer Science,54915.0,55964.0,77.0,21562.0,141.0
159391,Louisiana State University and Agricultural & Mechanical College,1405,Biomedical/Medical Engineering,38002.0,31133.0,26.0,21788.0,60.0
159391,Louisiana State University and Agricultural & Mechanical College,1407,Chemical Engineering,80305.0,76460.0,90.0,20500.0,82.0
159391,Louisiana State University and Agricultural & Mechanical College,1408,Civil Engineering,59301.0,61330.0,96.0,22486.0,108.0
159391,Louisiana State University and Agricultural & Mechanical College,1409,Computer Engineering,72214.0,66915.0,20.0,,22.0
159391,Louisiana State University and Agricultural & Mechanical College,1410,"Electrical, Electronics, and Communications Engineering",74032.0,68965.0,69.0,22368.0,69.0
159391,Louisiana State University and Agricultural & Mechanical College,1413,Engineering Science,,,,,
159391,Louisiana State University and Agricultural & Mechanical College,1414,Environmental/Environmental Health Engineering,56737.0,50856.0,32.0,24486.0,35.0
159391,Louisiana State University and Agricultural & Mechanical College,1418,Materials Engineering,,,,,
159391,Louisiana State University and Agricultural & Mechanical College,1419,Mechanical Engineering,70811.0,71402.0,111.0,18500.0,103.0
159391,Louisiana State University and Agricultural & Mechanical College,1425,Petroleum Engineering,75560.0,60099.0,171.0,25750.0,45.0
159391,Louisiana State University and Agricultural & Mechanical College,1435,Industrial Engineering,60658.0,73949.0,44.0,21500.0,54.0
159416,Louisiana State University-Shreveport,1101,"Computer and Information Sciences, General",,,,,0.0
159416,Louisiana State University-Shreveport,1107,Computer Science,57346.0,54322.0,28.0,28992.0,17.0
159568,Louisiana Christian University,1107,Computer Science,,,,,2.0
159568,Louisiana Christian University,1110,Computer/Information Technology Administration and Management,,,,,1.0
159568,Louisiana Christian University,1401,"Engineering, General",,,,,
159647,Louisiana Tech University,1107,Computer Science,63478.0,53810.0,38.0,22875.0,50.0
159647,Louisiana Tech University,1405,Biomedical/Medical Engineering,,,,21500.0,17.0
159647,Louisiana Tech University,1407,Chemical Engineering,76802.0,,26.0,18342.0,28.0
159647,Louisiana Tech University,1408,Civil Engineering,53527.0,,31.0,27000.0,20.0
159647,Louisiana Tech University,1410,"Electrical, Electronics, and Communications Engineering",71940.0,,37.0,21000.0,45.0
159647,Louisiana Tech University,1419,Mechanical Engineering,69065.0,63600.0,75.0,26400.0,83.0
159647,Louisiana Tech University,1435,Industrial Engineering,63686.0,,16.0,31000.0,7.0
159647,Louisiana Tech University,1499,"Engineering, Other",64992.0,,16.0,,25.0
159656,Loyola University New Orleans,1101,"Computer and Information Sciences, General",,,,,13.0
159656,Loyola University New Orleans,1110,Computer/Information Technology Administration and Management,,,,,2.0
159717,McNeese State University,1107,Computer Science,49618.0,47260.0,16.0,,28.0
159717,McNeese State University,1401,"Engineering, General",64056.0,69338.0,79.0,27249.0,32.0
159717,McNeese State University,1407,Chemical Engineering,,,,,23.0
159717,McNeese State University,1419,Mechanical Engineering,,,,,34.0
159939,University of New Orleans,1107,Computer Science,59819.0,57318.0,43.0,16604.0,55.0
159939,University of New Orleans,1408,Civil Engineering,51978.0,50606.0,36.0,21750.0,21.0
159939,University of New Orleans,1410,"Electrical, Electronics, and Communications Engineering",63967.0,61516.0,27.0,29312.0,38.0
159939,University of New Orleans,1419,Mechanical Engineering,64533.0,62012.0,58.0,19000.0,40.0
159939,University of New Orleans,1422,Naval Architecture and Marine Engineering,,,,,19.0
159966,Nicholls State University,1438,Surveying Engineering,,,,,6.0
159993,University of Louisiana at Monroe,1104,Information Science/Studies,,,,,
159993,University of Louisiana at Monroe,1107,Computer Science,48014.0,59124.0,17.0,,30.0
160038,Northwestern State University of Louisiana,1104,Information Science/Studies,52057.0,59350.0,39.0,29000.0,33.0
160612,Southeastern Louisiana University,1101,"Computer and Information Sciences, General",58051.0,,20.0,22952.0,25.0
160612,Southeastern Louisiana University,1107,Computer Science,44791.0,56776.0,29.0,22824.0,22.0
160621,Southern University and A & M College,1107,Computer Science,40491.0,32382.0,19.0,30250.0,26.0
160621,Southern University and A & M College,1408,Civil Engineering,51400.0,49019.0,17.0,32162.0,12.0
160621,Southern University and A & M College,1410,"Electrical, Electronics, and Communications Engineering",44920.0,52107.0,18.0,,11.0
160621,Southern University and A & M College,1419,Mechanical Engineering,72173.0,51187.0,26.0,29500.0,26.0
160630,Southern University at New Orleans,1104,Information Science/Studies,,,,,5.0
160630,Southern University at New Orleans,1110,Computer/Information Technology Administration and Management,,,,,
160658,University of Louisiana at Lafayette,1101,"Computer and Information Sciences, General",49825.0,48823.0,46.0,25945.0,43.0
160658,University of Louisiana at Lafayette,1107,Computer Science,52823.0,56505.0,51.0,23000.0,85.0
160658,University of Louisiana at Lafayette,1407,Chemical Engineering,74585.0,59124.0,42.0,22000.0,45.0
160658,University of Louisiana at Lafayette,1408,Civil Engineering,59296.0,52107.0,18.0,27500.0,30.0
160658,University of Louisiana at Lafayette,1410,"Electrical, Electronics, and Communications Engineering",63470.0,57318.0,39.0,25750.0,30.0
160658,University of Louisiana at Lafayette,1419,Mechanical Engineering,65860.0,58402.0,69.0,22175.0,85.0
160658,University of Louisiana at Lafayette,1425,Petroleum Engineering,69557.0,61888.0,105.0,22806.0,21.0
160755,Tulane University of Louisiana,1101,"Computer and Information Sciences, General",,50606.0,,,4.0
160755,Tulane University of Louisiana,1102,Computer Programming,52151.0,35060.0,32.0,38293.0,8.0
160755,Tulane University of Louisiana,1107,Computer Science,,,,19000.0,36.0
160755,Tulane University of Louisiana,1108,Computer Software and Media Applications,,,,,0.0
160755,Tulane University of Louisiana,1110,Computer/Information Technology Administration and Management,,,,,7.0
160755,Tulane University of Louisiana,1405,Biomedical/Medical Engineering,54490.0,,17.0,23760.0,32.0
160755,Tulane University of Louisiana,1407,Chemical Engineering,72159.0,69338.0,21.0,,24.0
160755,Tulane University of Louisiana,1412,Engineering Physics,,,,,19.0
160904,Xavier University of Louisiana,1101,"Computer and Information Sciences, General",,,,,2.0
160904,Xavier University of Louisiana,1107,Computer Science,,,,,11.0
160904,Xavier University of Louisiana,1442,"Mechatronics, Robotics, and Automation Engineering",,,,,0.0
160977,Bates College,1401,"Engineering, General",,,,,0.0
161004,Bowdoin College,1107,Computer Science,,104192.0,,,42.0
161086,Colby College,1107,Computer Science,,,,,45.0
161217,University of Maine at Augusta,1101,"Computer and Information Sciences, General",39791.0,49937.0,28.0,29786.0,21.0
161217,University of Maine at Augusta,1110,Computer/Information Technology Administration and Management,,,,,38.0
161226,University of Maine at Farmington,1107,Computer Science,,,,,4.0
161226,University of Maine at Farmington,1110,Computer/Information Technology Administration and Management,,,,,1.0
161235,University of Maine at Fort Kent,1101,"Computer and Information Sciences, General",,,,,1.0
161235,University of Maine at Fort Kent,1102,Computer Programming,,,,,
161235,University of Maine at Fort Kent,1110,Computer/Information Technology Administration and Management,,,,,3.0
161253,University of Maine,1107,Computer Science,61091.0,,30.0,26209.0,30.0
161253,University of Maine,1401,"Engineering, General",,,,,0.0
161253,University of Maine,1405,Biomedical/Medical Engineering,45688.0,43798.0,27.0,20423.0,28.0
161253,University of Maine,1407,Chemical Engineering,66852.0,72509.0,45.0,20425.0,34.0
161253,University of Maine,1408,Civil Engineering,57228.0,52464.0,98.0,27000.0,58.0
161253,University of Maine,1409,Computer Engineering,64291.0,,19.0,,18.0
161253,University of Maine,1410,"Electrical, Electronics, and Communications Engineering",67874.0,73737.0,17.0,26445.0,18.0
161253,University of Maine,1412,Engineering Physics,,,,,4.0
161253,University of Maine,1419,Mechanical Engineering,65105.0,62775.0,104.0,27000.0,111.0
161253,University of Maine,1438,Surveying Engineering,,,,,0.0
161299,Maine Maritime Academy,1422,Naval Architecture and Marine Engineering,94796.0,97705.0,140.0,27000.0,61.0
161299,Maine Maritime Academy,1427,Systems Engineering,67120.0,63749.0,19.0,,11.0
161341,University of Maine at Presque Isle,1107,Computer Science,,,,,0.0
161341,University of Maine at Presque Isle,1110,Computer/Information Technology Administration and Management,,,,,0.0
161518,Saint Joseph's College of Maine,1101,"Computer and Information Sciences, General",,,,,
161554,University of Southern Maine,1107,Computer Science,62237.0,,33.0,20387.0,21.0
161554,University of Southern Maine,1110,Computer/Information Technology Administration and Management,,,,25000.0,9.0
161554,University of Southern Maine,1401,"Engineering, General",,,,,0.0
161554,University of Southern Maine,1410,"Electrical, Electronics, and Communications Engineering",70048.0,64493.0,16.0,,28.0
161554,University of Southern Maine,1419,Mechanical Engineering,59660.0,61728.0,22.0,35731.0,24.0
161554,University of Southern Maine,1435,Industrial Engineering,,,,,
161563,Thomas College,1101,"Computer and Information Sciences, General",,,,,3.0
161563,Thomas College,1107,Computer Science,,,,,11.0
161563,Thomas College,1110,Computer/Information Technology Administration and Management,,,,,5.0
161873,University of Baltimore,1101,"Computer and Information Sciences, General",,,,,0.0
161873,University of Baltimore,1104,Information Science/Studies,31376.0,31839.0,66.0,28670.0,26.0
161873,University of Baltimore,1108,Computer Software and Media Applications,,,,,
162007,Bowie State University,1101,"Computer and Information Sciences, General",,,,,11.0
162007,Bowie State University,1199,"Computer and Information Sciences and Support Services, Other",51055.0,58673.0,27.0,30000.0,81.0
162061,Capitol Technology University,1101,"Computer and Information Sciences, General",,,,,9.0
162061,Capitol Technology University,1102,Computer Programming,,,,,2.0
162061,Capitol Technology University,1108,Computer Software and Media Applications,,,,,0.0
162061,Capitol Technology University,1110,Computer/Information Technology Administration and Management,,,,25931.0,22.0
162061,Capitol Technology University,1402,"Aerospace, Aeronautical, and Astronautical/Space Engineering",,,,,3.0
162061,Capitol Technology University,1409,Computer Engineering,,,,,5.0
162061,Capitol Technology University,1410,"Electrical, Electronics, and Communications Engineering",,,,27649.0,11.0
162061,Capitol Technology University,1442,"Mechatronics, Robotics, and Automation Engineering",,,,,2.0
162210,Washington Adventist University,1101,"Computer and Information Sciences, General",,,,,0.0
162210,Washington Adventist University,1104,Information Science/Studies,,,,,1.0
162210,Washington Adventist University,1107,Computer Science,,,,,3.0
162283,Coppin State University,1104,Information Science/Studies,,,,,8.0
162283,Coppin State University,1107,Computer Science,,,,,3.0
162584,Frostburg State University,1101,"Computer and Information Sciences, General",,,,30750.0,21.0
162584,Frostburg State University,1104,Information Science/Studies,,,,,4.0
162584,Frostburg State University,1107,Computer Science,53431.0,,22.0,21500.0,21.0
162584,Frostburg State University,1110,Computer/Information Technology Administration and Management,38155.0,,16.0,,30.0
162584,Frostburg State University,1401,"Engineering, General",58995.0,63005.0,46.0,23750.0,19.0
162654,Goucher College,1101,"Computer and Information Sciences, General",,,,,7.0
162654,Goucher College,1413,Engineering Science,,,,,0.0
162760,Hood College,1107,Computer Science,,53810.0,,,13.0
162928,Johns Hopkins University,1101,"Computer and Information Sciences, General",105950.0,108649.0,48.0,12750.0,151.0
162928,Johns Hopkins University,1104,Information Science/Studies,,,,,0.0
162928,Johns Hopkins University,1401,"Engineering, General",,,,,2.0
162928,Johns Hopkins University,1405,Biomedical/Medical Engineering,35386.0,72509.0,62.0,11207.0,100.0
162928,Johns Hopkins University,1407,Chemical Engineering,51234.0,,44.0,15000.0,73.0
162928,Johns Hopkins University,1408,Civil Engineering,,,,,7.0
162928,Johns Hopkins University,1409,Computer Engineering,,84653.0,,,14.0
162928,Johns Hopkins University,1410,"Electrical, Electronics, and Communications Engineering",,79653.0,,,15.0
162928,Johns Hopkins University,1411,Engineering Mechanics,,,,,4.0
162928,Johns Hopkins University,1414,Environmental/Environmental Health Engineering,,,,,12.0
162928,Johns Hopkins University,1418,Materials Engineering,,,,,26.0
162928,Johns Hopkins University,1419,Mechanical Engineering,70563.0,71015.0,31.0,10750.0,51.0
162928,Johns Hopkins University,1427,Systems Engineering,,,,,
162928,Johns Hopkins University,1435,Industrial Engineering,,,,,0.0
163046,Loyola University Maryland,1104,Information Science/Studies,,,,,9.0
163046,Loyola University Maryland,1107,Computer Science,76265.0,58673.0,16.0,27000.0,20.0
163046,Loyola University Maryland,1401,"Engineering, General",67844.0,61516.0,42.0,27000.0,31.0
163046,Loyola University Maryland,1410,"Electrical, Electronics, and Communications Engineering",,,,,0.0
163204,University of Maryland Global Campus,1101,"Computer and Information Sciences, General",62555.0,64879.0,411.0,22000.0,585.0
163204,University of Maryland Global Campus,1104,Information Science/Studies,65374.0,64608.0,789.0,20806.0,1940.0
163204,University of Maryland Global Campus,1108,Computer Software and Media Applications,,,,,
163204,University of Maryland Global Campus,1110,Computer/Information Technology Administration and Management,62028.0,66302.0,314.0,19000.0,292.0
163268,University of Maryland-Baltimore County,1104,Information Science/Studies,59810.0,62111.0,206.0,20633.0,278.0
163268,University of Maryland-Baltimore County,1107,Computer Science,69747.0,70009.0,179.0,20000.0,314.0
163268,University of Maryland-Baltimore County,1110,Computer/Information Technology Administration and Management,41347.0,44933.0,80.0,20500.0,81.0
163268,University of Maryland-Baltimore County,1407,Chemical Engineering,56329.0,63600.0,59.0,21570.0,49.0
163268,University of Maryland-Baltimore County,1409,Computer Engineering,75661.0,73112.0,47.0,19988.0,48.0
163268,University of Maryland-Baltimore County,1419,Mechanical Engineering,62037.0,60240.0,121.0,21500.0,101.0
163286,University of Maryland-College Park,1101,"Computer and Information Sciences, General",84727.0,84653.0,367.0,,0.0
163286,University of Maryland-College Park,1104,Information Science/Studies,67391.0,66485.0,159.0,20180.0,623.0
163286,University of Maryland-College Park,1107,Computer Science,,,,20000.0,954.0
163286,University of Maryland-College Park,1108,Computer Software and Media Applications,,,,,0.0
163286,University of Maryland-College Park,1401,"Engineering, General",,,,,0.0
163286,University of Maryland-College Park,1402,"Aerospace, Aeronautical, and Astronautical/Space Engineering",66447.0,67899.0,68.0,22500.0,140.0
163286,University of Maryland-College Park,1403,Agricultural Engineering,60946.0,73164.0,57.0,22500.0,95.0
163286,University of Maryland-College Park,1407,Chemical Engineering,68178.0,63005.0,70.0,23250.0,63.0
163286,University of Maryland-College Park,1408,Civil Engineering,64651.0,67420.0,107.0,21437.0,120.0
163286,University of Maryland-College Park,1409,Computer Engineering,88418.0,80466.0,67.0,20695.0,117.0
163286,University of Maryland-College Park,1410,"Electrical, Electronics, and Communications Engineering",74798.0,71761.0,117.0,23804.0,112.0
163286,University of Maryland-College Park,1418,Materials Engineering,61034.0,66325.0,25.0,,33.0
163286,University of Maryland-College Park,1419,Mechanical Engineering,69594.0,69691.0,281.0,20500.0,360.0
163286,University of Maryland-College Park,1445,Biological/Biosystems Engineering,,,,,0.0
163286,University of Maryland-College Park,1499,"Engineering, Other",68270.0,69897.0,17.0,18750.0,48.0
163338,University of Maryland Eastern Shore,1101,"Computer and Information Sciences, General",42169.0,47260.0,16.0,31000.0,9.0
163338,University of Maryland Eastern Shore,1401,"Engineering, General",,,,18166.0,12.0
163453,Morgan State University,1101,"Computer and Information Sciences, General",,57318.0,,,35.0
163453,Morgan State University,1104,Information Science/Studies,46832.0,,18.0,26750.0,34.0
163453,Morgan State University,1107,Computer Science,49040.0,,20.0,,
163453,Morgan State University,1109,Computer Systems Networking and Telecommunications,,,,,1.0
163453,Morgan State University,1408,Civil Engineering,53157.0,61218.0,29.0,26500.0,48.0
163453,Morgan State University,1410,"Electrical, Electronics, and Communications Engineering",71597.0,65964.0,83.0,31000.0,73.0
163453,Morgan State University,1412,Engineering Physics,,,,,2.0
163453,Morgan State University,1435,Industrial Engineering,66187.0,69338.0,19.0,30500.0,18.0
163453,Morgan State University,1442,"Mechatronics, Robotics, and Automation Engineering",,,,,0.0
163462,Mount St. Mary's University,1101,"Computer and Information Sciences, General",48900.0,,18.0,21240.0,22.0
163462,Mount St. Mary's University,1110,Computer/Information Technology Administration and Management,,,,,25.0
163578,Notre Dame of Maryland University,1104,Information Science/Studies,,,,,1.0
163851,Salisbury University,1101,"Computer and Information Sciences, General",57634.0,74576.0,45.0,24656.0,29.0
163851,Salisbury University,1104,Information Science/Studies,48581.0,57564.0,80.0,23250.0,49.0
163912,St. Mary's College of Maryland,1101,"Computer and Information Sciences, General",66972.0,59124.0,34.0,22000.0,18.0
164076,Towson University,1101,"Computer and Information Sciences, General",49592.0,55813.0,135.0,20562.0,196.0
164076,Towson University,1104,Information Science/Studies,50680.0,56544.0,49.0,25000.0,38.0
164076,Towson University,1107,Computer Science,67242.0,66821.0,122.0,20340.0,167.0
164155,United States Naval Academy,1101,"Computer and Information Sciences, General",,,,,15.0
164155,United States Naval Academy,1107,Computer Science,,,,,45.0
164155,United States Naval Academy,1401,"Engineering, General",,,,,8.0
164155,United States Naval Academy,1402,"Aerospace, Aeronautical, and Astronautical/Space Engineering",,,,,44.0
164155,United States Naval Academy,1409,Computer Engineering,,,,,12.0
164155,United States Naval Academy,1410,"Electrical, Electronics, and Communications Engineering",,,,,17.0
164155,United States Naval Academy,1419,Mechanical Engineering,,,,,58.0
164155,United States Naval Academy,1422,Naval Architecture and Marine Engineering,,,,,26.0
164155,United States Naval Academy,1423,Nuclear Engineering,,,,,17.0
164155,United States Naval Academy,1424,Ocean Engineering,,,,,46.0
164155,United States Naval Academy,1437,Operations Research,,,,,102.0
164155,United States Naval Academy,1442,"Mechatronics, Robotics, and Automation Engineering",,,,,60.0
164173,Stevenson University,1104,Information Science/Studies,58454.0,,16.0,,1.0
164173,Stevenson University,1109,Computer Systems Networking and Telecommunications,51295.0,53537.0,51.0,27000.0,19.0
164173,Stevenson University,1110,Computer/Information Technology Administration and Management,,,,,27.0
164173,Stevenson University,1405,Biomedical/Medical Engineering,,,,,0.0
164216,Washington College,1107,Computer Science,,63005.0,,,11.0
164270,McDaniel College,1101,"Computer and Information Sciences, General",,,,,6.0
164465,Amherst College,1107,Computer Science,96310.0,,17.0,16750.0,55.0
164562,Assumption University,1101,"Computer and Information Sciences, General",,,,,4.0
164562,Assumption University,1107,Computer Science,,,,,4.0
164562,Assumption University,1110,Computer/Information Technology Administration and Management,,,,,8.0
164632,Bay Path University,1101,"Computer and Information Sciences, General",,,,30122.0,8.0
164641,Bay State College,1101,"Computer and Information Sciences, General",,,,,0.0
164739,Bentley University,1101,"Computer and Information Sciences, General",70949.0,74200.0,40.0,26000.0,61.0
164739,Bentley University,1110,Computer/Information Technology Administration and Management,67794.0,,22.0,24747.0,27.0
164748,Berklee College of Music,1108,Computer Software and Media Applications,,,,27000.0,379.0
164924,Boston College,1104,Information Science/Studies,69748.0,76460.0,72.0,17500.0,78.0
164924,Boston College,1107,Computer Science,89714.0,84100.0,45.0,19000.0,125.0
164988,Boston University,1101,"Computer and Information Sciences, General",,,,,
164988,Boston University,1107,Computer Science,82237.0,84994.0,135.0,23250.0,294.0
164988,Boston University,1401,"Engineering, General",,,,,0.0
164988,Boston University,1405,Biomedical/Medical Engineering,61357.0,67660.0,109.0,26848.0,126.0
164988,Boston University,1409,Computer Engineering,90529.0,82440.0,94.0,26866.0,122.0
164988,Boston University,1410,"Electrical, Electronics, and Communications Engineering",61072.0,70829.0,37.0,26646.0,50.0
164988,Boston University,1412,Engineering Physics,,,,,1.0
164988,Boston University,1419,Mechanical Engineering,69404.0,68858.0,137.0,26400.0,149.0
165015,Brandeis University,1107,Computer Science,84340.0,80309.0,71.0,26142.0,99.0
165024,Bridgewater State University,1107,Computer Science,52602.0,60623.0,42.0,27000.0,44.0
165334,Clark University,1101,"Computer and Information Sciences, General",,,,,0.0
165334,Clark University,1107,Computer Science,80590.0,74576.0,19.0,,27.0
165529,Curry College,1101,"Computer and Information Sciences, General",,,,,5.0
165529,Curry College,1102,Computer Programming,,,,,2.0
165529,Curry College,1107,Computer Science,,,,,
165644,Eastern Nazarene College,1101,"Computer and Information Sciences, General",,,,,0.0
165644,Eastern Nazarene College,1107,Computer Science,,,,,5.0
165644,Eastern Nazarene College,1401,"Engineering, General",,,,,0.0
165644,Eastern Nazarene College,1409,Computer Engineering,,,,,1.0
165644,Eastern Nazarene College,1410,"Electrical, Electronics, and Communications Engineering",,,,,2.0
165644,Eastern Nazarene College,1412,Engineering Physics,,,,,0.0
165671,Emmanuel College,1107,Computer Science,,,,,
165699,Endicott College,1107,Computer Science,,,,,10.0
165699,Endicott College,1401,"Engineering, General",,,,,4.0
165699,Endicott College,1405,Biomedical/Medical Engineering,,,,,1.0
165802,Fisher College,1101,"Computer and Information Sciences, General",,,,,8.0
165820,Fitchburg State University,1101,"Computer and Information Sciences, General",44925.0,46087.0,17.0,27875.0,13.0
165820,Fitchburg State University,1102,Computer Programming,,,,,
165820,Fitchburg State University,1107,Computer Science,,63005.0,,,22.0
165866,Framingham State University,1101,"Computer and Information Sciences, General",54934.0,52107.0,39.0,25673.0,22.0
165884,Benjamin Franklin Cummings Institute of Technology,1410,"Electrical, Electronics, and Communications Engineering",,,,,4.0
165936,Gordon College,1107,Computer Science,,,,,10.0
166018,Hampshire College,1107,Computer Science,,,,,6.0
166018,Hampshire College,1108,Computer Software and Media Applications,,,,,1.0
166027,Harvard University,1107,Computer Science,140072.0,128737.0,58.0,,173.0
166027,Harvard University,1110,Computer/Information Technology Administration and Management,,,,,0.0
166027,Harvard University,1405,Biomedical/Medical Engineering,,,,,8.0
166027,Harvard University,1410,"Electrical, Electronics, and Communications Engineering",,,,,7.0
166027,Harvard University,1413,Engineering Science,,,,,45.0
166027,Harvard University,1419,Mechanical Engineering,,,,,18.0
166124,College of the Holy Cross,1107,Computer Science,,,,27000.0,26.0
166391,Lasell University,1101,"Computer and Information Sciences, General",,,,,0.0
166513,University of Massachusetts-Lowell,1104,Information Science/Studies,60218.0,61814.0,187.0,27820.0,160.0
166513,University of Massachusetts-Lowell,1107,Computer Science,73995.0,71575.0,118.0,27000.0,173.0
166513,University of Massachusetts-Lowell,1405,Biomedical/Medical Engineering,,,,27000.0,48.0
166513,University of Massachusetts-Lowell,1407,Chemical Engineering,62760.0,63501.0,94.0,27000.0,59.0
166513,University of Massachusetts-Lowell,1408,Civil Engineering,59999.0,56544.0,68.0,27000.0,55.0
166513,University of Massachusetts-Lowell,1409,Computer Engineering,65811.0,74576.0,37.0,27000.0,66.0
166513,University of Massachusetts-Lowell,1410,"Electrical, Electronics, and Communications Engineering",69655.0,66989.0,120.0,27000.0,106.0
166513,University of Massachusetts-Lowell,1414,Environmental/Environmental Health Engineering,,,,,12.0
166513,University of Massachusetts-Lowell,1419,Mechanical Engineering,63402.0,60623.0,191.0,27000.0,166.0
166513,University of Massachusetts-Lowell,1432,Polymer/Plastics Engineering,66354.0,63005.0,59.0,27000.0,42.0
166629,University of Massachusetts-Amherst,1101,"Computer and Information Sciences, General",,52107.0,,,56.0
166629,University of Massachusetts-Amherst,1107,Computer Science,79216.0,78232.0,232.0,23569.0,391.0
166629,University of Massachusetts-Amherst,1199,"Computer and Information Sciences and Support Services, Other",57821.0,,80.0,,
166629,University of Massachusetts-Amherst,1405,Biomedical/Medical Engineering,,,,,65.0
166629,University of Massachusetts-Amherst,1407,Chemical Engineering,59840.0,58303.0,105.0,27000.0,60.0
166629,University of Massachusetts-Amherst,1408,Civil Engineering,62074.0,60903.0,101.0,27000.0,79.0
166629,University of Massachusetts-Amherst,1409,Computer Engineering,71683.0,75518.0,51.0,27000.0,57.0
166629,University of Massachusetts-Amherst,1410,"Electrical, Electronics, and Communications Engineering",72222.0,69338.0,60.0,27000.0,47.0
166629,University of Massachusetts-Amherst,1419,Mechanical Engineering,66719.0,65594.0,225.0,27000.0,147.0
166629,University of Massachusetts-Amherst,1435,Industrial Engineering,72455.0,69338.0,28.0,27000.0,30.0
166638,University of Massachusetts-Boston,1101,"Computer and Information Sciences, General",51752.0,51551.0,194.0,24391.0,137.0
166638,University of Massachusetts-Boston,1107,Computer Science,,,,,71.0
166638,University of Massachusetts-Boston,1108,Computer Software and Media Applications,,,,,
166638,University of Massachusetts-Boston,1409,Computer Engineering,,,,,8.0
166638,University of Massachusetts-Boston,1410,"Electrical, Electronics, and Communications Engineering",,,,25874.0,30.0
166638,University of Massachusetts-Boston,1412,Engineering Physics,,,,,3.0
166683,Massachusetts Institute of Technology,1101,"Computer and Information Sciences, General",,,,,
166683,Massachusetts Institute of Technology,1107,Computer Science,118191.0,127993.0,134.0,12000.0,384.0
166683,Massachusetts Institute of Technology,1402,"Aerospace, Aeronautical, and Astronautical/Space Engineering",72563.0,83177.0,29.0,17724.0,59.0
166683,Massachusetts Institute of Technology,1405,Biomedical/Medical Engineering,46651.0,,34.0,13000.0,47.0
166683,Massachusetts Institute of Technology,1407,Chemical Engineering,81524.0,80964.0,41.0,15209.0,48.0
166683,Massachusetts Institute of Technology,1408,Civil Engineering,,,,,9.0
166683,Massachusetts Institute of Technology,1410,"Electrical, Electronics, and Communications Engineering",104229.0,121226.0,90.0,11935.0,73.0
166683,Massachusetts Institute of Technology,1414,Environmental/Environmental Health Engineering,,,,,5.0
166683,Massachusetts Institute of Technology,1418,Materials Engineering,80203.0,65238.0,21.0,,30.0
166683,Massachusetts Institute of Technology,1419,Mechanical Engineering,80396.0,79647.0,128.0,11334.0,142.0
166683,Massachusetts Institute of Technology,1423,Nuclear Engineering,,,,,5.0
166692,Massachusetts Maritime Academy,1401,"Engineering, General",,,,,51.0
166692,Massachusetts Maritime Academy,1422,Naval Architecture and Marine Engineering,83261.0,89968.0,152.0,27000.0,59.0
166692,Massachusetts Maritime Academy,1427,Systems Engineering,83288.0,,18.0,27000.0,
166692,Massachusetts Maritime Academy,1448,Energy Systems Engineering,,,,,16.0
166692,Massachusetts Maritime Academy,1499,"Engineering, Other",72995.0,73035.0,87.0,26500.0,
166850,Merrimack College,1101,"Computer and Information Sciences, General",,,,,
166850,Merrimack College,1104,Information Science/Studies,,,,,
166850,Merrimack College,1107,Computer Science,65662.0,,17.0,,19.0
166850,Merrimack College,1199,"Computer and Information Sciences and Support Services, Other",,,,,0.0
166850,Merrimack College,1408,Civil Engineering,64342.0,,22.0,27000.0,23.0
166850,Merrimack College,1409,Computer Engineering,,,,,2.0
166850,Merrimack College,1410,"Electrical, Electronics, and Communications Engineering",71404.0,,17.0,,16.0
166850,Merrimack College,1419,Mechanical Engineering,59285.0,,23.0,27000.0,20.0
166939,Mount Holyoke College,1107,Computer Science,,,,21500.0,42.0
167288,Massachusetts College of Liberal Arts,1101,"Computer and Information Sciences, General",64895.0,63005.0,22.0,22500.0,18.0
167358,Northeastern University,1101,"Computer and Information Sciences, General",95288.0,89413.0,188.0,23001.0,483.0
167358,Northeastern University,1104,Information Science/Studies,,,,,2.0
167358,Northeastern University,1108,Computer Software and Media Applications,,,,,41.0
167358,Northeastern University,1110,Computer/Information Technology Administration and Management,,,,,23.0
167358,Northeastern University,1407,Chemical Engineering,69307.0,72022.0,121.0,27000.0,86.0
167358,Northeastern University,1408,Civil Engineering,69279.0,66318.0,62.0,24750.0,89.0
167358,Northeastern University,1409,Computer Engineering,88529.0,89564.0,81.0,25005.0,114.0
167358,Northeastern University,1410,"Electrical, Electronics, and Communications Engineering",77708.0,76773.0,74.0,24835.0,87.0
167358,Northeastern University,1419,Mechanical Engineering,69867.0,72771.0,200.0,25893.0,275.0
167358,Northeastern University,1435,Industrial Engineering,69499.0,66541.0,37.0,25000.0,84.0
167358,Northeastern University,1499,"Engineering, Other",,,,22512.0,162.0
167394,College of Our Lady of the Elms,1101,"Computer and Information Sciences, General",36357.0,,16.0,,
167394,College of Our Lady of the Elms,1107,Computer Science,,,,,3.0
167394,College of Our Lady of the Elms,1108,Computer Software and Media Applications,,,,,6.0
167394,College of Our Lady of the Elms,1110,Computer/Information Technology Administration and Management,,,,,14.0
167598,Regis College,1405,Biomedical/Medical Engineering,,,,,2.0
167729,Salem State University,1101,"Computer and Information Sciences, General",50461.0,67660.0,20.0,27000.0,39.0
167783,Simmons University,1101,"Computer and Information Sciences, General",,,,,11.0
167783,Simmons University,1104,Information Science/Studies,,,,,0.0
167783,Simmons University,1108,Computer Software and Media Applications,,,,,1.0
167792,Simon's Rock at Bard College,1107,Computer Science,,,,,8.0
167792,Simon's Rock at Bard College,1401,"Engineering, General",,,,,7.0
167835,Smith College,1107,Computer Science,76588.0,71957.0,27.0,19000.0,41.0
167835,Smith College,1401,"Engineering, General",62496.0,,34.0,19000.0,3.0
167835,Smith College,1413,Engineering Science,,,,,34.0
167899,Springfield College,1101,"Computer and Information Sciences, General",,,,,5.0
167987,University of Massachusetts-Dartmouth,1101,"Computer and Information Sciences, General",62755.0,68858.0,75.0,27000.0,43.0
167987,University of Massachusetts-Dartmouth,1405,Biomedical/Medical Engineering,49887.0,48823.0,27.0,27000.0,37.0
167987,University of Massachusetts-Dartmouth,1408,Civil Engineering,61458.0,49937.0,52.0,27000.0,28.0
167987,University of Massachusetts-Dartmouth,1409,Computer Engineering,,,,30000.0,19.0
167987,University of Massachusetts-Dartmouth,1410,"Electrical, Electronics, and Communications Engineering",62125.0,63997.0,45.0,27500.0,27.0
167987,University of Massachusetts-Dartmouth,1419,Mechanical Engineering,61468.0,62260.0,86.0,27000.0,46.0
167996,Stonehill College,1107,Computer Science,,,,,15.0
167996,Stonehill College,1409,Computer Engineering,,,,,0.0
167996,Stonehill College,1410,"Electrical, Electronics, and Communications Engineering",,,,,1.0
168005,Suffolk University,1104,Information Science/Studies,,52107.0,,27000.0,38.0
168005,Suffolk University,1107,Computer Science,,,,27000.0,20.0
168005,Suffolk University,1409,Computer Engineering,,,,,
168148,Tufts University,1107,Computer Science,96349.0,97959.0,97.0,15500.0,171.0
168148,Tufts University,1401,"Engineering, General",,,,,7.0
168148,Tufts University,1404,Architectural Engineering,,,,,0.0
168148,Tufts University,1405,Biomedical/Medical Engineering,,,,15500.0,49.0
168148,Tufts University,1407,Chemical Engineering,56529.0,73635.0,20.0,,26.0
168148,Tufts University,1408,Civil Engineering,,63005.0,,,17.0
168148,Tufts University,1409,Computer Engineering,,,,,9.0
168148,Tufts University,1410,"Electrical, Electronics, and Communications Engineering",,84653.0,,,21.0
168148,Tufts University,1412,Engineering Physics,,,,,4.0
168148,Tufts University,1413,Engineering Science,,,,,1.0
168148,Tufts University,1414,Environmental/Environmental Health Engineering,,,,,15.0
168148,Tufts University,1419,Mechanical Engineering,70008.0,66821.0,37.0,16500.0,66.0
168218,Wellesley College,1101,"Computer and Information Sciences, General",110380.0,86867.0,36.0,13350.0,57.0
168218,Wellesley College,1108,Computer Software and Media Applications,70490.0,,21.0,,22.0
168227,Wentworth Institute of Technology,1104,Information Science/Studies,59615.0,,19.0,26417.0,24.0
168227,Wentworth Institute of Technology,1107,Computer Science,76551.0,76041.0,87.0,25000.0,116.0
168227,Wentworth Institute of Technology,1109,Computer Systems Networking and Telecommunications,76201.0,68219.0,42.0,27000.0,33.0
168227,Wentworth Institute of Technology,1110,Computer/Information Technology Administration and Management,,,,,
168227,Wentworth Institute of Technology,1401,"Engineering, General",67445.0,,26.0,27000.0,20.0
168227,Wentworth Institute of Technology,1405,Biomedical/Medical Engineering,63963.0,61516.0,76.0,27000.0,45.0
168227,Wentworth Institute of Technology,1408,Civil Engineering,66637.0,65131.0,85.0,27000.0,44.0
168227,Wentworth Institute of Technology,1409,Computer Engineering,74154.0,,29.0,27000.0,34.0
168227,Wentworth Institute of Technology,1410,"Electrical, Electronics, and Communications Engineering",74430.0,71351.0,40.0,26000.0,41.0
168227,Wentworth Institute of Technology,1419,Mechanical Engineering,71722.0,66287.0,135.0,27000.0,109.0
168227,Wentworth Institute of Technology,1441,Electromechanical Engineering,68694.0,67380.0,44.0,31000.0,27.0
168227,Wentworth Institute of Technology,1445,Biological/Biosystems Engineering,,,,,14.0
168254,Western New England University,1107,Computer Science,61489.0,,20.0,26659.0,11.0
168254,Western New England University,1110,Computer/Information Technology Administration and Management,,,,,2.0
168254,Western New England University,1405,Biomedical/Medical Engineering,,,,27000.0,28.0
168254,Western New England University,1408,Civil Engineering,60589.0,,17.0,27000.0,18.0
168254,Western New England University,1409,Computer Engineering,,,,,12.0
168254,Western New England University,1410,"Electrical, Electronics, and Communications Engineering",71429.0,,16.0,26000.0,17.0
168254,Western New England University,1419,Mechanical Engineering,66389.0,,28.0,,42.0
168254,Western New England University,1435,Industrial Engineering,,,,,9.0
168254,Western New England University,1442,"Mechatronics, Robotics, and Automation Engineering",,,,,15.0
168263,Westfield State University,1104,Information Science/Studies,44839.0,39729.0,24.0,20381.0,9.0
168263,Westfield State University,1107,Computer Science,61646.0,64493.0,27.0,27000.0,14.0
168281,Wheaton College (Massachusetts),1107,Computer Science,62632.0,71957.0,16.0,,12.0
168342,Williams College,1107,Computer Science,109470.0,96183.0,27.0,12208.0,49.0
168421,Worcester Polytechnic Institute,1107,Computer Science,86601.0,95207.0,140.0,27000.0,199.0
168421,Worcester Polytechnic Institute,1108,Computer Software and Media Applications,40930.0,,27.0,24656.0,16.0
168421,Worcester Polytechnic Institute,1402,"Aerospace, Aeronautical, and Astronautical/Space Engineering",72303.0,71947.0,50.0,27000.0,64.0
168421,Worcester Polytechnic Institute,1404,Architectural Engineering,,,,27000.0,13.0
168421,Worcester Polytechnic Institute,1405,Biomedical/Medical Engineering,57498.0,66688.0,108.0,27000.0,132.0
168421,Worcester Polytechnic Institute,1407,Chemical Engineering,67835.0,72881.0,100.0,27000.0,92.0
168421,Worcester Polytechnic Institute,1408,Civil Engineering,67056.0,63643.0,56.0,27000.0,54.0
168421,Worcester Polytechnic Institute,1410,"Electrical, Electronics, and Communications Engineering",74310.0,72507.0,104.0,26977.0,87.0
168421,Worcester Polytechnic Institute,1412,Engineering Physics,,,,,3.0
168421,Worcester Polytechnic Institute,1414,Environmental/Environmental Health Engineering,59196.0,54035.0,22.0,,12.0
168421,Worcester Polytechnic Institute,1419,Mechanical Engineering,68074.0,69123.0,243.0,27000.0,274.0
168421,Worcester Polytechnic Institute,1435,Industrial Engineering,72720.0,76460.0,20.0,26254.0,21.0
168421,Worcester Polytechnic Institute,1442,"Mechatronics, Robotics, and Automation Engineering",77253.0,,84.0,27000.0,84.0
168430,Worcester State University,1101,"Computer and Information Sciences, General",60231.0,46087.0,28.0,24250.0,42.0
168528,Adrian College,1107,Computer Science,,,,,0.0
168528,Adrian College,1108,Computer Software and Media Applications,,,,,0.0
168546,Albion College,1107,Computer Science,,,,,2.0
168546,Albion College,1412,Engineering Physics,,,,,1.0
168591,Alma College,1107,Computer Science,,,,,5.0
168591,Alma College,1413,Engineering Science,,,,,0.0
168740,Andrews University,1101,"Computer and Information Sciences, General",,,,,6.0
168740,Andrews University,1107,Computer Science,,,,,14.0
168740,Andrews University,1108,Computer Software and Media Applications,,,,,0.0
168740,Andrews University,1401,"Engineering, General",,55964.0,,,4.0
168786,Aquinas College,1101,"Computer and Information Sciences, General",,,,,7.0
168786,Aquinas College,1108,Computer Software and Media Applications,,,,,3.0
168847,Baker College,1102,Computer Programming,54410.0,52941.0,22.0,,26.0
168847,Baker College,1107,Computer Science,61081.0,54644.0,40.0,38134.0,17.0
168847,Baker College,1108,Computer Software and Media Applications,,54035.0,,49189.0,
168847,Baker College,1110,Computer/Information Technology Administration and Management,49720.0,50856.0,170.0,34562.0,50.0
168847,Baker College,1408,Civil Engineering,,,,,
168847,Baker College,1410,"Electrical, Electronics, and Communications Engineering",,,,,3.0
168847,Baker College,1419,Mechanical Engineering,67728.0,,18.0,,11.0
168847,Baker College,1435,Industrial Engineering,,,,,
169080,Calvin University,1105,Computer Systems Analysis,,,,,1.0
169080,Calvin University,1107,Computer Science,50594.0,61020.0,28.0,19000.0,35.0
169080,Calvin University,1401,"Engineering, General",62088.0,65188.0,108.0,23000.0,75.0
169248,Central Michigan University,1101,"Computer and Information Sciences, General",56922.0,63430.0,63.0,27000.0,23.0
169248,Central Michigan University,1107,Computer Science,62306.0,66105.0,73.0,27000.0,49.0
169248,Central Michigan University,1405,Biomedical/Medical Engineering,,,,,
169248,Central Michigan University,1409,Computer Engineering,,,,,6.0
169248,Central Michigan University,1410,"Electrical, Electronics, and Communications Engineering",69477.0,74367.0,21.0,30000.0,20.0
169248,Central Michigan University,1414,Environmental/Environmental Health Engineering,,,,,2.0
169248,Central Michigan University,1419,Mechanical Engineering,66978.0,74200.0,59.0,27000.0,34.0
169363,Concordia University Ann Arbor,1107,Computer Science,48397.0,50856.0,26.0,,2.0
169363,Concordia University Ann Arbor,1409,Computer Engineering,,,,,
169442,College for Creative Studies,1108,Computer Software and Media Applications,,,,,26.0
169479,Davenport University,1102,Computer Programming,,61516.0,,,1.0
169479,Davenport University,1104,Information Science/Studies,,,,,2.0
169479,Davenport University,1105,Computer Systems Analysis,,,,,0.0
169479,Davenport University,1107,Computer Science,61279.0,,26.0,32500.0,47.0
169479,Davenport University,1108,Computer Software and Media Applications,,42532.0,,,0.0
169479,Davenport University,1109,Computer Systems Networking and Telecommunications,49662.0,53108.0,60.0,24146.0,30.0
169479,Davenport University,1110,Computer/Information Technology Administration and Management,52927.0,54361.0,66.0,28892.0,57.0
169716,University of Detroit Mercy,1107,Computer Science,,,,,6.0
169716,University of Detroit Mercy,1110,Computer/Information Technology Administration and Management,,,,,6.0
169716,University of Detroit Mercy,1401,"Engineering, General",,,,,7.0
169716,University of Detroit Mercy,1404,Architectural Engineering,,,,,1.0
169716,University of Detroit Mercy,1408,Civil Engineering,,,,,7.0
169716,University of Detroit Mercy,1409,Computer Engineering,,,,,0.0
169716,University of Detroit Mercy,1410,"Electrical, Electronics, and Communications Engineering",,,,,5.0
169716,University of Detroit Mercy,1419,Mechanical Engineering,,,,,19.0
169716,University of Detroit Mercy,1442,"Mechatronics, Robotics, and Automation Engineering",,,,,7.0
169798,Eastern Michigan University,1101,"Computer and Information Sciences, General",61034.0,67101.0,40.0,24411.0,5.0
169798,Eastern Michigan University,1102,Computer Programming,,,,,0.0
169798,Eastern Michigan University,1107,Computer Science,58700.0,62209.0,20.0,,86.0
169798,Eastern Michigan University,1110,Computer/Information Technology Administration and Management,,,,25625.0,69.0
169798,Eastern Michigan University,1412,Engineering Physics,,,,,1.0
169798,Eastern Michigan University,1419,Mechanical Engineering,,,,,25.0
169798,Eastern Michigan University,1447,Electrical and Computer Engineering,,,,,9.0
169910,Ferris State University,1101,"Computer and Information Sciences, General",52448.0,51607.0,29.0,27813.0,17.0
169910,Ferris State University,1109,Computer Systems Networking and Telecommunications,,,,,11.0
169910,Ferris State University,1110,Computer/Information Technology Administration and Management,55898.0,52107.0,44.0,27000.0,28.0
169910,Ferris State University,1199,"Computer and Information Sciences and Support Services, Other",,,,,4.0
169910,Ferris State University,1427,Systems Engineering,,,,,
169910,Ferris State University,1436,Manufacturing Engineering,66348.0,66941.0,45.0,18500.0,32.0
169910,Ferris State University,1438,Surveying Engineering,60062.0,,22.0,,13.0
169983,Kettering University,1107,Computer Science,69274.0,77715.0,16.0,27500.0,38.0
169983,Kettering University,1401,"Engineering, General",,,,,
169983,Kettering University,1407,Chemical Engineering,75152.0,83177.0,20.0,29000.0,24.0
169983,Kettering University,1409,Computer Engineering,76914.0,,18.0,29984.0,35.0
169983,Kettering University,1410,"Electrical, Electronics, and Communications Engineering",74900.0,78612.0,40.0,30080.0,35.0
169983,Kettering University,1412,Engineering Physics,,,,,5.0
169983,Kettering University,1419,Mechanical Engineering,76471.0,80255.0,202.0,28000.0,193.0
169983,Kettering University,1435,Industrial Engineering,,70009.0,,,27.0
170037,Cornerstone University,1107,Computer Science,,,,,2.0
170037,Cornerstone University,1401,"Engineering, General",,,,,2.0
170082,Grand Valley State University,1101,"Computer and Information Sciences, General",62211.0,65969.0,117.0,27000.0,98.0
170082,Grand Valley State University,1104,Information Science/Studies,58382.0,59124.0,63.0,29000.0,32.0
170082,Grand Valley State University,1110,Computer/Information Technology Administration and Management,,,,,3.0
170082,Grand Valley State University,1401,"Engineering, General",,,,,1.0
170082,Grand Valley State University,1405,Biomedical/Medical Engineering,,,,,2.0
170082,Grand Valley State University,1409,Computer Engineering,,,,26676.0,17.0
170082,Grand Valley State University,1410,"Electrical, Electronics, and Communications Engineering",74641.0,,25.0,29172.0,31.0
170082,Grand Valley State University,1419,Mechanical Engineering,70095.0,69338.0,56.0,28000.0,71.0
170082,Grand Valley State University,1436,Manufacturing Engineering,68319.0,,28.0,26000.0,20.0
170301,Hope College,1101,"Computer and Information Sciences, General",,,,,13.0
170301,Hope College,1401,"Engineering, General",62322.0,67101.0,59.0,27000.0,52.0
170532,Kalamazoo College,1101,"Computer and Information Sciences, General",,,,,22.0
170639,Lake Superior State University,1107,Computer Science,,,,,2.0
170639,Lake Superior State University,1109,Computer Systems Networking and Telecommunications,,,,,2.0
170639,Lake Superior State University,1409,Computer Engineering,,,,,2.0
170639,Lake Superior State University,1410,"Electrical, Electronics, and Communications Engineering",,,,,3.0
170639,Lake Superior State University,1419,Mechanical Engineering,68914.0,,16.0,26901.0,21.0
170639,Lake Superior State University,1442,"Mechatronics, Robotics, and Automation Engineering",,,,,8.0
170675,Lawrence Technological University,1101,"Computer and Information Sciences, General",,57318.0,,,5.0
170675,Lawrence Technological University,1107,Computer Science,64007.0,63997.0,20.0,27000.0,31.0
170675,Lawrence Technological University,1108,Computer Software and Media Applications,,,,,
170675,Lawrence Technological University,1405,Biomedical/Medical Engineering,,73635.0,,27000.0,22.0
170675,Lawrence Technological University,1408,Civil Engineering,,53358.0,,30197.0,21.0
170675,Lawrence Technological University,1409,Computer Engineering,,,,,14.0
170675,Lawrence Technological University,1410,"Electrical, Electronics, and Communications Engineering",78211.0,84653.0,25.0,,45.0
170675,Lawrence Technological University,1419,Mechanical Engineering,71908.0,76170.0,66.0,27000.0,60.0
170675,Lawrence Technological University,1435,Industrial Engineering,,,,,2.0
170675,Lawrence Technological University,1442,"Mechatronics, Robotics, and Automation Engineering",,,,,12.0
170806,Madonna University,1107,Computer Science,,,,,3.0
170806,Madonna University,1499,"Engineering, Other",,,,,0.0
170967,Rochester Christian University,1102,Computer Programming,,,,,0.0
170967,Rochester Christian University,1110,Computer/Information Technology Administration and Management,,,,,0.0
170976,University of Michigan-Ann Arbor,1101,"Computer and Information Sciences, General",100643.0,94281.0,539.0,20000.0,1070.0
170976,University of Michigan-Ann Arbor,1104,Information Science/Studies,71304.0,76460.0,110.0,20875.0,166.0
170976,University of Michigan-Ann Arbor,1108,Computer Software and Media Applications,82297.0,,22.0,19769.0,0.0
170976,University of Michigan-Ann Arbor,1401,"Engineering, General",,,,,0.0
170976,University of Michigan-Ann Arbor,1402,"Aerospace, Aeronautical, and Astronautical/Space Engineering",67815.0,70736.0,79.0,21603.0,164.0
170976,University of Michigan-Ann Arbor,1405,Biomedical/Medical Engineering,,71015.0,,20000.0,103.0
170976,University of Michigan-Ann Arbor,1407,Chemical Engineering,75199.0,75104.0,125.0,21250.0,73.0
170976,University of Michigan-Ann Arbor,1408,Civil Engineering,65294.0,66045.0,34.0,18750.0,42.0
170976,University of Michigan-Ann Arbor,1409,Computer Engineering,84934.0,79389.0,64.0,20500.0,116.0
170976,University of Michigan-Ann Arbor,1410,"Electrical, Electronics, and Communications Engineering",78393.0,82123.0,69.0,18667.0,119.0
170976,University of Michigan-Ann Arbor,1412,Engineering Physics,,,,,14.0
170976,University of Michigan-Ann Arbor,1413,Engineering Science,,,,,0.0
170976,University of Michigan-Ann Arbor,1414,Environmental/Environmental Health Engineering,56501.0,60771.0,22.0,19028.0,30.0
170976,University of Michigan-Ann Arbor,1418,Materials Engineering,73854.0,71575.0,28.0,17750.0,42.0
170976,University of Michigan-Ann Arbor,1419,Mechanical Engineering,75414.0,76070.0,239.0,21750.0,275.0
170976,University of Michigan-Ann Arbor,1422,Naval Architecture and Marine Engineering,,67240.0,,,25.0
170976,University of Michigan-Ann Arbor,1423,Nuclear Engineering,41147.0,53358.0,18.0,22000.0,19.0
170976,University of Michigan-Ann Arbor,1435,Industrial Engineering,75644.0,77235.0,166.0,20306.0,170.0
170976,University of Michigan-Ann Arbor,1439,Geological/Geophysical Engineering,,,,,0.0
170976,University of Michigan-Ann Arbor,1442,"Mechatronics, Robotics, and Automation Engineering",,,,,0.0
171100,Michigan State University,1101,"Computer and Information Sciences, General",76292.0,75291.0,193.0,24022.0,290.0
171100,Michigan State University,1110,Computer/Information Technology Administration and Management,44992.0,,18.0,23442.0,33.0
171100,Michigan State University,1401,"Engineering, General",66191.0,63997.0,125.0,22500.0,85.0
171100,Michigan State University,1403,Agricultural Engineering,59306.0,56415.0,55.0,28000.0,49.0
171100,Michigan State University,1407,Chemical Engineering,70092.0,71351.0,147.0,26573.0,102.0
171100,Michigan State University,1408,Civil Engineering,66002.0,63788.0,63.0,27000.0,82.0
171100,Michigan State University,1409,Computer Engineering,75462.0,80133.0,34.0,24999.0,56.0
171100,Michigan State University,1410,"Electrical, Electronics, and Communications Engineering",71673.0,77115.0,70.0,22500.0,101.0
171100,Michigan State University,1418,Materials Engineering,68609.0,69338.0,29.0,27925.0,28.0
171100,Michigan State University,1419,Mechanical Engineering,71321.0,75936.0,247.0,24000.0,277.0
171100,Michigan State University,1499,"Engineering, Other",57800.0,57318.0,29.0,22875.0,42.0
171128,Michigan Technological University,1107,Computer Science,72103.0,75047.0,76.0,24763.0,82.0
171128,Michigan Technological University,1110,Computer/Information Technology Administration and Management,66140.0,65486.0,27.0,27000.0,25.0
171128,Michigan Technological University,1401,"Engineering, General",,,,,11.0
171128,Michigan Technological University,1405,Biomedical/Medical Engineering,62667.0,66461.0,40.0,27000.0,63.0
171128,Michigan Technological University,1407,Chemical Engineering,68391.0,70536.0,101.0,24750.0,88.0
171128,Michigan Technological University,1408,Civil Engineering,62556.0,63217.0,101.0,26000.0,77.0
171128,Michigan Technological University,1409,Computer Engineering,70211.0,78172.0,75.0,27000.0,73.0
171128,Michigan Technological University,1410,"Electrical, Electronics, and Communications Engineering",72168.0,75989.0,106.0,27000.0,102.0
171128,Michigan Technological University,1412,Engineering Physics,,,,,3.0
171128,Michigan Technological University,1414,Environmental/Environmental Health Engineering,57523.0,51607.0,49.0,26545.0,44.0
171128,Michigan Technological University,1418,Materials Engineering,67484.0,73635.0,26.0,27000.0,20.0
171128,Michigan Technological University,1419,Mechanical Engineering,69541.0,71637.0,282.0,27000.0,266.0
171128,Michigan Technological University,1421,Mining and Mineral Engineering,,,,,1.0
171128,Michigan Technological University,1438,Surveying Engineering,,,,,2.0
171128,Michigan Technological University,1439,Geological/Geophysical Engineering,,60161.0,,22849.0,6.0
171128,Michigan Technological University,1442,"Mechatronics, Robotics, and Automation Engineering",,,,,0.0
171137,University of Michigan-Dearborn,1101,"Computer and Information Sciences, General",67918.0,69338.0,54.0,25000.0,76.0
171137,University of Michigan-Dearborn,1102,Computer Programming,67925.0,76460.0,33.0,19723.0,57.0
171137,University of Michigan-Dearborn,1110,Computer/Information Technology Administration and Management,,,,,12.0
171137,University of Michigan-Dearborn,1405,Biomedical/Medical Engineering,56541.0,77401.0,18.0,31000.0,38.0
171137,University of Michigan-Dearborn,1409,Computer Engineering,73051.0,73949.0,16.0,25327.0,36.0
171137,University of Michigan-Dearborn,1410,"Electrical, Electronics, and Communications Engineering",76680.0,77464.0,77.0,21853.0,121.0
171137,University of Michigan-Dearborn,1419,Mechanical Engineering,72006.0,80486.0,104.0,23950.0,134.0
171137,University of Michigan-Dearborn,1435,Industrial Engineering,,,,,19.0
171137,University of Michigan-Dearborn,1436,Manufacturing Engineering,,,,,4.0
171137,University of Michigan-Dearborn,1442,"Mechatronics, Robotics, and Automation Engineering",,,,,9.0
171137,University of Michigan-Dearborn,1499,"Engineering, Other",,,,,0.0
171146,University of Michigan-Flint,1104,Information Science/Studies,51078.0,63005.0,25.0,31875.0,24.0
171146,University of Michigan-Flint,1107,Computer Science,62918.0,54869.0,34.0,31000.0,31.0
171146,University of Michigan-Flint,1413,Engineering Science,,,,,2.0
171146,University of Michigan-Flint,1419,Mechanical Engineering,67834.0,70776.0,41.0,31000.0,40.0
171456,Northern Michigan University,1101,"Computer and Information Sciences, General",51163.0,50439.0,27.0,,23.0
171456,Northern Michigan University,1110,Computer/Information Technology Administration and Management,,,,,1.0
171456,Northern Michigan University,1442,"Mechatronics, Robotics, and Automation Engineering",,,,,1.0
171483,Northwestern Michigan College,1424,Ocean Engineering,,,,,0.0
171492,Northwood University,1101,"Computer and Information Sciences, General",56002.0,62409.0,17.0,,0.0
171492,Northwood University,1104,Information Science/Studies,,,,,11.0
171492,Northwood University,1110,Computer/Information Technology Administration and Management,,,,,0.0
171571,Oakland University,1101,"Computer and Information Sciences, General",61652.0,68305.0,171.0,26500.0,176.0
171571,Oakland University,1409,Computer Engineering,76319.0,76460.0,44.0,26125.0,49.0
171571,Oakland University,1410,"Electrical, Electronics, and Communications Engineering",72313.0,78488.0,85.0,26000.0,128.0
171571,Oakland University,1412,Engineering Physics,,,,,1.0
171571,Oakland University,1419,Mechanical Engineering,73808.0,76962.0,129.0,25000.0,173.0
171571,Oakland University,1435,Industrial Engineering,71468.0,,18.0,29750.0,28.0
171571,Oakland University,1444,Engineering Chemistry,,,,,3.0
171571,Oakland University,1445,Biological/Biosystems Engineering,,,,,20.0
171599,The University of Olivet,1101,"Computer and Information Sciences, General",,,,,2.0
171599,The University of Olivet,1110,Computer/Information Technology Administration and Management,,,,,0.0
172051,Saginaw Valley State University,1101,"Computer and Information Sciences, General",,59169.0,,26250.0,25.0
172051,Saginaw Valley State University,1105,Computer Systems Analysis,61415.0,64990.0,18.0,,15.0
172051,Saginaw Valley State University,1410,"Electrical, Electronics, and Communications Engineering",70259.0,78343.0,24.0,,18.0
172051,Saginaw Valley State University,1419,Mechanical Engineering,67762.0,73378.0,31.0,26679.0,41.0
172264,Siena Heights University,1101,"Computer and Information Sciences, General",,,,,2.0
172264,Siena Heights University,1102,Computer Programming,,,,,3.0
172264,Siena Heights University,1110,Computer/Information Technology Administration and Management,,,,,
172264,Siena Heights University,1199,"Computer and Information Sciences and Support Services, Other",47538.0,,22.0,,12.0
172264,Siena Heights University,1401,"Engineering, General",,,,,5.0
172264,Siena Heights University,1413,Engineering Science,,,,,0.0
172264,Siena Heights University,1414,Environmental/Environmental Health Engineering,,,,,0.0
172334,Spring Arbor University,1107,Computer Science,,,,,2.0
172334,Spring Arbor University,1412,Engineering Physics,,,,,0.0
172608,Walsh College,1101,"Computer and Information Sciences, General",59413.0,69338.0,26.0,14889.0,40.0
172608,Walsh College,1110,Computer/Information Technology Administration and Management,,,,,0.0
172644,Wayne State University,1101,"Computer and Information Sciences, General",73198.0,76460.0,110.0,20672.0,164.0
172644,Wayne State University,1104,Information Science/Studies,,,,,0.0
172644,Wayne State University,1401,"Engineering, General",,,,,0.0
172644,Wayne State University,1405,Biomedical/Medical Engineering,,,,19395.0,18.0
172644,Wayne State University,1407,Chemical Engineering,64406.0,76460.0,43.0,29900.0,23.0
172644,Wayne State University,1408,Civil Engineering,56865.0,62579.0,34.0,30548.0,33.0
172644,Wayne State University,1410,"Electrical, Electronics, and Communications Engineering",76864.0,79473.0,77.0,25350.0,65.0
172644,Wayne State University,1419,Mechanical Engineering,71849.0,75921.0,72.0,24140.0,69.0
172644,Wayne State University,1435,Industrial Engineering,,77401.0,,24340.0,16.0
172699,Western Michigan University,1101,"Computer and Information Sciences, General",49118.0,55422.0,59.0,31000.0,28.0
172699,Western Michigan University,1107,Computer Science,66118.0,63749.0,46.0,28969.0,47.0
172699,Western Michigan University,1110,Computer/Information Technology Administration and Management,,,,,
172699,Western Michigan University,1402,"Aerospace, Aeronautical, and Astronautical/Space Engineering",59143.0,65945.0,45.0,28021.0,41.0
172699,Western Michigan University,1407,Chemical Engineering,59565.0,63005.0,39.0,29000.0,47.0
172699,Western Michigan University,1408,Civil Engineering,63325.0,59576.0,39.0,29156.0,28.0
172699,Western Michigan University,1409,Computer Engineering,67831.0,,18.0,,10.0
172699,Western Michigan University,1410,"Electrical, Electronics, and Communications Engineering",70069.0,73562.0,57.0,30707.0,34.0
172699,Western Michigan University,1419,Mechanical Engineering,67557.0,70776.0,99.0,31000.0,82.0
172699,Western Michigan University,1435,Industrial Engineering,69454.0,69338.0,25.0,,34.0
172699,Western Michigan University,1436,Manufacturing Engineering,,,,,0.0
172699,Western Michigan University,1440,Paper Science and Engineering,,,,27379.0,15.0
172699,Western Michigan University,1499,"Engineering, Other",,44170.0,,,1.0
172866,Academy College,1101,"Computer and Information Sciences, General",,,,,0.0
173045,Augsburg University,1107,Computer Science,56537.0,,38.0,25000.0,15.0
173124,Bemidji State University,1104,Information Science/Studies,,,,,2.0
173124,Bemidji State University,1107,Computer Science,44023.0,62069.0,16.0,,3.0
173142,Bethany Lutheran College,1107,Computer Science,,,,,2.0
173142,Bethany Lutheran College,1413,Engineering Science,,,,,7.0
173160,Bethel University,1101,"Computer and Information Sciences, General",,,,,17.0
173160,Bethel University,1410,"Electrical, Electronics, and Communications Engineering",,,,,6.0
173160,Bethel University,1413,Engineering Science,,,,,2.0
173160,Bethel University,1419,Mechanical Engineering,,,,,12.0
173258,Carleton College,1107,Computer Science,76876.0,76460.0,35.0,18233.0,59.0
173300,Concordia College at Moorhead,1107,Computer Science,,,,,10.0
173328,Concordia University-Saint Paul,1107,Computer Science,,62012.0,,29180.0,29.0
173328,Concordia University-Saint Paul,1108,Computer Software and Media Applications,,,,,1.0
173328,Concordia University-Saint Paul,1110,Computer/Information Technology Administration and Management,57304.0,,16.0,,13.0
173647,Gustavus Adolphus College,1107,Computer Science,,64196.0,,,9.0
173665,Hamline University,1412,Engineering Physics,,,,,0.0
173902,Macalester College,1101,"Computer and Information Sciences, General",73129.0,71575.0,24.0,20829.0,58.0
173920,Minnesota State University-Mankato,1101,"Computer and Information Sciences, General",66391.0,68047.0,51.0,20625.0,89.0
173920,Minnesota State University-Mankato,1102,Computer Programming,,,,,1.0
173920,Minnesota State University-Mankato,1107,Computer Science,,,,,1.0
173920,Minnesota State University-Mankato,1401,"Engineering, General",58743.0,63302.0,42.0,27627.0,37.0
173920,Minnesota State University-Mankato,1408,Civil Engineering,55610.0,60771.0,29.0,25234.0,48.0
173920,Minnesota State University-Mankato,1409,Computer Engineering,,,,,15.0
173920,Minnesota State University-Mankato,1410,"Electrical, Electronics, and Communications Engineering",62228.0,,21.0,28500.0,30.0
173920,Minnesota State University-Mankato,1419,Mechanical Engineering,61435.0,64493.0,32.0,27886.0,36.0
174020,Metropolitan State University,1101,"Computer and Information Sciences, General",,,,26113.0,47.0
174020,Metropolitan State University,1102,Computer Programming,,,,,3.0
174020,Metropolitan State University,1104,Information Science/Studies,55220.0,53775.0,53.0,25000.0,51.0
174020,Metropolitan State University,1107,Computer Science,64701.0,68821.0,86.0,27008.0,112.0
174020,Metropolitan State University,1110,Computer/Information Technology Administration and Management,52103.0,57318.0,30.0,42396.0,21.0
174066,University of Minnesota-Twin Cities,1104,Information Science/Studies,,,,,0.0
174066,University of Minnesota-Twin Cities,1105,Computer Systems Analysis,70084.0,73446.0,115.0,20041.0,148.0
174066,University of Minnesota-Twin Cities,1107,Computer Science,69239.0,72286.0,325.0,19500.0,533.0
174066,University of Minnesota-Twin Cities,1109,Computer Systems Networking and Telecommunications,64669.0,60433.0,40.0,20500.0,32.0
174066,University of Minnesota-Twin Cities,1401,"Engineering, General",62547.0,,65.0,21750.0,
174066,University of Minnesota-Twin Cities,1402,"Aerospace, Aeronautical, and Astronautical/Space Engineering",64533.0,64328.0,78.0,26250.0,74.0
174066,University of Minnesota-Twin Cities,1403,Agricultural Engineering,56730.0,65238.0,41.0,27000.0,42.0
174066,University of Minnesota-Twin Cities,1405,Biomedical/Medical Engineering,52608.0,64990.0,63.0,21500.0,81.0
174066,University of Minnesota-Twin Cities,1407,Chemical Engineering,68745.0,70176.0,86.0,25495.0,86.0
174066,University of Minnesota-Twin Cities,1408,Civil Engineering,61830.0,61603.0,54.0,22103.0,52.0
174066,University of Minnesota-Twin Cities,1409,Computer Engineering,74091.0,72022.0,63.0,23000.0,61.0
174066,University of Minnesota-Twin Cities,1410,"Electrical, Electronics, and Communications Engineering",69508.0,68943.0,97.0,17998.0,73.0
174066,University of Minnesota-Twin Cities,1414,Environmental/Environmental Health Engineering,50537.0,,16.0,27000.0,17.0
174066,University of Minnesota-Twin Cities,1418,Materials Engineering,60883.0,62632.0,59.0,21250.0,38.0
174066,University of Minnesota-Twin Cities,1419,Mechanical Engineering,67213.0,68047.0,197.0,22077.0,202.0
174066,University of Minnesota-Twin Cities,1435,Industrial Engineering,67765.0,67846.0,76.0,22802.0,76.0
174066,University of Minnesota-Twin Cities,1439,Geological/Geophysical Engineering,,,,,2.0
174075,University of Minnesota-Crookston,1409,Computer Engineering,,,,,13.0
174154,Herzing University-Minneapolis,1102,Computer Programming,53952.0,62260.0,25.0,31050.0,1.0
174154,Herzing University-Minneapolis,1109,Computer Systems Networking and Telecommunications,,,,,0.0
174233,University of Minnesota-Duluth,1107,Computer Science,63377.0,61020.0,59.0,23375.0,78.0
174233,University of Minnesota-Duluth,1108,Computer Software and Media Applications,,,,,25.0
174233,University of Minnesota-Duluth,1109,Computer Systems Networking and Telecommunications,53217.0,61218.0,54.0,26125.0,30.0
174233,University of Minnesota-Duluth,1401,"Engineering, General",,,,,
174233,University of Minnesota-Duluth,1407,Chemical Engineering,68483.0,62012.0,64.0,26915.0,57.0
174233,University of Minnesota-Duluth,1408,Civil Engineering,58804.0,56979.0,59.0,26044.0,55.0
174233,University of Minnesota-Duluth,1410,"Electrical, Electronics, and Communications Engineering",66019.0,64493.0,49.0,26471.0,41.0
174233,University of Minnesota-Duluth,1412,Engineering Physics,,,,,1.0
174233,University of Minnesota-Duluth,1419,Mechanical Engineering,65504.0,64940.0,136.0,27000.0,106.0
174233,University of Minnesota-Duluth,1435,Industrial Engineering,65106.0,,20.0,24185.0,13.0
174251,University of Minnesota-Morris,1107,Computer Science,59551.0,63997.0,29.0,19993.0,20.0
174251,University of Minnesota-Morris,1401,"Engineering, General",,,,,
174358,Minnesota State University Moorhead,1104,Information Science/Studies,,,,13773.0,15.0
174358,Minnesota State University Moorhead,1107,Computer Science,51890.0,66325.0,20.0,,15.0
174358,Minnesota State University Moorhead,1110,Computer/Information Technology Administration and Management,,,,,0.0
174358,Minnesota State University Moorhead,1412,Engineering Physics,,,,,1.0
174437,North Central University,1101,"Computer and Information Sciences, General",,,,,1.0
174437,North Central University,1107,Computer Science,,,,,0.0
174491,University of Northwestern-St Paul,1103,Data Processing,,,,,5.0
174491,University of Northwestern-St Paul,1104,Information Science/Studies,,,,,2.0
174491,University of Northwestern-St Paul,1107,Computer Science,,,,,8.0
174491,University of Northwestern-St Paul,1401,"Engineering, General",,,,,26.0
174747,College of Saint Benedict,1107,Computer Science,,,,,7.0
174783,Saint Cloud State University,1104,Information Science/Studies,,,,,
174783,Saint Cloud State University,1107,Computer Science,72734.0,59253.0,31.0,27360.0,39.0
174783,Saint Cloud State University,1110,Computer/Information Technology Administration and Management,54472.0,52733.0,41.0,25250.0,101.0
174783,Saint Cloud State University,1409,Computer Engineering,70890.0,66821.0,17.0,27000.0,30.0
174783,Saint Cloud State University,1410,"Electrical, Electronics, and Communications Engineering",67563.0,70009.0,29.0,30088.0,16.0
174783,Saint Cloud State University,1414,Environmental/Environmental Health Engineering,,,,,5.0
174783,Saint Cloud State University,1419,Mechanical Engineering,65589.0,63377.0,61.0,27090.0,34.0
174783,Saint Cloud State University,1436,Manufacturing Engineering,,65387.0,,,8.0
174792,Saint Johns University,1107,Computer Science,67462.0,68778.0,27.0,24384.0,25.0
174817,Saint Mary's University of Minnesota,1101,"Computer and Information Sciences, General",,,,,0.0
174817,Saint Mary's University of Minnesota,1104,Information Science/Studies,55971.0,52733.0,17.0,21999.0,18.0
174817,Saint Mary's University of Minnesota,1107,Computer Science,,,,,6.0
174817,Saint Mary's University of Minnesota,1409,Computer Engineering,,,,,0.0
174817,Saint Mary's University of Minnesota,1412,Engineering Physics,,,,,1.0
174844,St Olaf College,1107,Computer Science,73475.0,76460.0,25.0,23875.0,24.0
174899,The College of Saint Scholastica,1101,"Computer and Information Sciences, General",67588.0,53984.0,37.0,25000.0,24.0
174914,University of St Thomas,1101,"Computer and Information Sciences, General",,,,,0.0
174914,University of St Thomas,1104,Information Science/Studies,,,,,0.0
174914,University of St Thomas,1107,Computer Science,66071.0,73321.0,32.0,23704.0,53.0
174914,University of St Thomas,1108,Computer Software and Media Applications,,,,,14.0
174914,University of St Thomas,1110,Computer/Information Technology Administration and Management,,,,,0.0
174914,University of St Thomas,1408,Civil Engineering,,,,,29.0
174914,University of St Thomas,1409,Computer Engineering,,,,,12.0
174914,University of St Thomas,1410,"Electrical, Electronics, and Communications Engineering",69236.0,71686.0,33.0,27000.0,22.0
174914,University of St Thomas,1419,Mechanical Engineering,64605.0,68101.0,92.0,27000.0,80.0
175014,Rasmussen University-Minnesota,1104,Information Science/Studies,,,,22632.0,0.0
175014,Rasmussen University-Minnesota,1105,Computer Systems Analysis,66682.0,61516.0,16.0,,
175014,Rasmussen University-Minnesota,1107,Computer Science,56886.0,55964.0,121.0,38409.0,0.0
175014,Rasmussen University-Minnesota,1110,Computer/Information Technology Administration and Management,52103.0,50515.0,65.0,47579.0,0.0
175078,Southwest Minnesota State University,1101,"Computer and Information Sciences, General",,,,,0.0
175078,Southwest Minnesota State University,1107,Computer Science,,,,,9.0
175227,Dunwoody College of Technology,1105,Computer Systems Analysis,,,,,4.0
175227,Dunwoody College of Technology,1110,Computer/Information Technology Administration and Management,,,,,7.0
175227,Dunwoody College of Technology,1409,Computer Engineering,,,,,6.0
175227,Dunwoody College of Technology,1410,"Electrical, Electronics, and Communications Engineering",,,,,4.0
175227,Dunwoody College of Technology,1419,Mechanical Engineering,,,,,6.0
175227,Dunwoody College of Technology,1436,Manufacturing Engineering,65552.0,67660.0,30.0,34996.0,15.0
175227,Dunwoody College of Technology,1442,"Mechatronics, Robotics, and Automation Engineering",,,,,10.0
175272,Winona State University,1101,"Computer and Information Sciences, General",,,,,15.0
175272,Winona State University,1107,Computer Science,58844.0,63335.0,55.0,23250.0,44.0
175272,Winona State University,1401,"Engineering, General",,,,,2.0
175272,Winona State University,1418,Materials Engineering,66265.0,63217.0,28.0,22000.0,19.0
175342,Alcorn State University,1101,"Computer and Information Sciences, General",,,,,30.0
175342,Alcorn State University,1110,Computer/Information Technology Administration and Management,,,,,9.0
175342,Alcorn State University,1410,"Electrical, Electronics, and Communications Engineering",,,,,
175421,Belhaven University,1107,Computer Science,,,,,4.0
175430,Blue Mountain Christian University,1102,Computer Programming,,,,,0.0
175856,Jackson State University,1101,"Computer and Information Sciences, General",,,,,27.0
175856,Jackson State University,1107,Computer Science,,47260.0,,28001.0,
175856,Jackson State University,1405,Biomedical/Medical Engineering,,,,,1.0
175856,Jackson State University,1408,Civil Engineering,53963.0,55338.0,33.0,31000.0,16.0
175856,Jackson State University,1409,Computer Engineering,68863.0,63005.0,22.0,27000.0,26.0
175856,Jackson State University,1410,"Electrical, Electronics, and Communications Engineering",,,,,8.0
176017,University of Mississippi,1101,"Computer and Information Sciences, General",40461.0,33993.0,26.0,21250.0,51.0
176017,University of Mississippi,1401,"Engineering, General",,,,,22.0
176017,University of Mississippi,1405,Biomedical/Medical Engineering,,,,,12.0
176017,University of Mississippi,1407,Chemical Engineering,61504.0,,20.0,22750.0,26.0
176017,University of Mississippi,1408,Civil Engineering,,49840.0,,27500.0,24.0
176017,University of Mississippi,1409,Computer Engineering,,,,,4.0
176017,University of Mississippi,1410,"Electrical, Electronics, and Communications Engineering",,,,,21.0
176017,University of Mississippi,1419,Mechanical Engineering,62284.0,59417.0,35.0,24629.0,67.0
176017,University of Mississippi,1439,Geological/Geophysical Engineering,,,,23970.0,37.0
176044,Mississippi Valley State University,1101,"Computer and Information Sciences, General",,,,,7.0
176053,Mississippi Christian University,1101,"Computer and Information Sciences, General",,,,,2.0
176053,Mississippi Christian University,1107,Computer Science,,,,,8.0
176053,Mississippi Christian University,1410,"Electrical, Electronics, and Communications Engineering",,,,,7.0
176080,Mississippi State University,1101,"Computer and Information Sciences, General",57870.0,52733.0,44.0,24896.0,83.0
176080,Mississippi State University,1110,Computer/Information Technology Administration and Management,,,,,0.0
176080,Mississippi State University,1401,"Engineering, General",,,,,0.0
176080,Mississippi State University,1402,"Aerospace, Aeronautical, and Astronautical/Space Engineering",54741.0,63005.0,34.0,17625.0,82.0
176080,Mississippi State University,1405,Biomedical/Medical Engineering,39300.0,42682.0,39.0,25350.0,89.0
176080,Mississippi State University,1407,Chemical Engineering,70757.0,74307.0,89.0,23298.0,73.0
176080,Mississippi State University,1408,Civil Engineering,56809.0,56776.0,96.0,21219.0,90.0
176080,Mississippi State University,1409,Computer Engineering,,67660.0,,19500.0,33.0
176080,Mississippi State University,1410,"Electrical, Electronics, and Communications Engineering",69768.0,74405.0,43.0,26750.0,72.0
176080,Mississippi State University,1419,Mechanical Engineering,67632.0,73852.0,144.0,22500.0,165.0
176080,Mississippi State University,1425,Petroleum Engineering,,,,,19.0
176080,Mississippi State University,1435,Industrial Engineering,63878.0,69710.0,33.0,27000.0,53.0
176080,Mississippi State University,1445,Biological/Biosystems Engineering,,,,,
176080,Mississippi State University,1499,"Engineering, Other",61549.0,,30.0,19469.0,29.0
176318,Rust College,1107,Computer Science,,,,,9.0
176372,University of Southern Mississippi,1101,"Computer and Information Sciences, General",51563.0,,19.0,,32.0
176372,University of Southern Mississippi,1103,Data Processing,38705.0,47846.0,16.0,28743.0,35.0
176372,University of Southern Mississippi,1409,Computer Engineering,,,,,4.0
176372,University of Southern Mississippi,1424,Ocean Engineering,,,,,7.0
176372,University of Southern Mississippi,1432,Polymer/Plastics Engineering,,,,,16.0
176406,Tougaloo College,1107,Computer Science,,,,,3.0
176628,Avila University,1101,"Computer and Information Sciences, General",,,,,13.0
176789,Calvary University,1107,Computer Science,,,,,0.0
176947,Central Methodist University-College of Liberal Arts and Sciences,1101,"Computer and Information Sciences, General",,,,,1.0
176947,Central Methodist University-College of Liberal Arts and Sciences,1107,Computer Science,,,,25000.0,5.0
176965,University of Central Missouri,1101,"Computer and Information Sciences, General",48256.0,57860.0,24.0,,2.0
176965,University of Central Missouri,1105,Computer Systems Analysis,,,,,2.0
176965,University of Central Missouri,1107,Computer Science,47256.0,57318.0,51.0,21500.0,65.0
176965,University of Central Missouri,1109,Computer Systems Networking and Telecommunications,,,,,2.0
176965,University of Central Missouri,1110,Computer/Information Technology Administration and Management,,,,25038.0,42.0
176965,University of Central Missouri,1409,Computer Engineering,,,,,6.0
177065,Columbia College,1101,"Computer and Information Sciences, General",50570.0,53894.0,60.0,31500.0,8.0
177065,Columbia College,1104,Information Science/Studies,,,,,
177065,Columbia College,1107,Computer Science,,39009.0,,,6.0
177065,Columbia College,1110,Computer/Information Technology Administration and Management,,,,,19.0
177144,Culver-Stockton College,1107,Computer Science,,,,,
177214,Drury University,1107,Computer Science,,,,,
177214,Drury University,1110,Computer/Information Technology Administration and Management,,,,,1.0
177214,Drury University,1409,Computer Engineering,,,,,13.0
177339,Evangel University,1101,"Computer and Information Sciences, General",,,,,4.0
177418,Fontbonne University,1101,"Computer and Information Sciences, General",,,,,5.0
177418,Fontbonne University,1110,Computer/Information Technology Administration and Management,,,,,10.0
177542,Hannibal-LaGrange University,1101,"Computer and Information Sciences, General",,,,,3.0
177551,Harris-Stowe State University,1101,"Computer and Information Sciences, General",,,,,10.0
177940,Lincoln University,1104,Information Science/Studies,,35701.0,,,6.0
177968,Lindenwood University,1101,"Computer and Information Sciences, General",59223.0,56641.0,75.0,31241.0,28.0
177968,Lindenwood University,1105,Computer Systems Analysis,61260.0,,16.0,,6.0
177968,Lindenwood University,1108,Computer Software and Media Applications,28997.0,29487.0,67.0,25717.0,38.0
177968,Lindenwood University,1109,Computer Systems Networking and Telecommunications,,,,,0.0
177968,Lindenwood University,1110,Computer/Information Technology Administration and Management,63962.0,,33.0,29485.0,24.0
178059,Maryville University of Saint Louis,1107,Computer Science,,,,,0.0
178244,Missouri Baptist University,1101,"Computer and Information Sciences, General",,,,,3.0
178341,Missouri Southern State University,1101,"Computer and Information Sciences, General",50466.0,47930.0,19.0,,14.0
178369,Missouri Valley College,1102,Computer Programming,,,,,8.0
178369,Missouri Valley College,1107,Computer Science,,,,,0.0
178387,Missouri Western State University,1101,"Computer and Information Sciences, General",52160.0,50606.0,21.0,25000.0,5.0
178387,Missouri Western State University,1107,Computer Science,,,,,16.0
178396,University of Missouri-Columbia,1101,"Computer and Information Sciences, General",62420.0,63666.0,168.0,21000.0,172.0
178396,University of Missouri-Columbia,1401,"Engineering, General",,,,23250.0,
178396,University of Missouri-Columbia,1405,Biomedical/Medical Engineering,,,,,38.0
178396,University of Missouri-Columbia,1407,Chemical Engineering,69895.0,62012.0,46.0,27825.0,39.0
178396,University of Missouri-Columbia,1408,Civil Engineering,60964.0,57995.0,86.0,26828.0,65.0
178396,University of Missouri-Columbia,1409,Computer Engineering,71579.0,69897.0,20.0,19500.0,17.0
178396,University of Missouri-Columbia,1410,"Electrical, Electronics, and Communications Engineering",72907.0,67101.0,42.0,22499.0,38.0
178396,University of Missouri-Columbia,1419,Mechanical Engineering,66571.0,66004.0,171.0,22250.0,127.0
178396,University of Missouri-Columbia,1435,Industrial Engineering,70396.0,69338.0,38.0,26512.0,28.0
178396,University of Missouri-Columbia,1445,Biological/Biosystems Engineering,56251.0,46321.0,58.0,24500.0,14.0
178402,University of Missouri-Kansas City,1101,"Computer and Information Sciences, General",,63005.0,,21670.0,12.0
178402,University of Missouri-Kansas City,1107,Computer Science,63355.0,65871.0,62.0,26375.0,91.0
178402,University of Missouri-Kansas City,1405,Biomedical/Medical Engineering,,,,,0.0
178402,University of Missouri-Kansas City,1408,Civil Engineering,59996.0,55547.0,24.0,24424.0,31.0
178402,University of Missouri-Kansas City,1410,"Electrical, Electronics, and Communications Engineering",69822.0,71015.0,68.0,27000.0,
178402,University of Missouri-Kansas City,1419,Mechanical Engineering,69750.0,65920.0,37.0,26068.0,36.0
178402,University of Missouri-Kansas City,1447,Electrical and Computer Engineering,,,,,60.0
178411,Missouri University of Science and Technology,1101,"Computer and Information Sciences, General",68160.0,69140.0,113.0,23619.0,120.0
178411,Missouri University of Science and Technology,1104,Information Science/Studies,57932.0,61516.0,39.0,25750.0,45.0
178411,Missouri University of Science and Technology,1402,"Aerospace, Aeronautical, and Astronautical/Space Engineering",67444.0,64659.0,56.0,22699.0,76.0
178411,Missouri University of Science and Technology,1404,Architectural Engineering,62662.0,65066.0,39.0,27000.0,31.0
178411,Missouri University of Science and Technology,1406,Ceramic Sciences and Engineering,55001.0,57318.0,31.0,22655.0,38.0
178411,Missouri University of Science and Technology,1407,Chemical Engineering,64363.0,69170.0,117.0,24250.0,86.0
178411,Missouri University of Science and Technology,1408,Civil Engineering,61379.0,62746.0,105.0,27000.0,128.0
178411,Missouri University of Science and Technology,1409,Computer Engineering,68052.0,73112.0,82.0,27000.0,71.0
178411,Missouri University of Science and Technology,1410,"Electrical, Electronics, and Communications Engineering",72376.0,73358.0,104.0,24875.0,95.0
178411,Missouri University of Science and Technology,1414,Environmental/Environmental Health Engineering,,52733.0,,27000.0,23.0
178411,Missouri University of Science and Technology,1419,Mechanical Engineering,67693.0,68939.0,247.0,22786.0,240.0
178411,Missouri University of Science and Technology,1420,Metallurgical Engineering,72706.0,74200.0,26.0,27000.0,12.0
178411,Missouri University of Science and Technology,1421,Mining and Mineral Engineering,74419.0,69338.0,39.0,28000.0,17.0
178411,Missouri University of Science and Technology,1423,Nuclear Engineering,52882.0,62674.0,35.0,23354.0,19.0
178411,Missouri University of Science and Technology,1425,Petroleum Engineering,80601.0,72214.0,45.0,28950.0,19.0
178411,Missouri University of Science and Technology,1439,Geological/Geophysical Engineering,53188.0,47260.0,27.0,20500.0,14.0
178420,University of Missouri-St Louis,1101,"Computer and Information Sciences, General",,,,,59.0
178420,University of Missouri-St Louis,1102,Computer Programming,,,,,9.0
178420,University of Missouri-St Louis,1107,Computer Science,64659.0,61814.0,81.0,24736.0,66.0
178420,University of Missouri-St Louis,1110,Computer/Information Technology Administration and Management,,,,,3.0
178420,University of Missouri-St Louis,1408,Civil Engineering,59713.0,59350.0,18.0,,19.0
178420,University of Missouri-St Louis,1410,"Electrical, Electronics, and Communications Engineering",69288.0,72714.0,40.0,27500.0,22.0
178420,University of Missouri-St Louis,1419,Mechanical Engineering,63661.0,60523.0,36.0,32274.0,39.0
178615,Truman State University,1101,"Computer and Information Sciences, General",66462.0,73530.0,36.0,26000.0,
178615,Truman State University,1107,Computer Science,,,,,40.0
178624,Northwest Missouri State University,1101,"Computer and Information Sciences, General",59353.0,65387.0,32.0,22785.0,22.0
178624,Northwest Missouri State University,1108,Computer Software and Media Applications,36075.0,45715.0,33.0,23250.0,12.0
178624,Northwest Missouri State University,1110,Computer/Information Technology Administration and Management,,,,,12.0
178697,College of the Ozarks,1101,"Computer and Information Sciences, General",,,,,6.0
178697,College of the Ozarks,1107,Computer Science,,58673.0,,,3.0
178697,College of the Ozarks,1401,"Engineering, General",,,,,22.0
178721,Park University,1101,"Computer and Information Sciences, General",55408.0,,44.0,26250.0,161.0
178721,Park University,1107,Computer Science,,,,,
178721,Park University,1108,Computer Software and Media Applications,50935.0,62887.0,52.0,19812.0,
178721,Park University,1109,Computer Systems Networking and Telecommunications,60450.0,53358.0,52.0,15000.0,
178721,Park University,1110,Computer/Information Technology Administration and Management,,,,,
178721,Park University,1409,Computer Engineering,,,,,
178721,Park University,1499,"Engineering, Other",,,,,1.0
179043,Rockhurst University,1101,"Computer and Information Sciences, General",,,,,1.0
179043,Rockhurst University,1107,Computer Science,,,,,1.0
179043,Rockhurst University,1405,Biomedical/Medical Engineering,,,,,7.0
179043,Rockhurst University,1408,Civil Engineering,,,,,7.0
179043,Rockhurst University,1410,"Electrical, Electronics, and Communications Engineering",,,,,3.0
179043,Rockhurst University,1419,Mechanical Engineering,,,,,3.0
179159,Saint Louis University,1101,"Computer and Information Sciences, General",72963.0,64990.0,18.0,37250.0,7.0
179159,Saint Louis University,1107,Computer Science,68699.0,,32.0,27000.0,35.0
179159,Saint Louis University,1402,"Aerospace, Aeronautical, and Astronautical/Space Engineering",69962.0,66941.0,29.0,26421.0,33.0
179159,Saint Louis University,1405,Biomedical/Medical Engineering,55882.0,,37.0,27000.0,48.0
179159,Saint Louis University,1408,Civil Engineering,,,,,14.0
179159,Saint Louis University,1409,Computer Engineering,,,,,9.0
179159,Saint Louis University,1410,"Electrical, Electronics, and Communications Engineering",,73446.0,,,9.0
179159,Saint Louis University,1412,Engineering Physics,,,,,2.0
179159,Saint Louis University,1419,Mechanical Engineering,68904.0,67660.0,24.0,25665.0,27.0
179265,University of Health Sciences and Pharmacy in St. Louis,1101,"Computer and Information Sciences, General",,,,,0.0
179326,Southwest Baptist University,1101,"Computer and Information Sciences, General",,,,,11.0
179326,Southwest Baptist University,1107,Computer Science,,61516.0,,,18.0
179557,Southeast Missouri State University,1101,"Computer and Information Sciences, General",50908.0,53358.0,27.0,22948.0,41.0
179557,Southeast Missouri State University,1110,Computer/Information Technology Administration and Management,,,,24250.0,29.0
179557,Southeast Missouri State University,1412,Engineering Physics,,,,,7.0
179557,Southeast Missouri State University,1427,Systems Engineering,,,,,5.0
179566,Missouri State University-Springfield,1101,"Computer and Information Sciences, General",,,,25471.0,88.0
179566,Missouri State University-Springfield,1105,Computer Systems Analysis,,,,,15.0
179566,Missouri State University-Springfield,1107,Computer Science,59220.0,62579.0,65.0,22272.0,52.0
179566,Missouri State University-Springfield,1110,Computer/Information Technology Administration and Management,45395.0,50856.0,16.0,,
179867,Washington University in St Louis,1101,"Computer and Information Sciences, General",,,,,3.0
179867,Washington University in St Louis,1107,Computer Science,89930.0,99517.0,53.0,15500.0,205.0
179867,Washington University in St Louis,1401,"Engineering, General",,,,,0.0
179867,Washington University in St Louis,1405,Biomedical/Medical Engineering,68716.0,,16.0,21250.0,55.0
179867,Washington University in St Louis,1407,Chemical Engineering,73913.0,61516.0,19.0,19500.0,30.0
179867,Washington University in St Louis,1409,Computer Engineering,,,,,21.0
179867,Washington University in St Louis,1410,"Electrical, Electronics, and Communications Engineering",,,,,24.0
179867,Washington University in St Louis,1414,Environmental/Environmental Health Engineering,,,,,4.0
179867,Washington University in St Louis,1419,Mechanical Engineering,66886.0,67995.0,30.0,19000.0,89.0
179867,Washington University in St Louis,1427,Systems Engineering,73035.0,78343.0,21.0,20500.0,24.0
179867,Washington University in St Louis,1499,"Engineering, Other",,,,,0.0
179894,Webster University,1101,"Computer and Information Sciences, General",,,,,5.0
179894,Webster University,1104,Information Science/Studies,,,,,0.0
179894,Webster University,1107,Computer Science,59608.0,57017.0,26.0,,40.0
179894,Webster University,1108,Computer Software and Media Applications,,,,,0.0
179894,Webster University,1401,"Engineering, General",,,,,
179946,Westminster College,1101,"Computer and Information Sciences, General",,,,,3.0
179946,Westminster College,1110,Computer/Information Technology Administration and Management,,,,,
179955,William Jewell College,1108,Computer Software and Media Applications,,,,,0.0
179955,William Jewell College,1408,Civil Engineering,,,,,9.0
179964,William Woods University,1110,Computer/Information Technology Administration and Management,,,,,2.0
180106,Carroll College,1105,Computer Systems Analysis,,,,,1.0
180106,Carroll College,1107,Computer Science,,,,,6.0
180106,Carroll College,1408,Civil Engineering,,50856.0,,,2.0
180106,Carroll College,1411,Engineering Mechanics,,,,,2.0
180106,Carroll College,1413,Engineering Science,,,,,0.0
180106,Carroll College,1414,Environmental/Environmental Health Engineering,,,,,0.0
180258,University of Providence,1107,Computer Science,,,,,4.0
180416,Montana Technological University,1107,Computer Science,,,,,7.0
180416,Montana Technological University,1109,Computer Systems Networking and Telecommunications,,,,,2.0
180416,Montana Technological University,1110,Computer/Information Technology Administration and Management,,,,,5.0
180416,Montana Technological University,1401,"Engineering, General",59958.0,58334.0,24.0,,1.0
180416,Montana Technological University,1408,Civil Engineering,,,,,25.0
180416,Montana Technological University,1409,Computer Engineering,,,,,3.0
180416,Montana Technological University,1410,"Electrical, Electronics, and Communications Engineering",,71015.0,,,8.0
180416,Montana Technological University,1414,Environmental/Environmental Health Engineering,,,,,9.0
180416,Montana Technological University,1419,Mechanical Engineering,,,,25750.0,42.0
180416,Montana Technological University,1420,Metallurgical Engineering,,,,,6.0
180416,Montana Technological University,1421,Mining and Mineral Engineering,,84653.0,,,10.0
180416,Montana Technological University,1425,Petroleum Engineering,94544.0,78343.0,69.0,27000.0,20.0
180416,Montana Technological University,1439,Geological/Geophysical Engineering,,,,,8.0
180461,Montana State University,1107,Computer Science,69934.0,72325.0,74.0,22500.0,100.0
180461,Montana State University,1405,Biomedical/Medical Engineering,,,,,30.0
180461,Montana State University,1407,Chemical Engineering,53200.0,41565.0,67.0,25130.0,85.0
180461,Montana State University,1408,Civil Engineering,56660.0,56234.0,76.0,21031.0,66.0
180461,Montana State University,1409,Computer Engineering,52780.0,65332.0,18.0,30500.0,17.0
180461,Montana State University,1410,"Electrical, Electronics, and Communications Engineering",70974.0,65387.0,39.0,20995.0,38.0
180461,Montana State University,1414,Environmental/Environmental Health Engineering,,,,,18.0
180461,Montana State University,1419,Mechanical Engineering,56740.0,61090.0,127.0,25011.0,179.0
180461,Montana State University,1435,Industrial Engineering,64779.0,,25.0,26000.0,33.0
180489,The University of Montana,1101,"Computer and Information Sciences, General",60294.0,67660.0,22.0,,0.0
180489,The University of Montana,1104,Information Science/Studies,,,,,
180489,The University of Montana,1107,Computer Science,,,,,13.0
180489,The University of Montana,1110,Computer/Information Technology Administration and Management,,,,,
180595,Rocky Mountain College,1107,Computer Science,,,,,5.0
180647,Salish Kootenai College,1101,"Computer and Information Sciences, General",,,,,1.0
180814,Bellevue University,1101,"Computer and Information Sciences, General",53179.0,51169.0,111.0,29513.0,123.0
180814,Bellevue University,1102,Computer Programming,62477.0,55964.0,62.0,26108.0,60.0
180814,Bellevue University,1104,Information Science/Studies,,,,,
180814,Bellevue University,1110,Computer/Information Technology Administration and Management,56155.0,51273.0,121.0,24694.0,208.0
180984,Concordia University-Nebraska,1107,Computer Science,,,,,4.0
181002,Creighton University,1101,"Computer and Information Sciences, General",58045.0,60689.0,51.0,,0.0
181002,Creighton University,1107,Computer Science,,,,21875.0,19.0
181002,Creighton University,1108,Computer Software and Media Applications,,,,,0.0
181020,Doane University,1101,"Computer and Information Sciences, General",,,,27000.0,
181020,Doane University,1104,Information Science/Studies,,,,,5.0
181020,Doane University,1107,Computer Science,,,,,1.0
181020,Doane University,1401,"Engineering, General",,,,,21.0
181020,Doane University,1412,Engineering Physics,,,,,
181127,Hastings College,1107,Computer Science,,,,,3.0
181127,Hastings College,1108,Computer Software and Media Applications,,,,,2.0
181215,University of Nebraska at Kearney,1101,"Computer and Information Sciences, General",29811.0,53358.0,16.0,,18.0
181394,University of Nebraska at Omaha,1101,"Computer and Information Sciences, General",,,,,8.0
181394,University of Nebraska at Omaha,1104,Information Science/Studies,56045.0,53358.0,29.0,21147.0,36.0
181394,University of Nebraska at Omaha,1107,Computer Science,66650.0,68778.0,42.0,21595.0,84.0
181394,University of Nebraska at Omaha,1110,Computer/Information Technology Administration and Management,,,,10500.0,39.0
181394,University of Nebraska at Omaha,1404,Architectural Engineering,,,,19630.0,
181394,University of Nebraska at Omaha,1408,Civil Engineering,59697.0,61888.0,49.0,23891.0,
181394,University of Nebraska at Omaha,1409,Computer Engineering,,73635.0,,,
181394,University of Nebraska at Omaha,1410,"Electrical, Electronics, and Communications Engineering",65154.0,63997.0,18.0,26042.0,
181394,University of Nebraska at Omaha,1433,Construction Engineering,,,,,
181464,University of Nebraska-Lincoln,1101,"Computer and Information Sciences, General",69494.0,68918.0,64.0,20572.0,93.0
181464,University of Nebraska-Lincoln,1107,Computer Science,,,,,12.0
181464,University of Nebraska-Lincoln,1401,"Engineering, General",,,,,0.0
181464,University of Nebraska-Lincoln,1403,Agricultural Engineering,,67324.0,,,23.0
181464,University of Nebraska-Lincoln,1404,Architectural Engineering,,,,,31.0
181464,University of Nebraska-Lincoln,1407,Chemical Engineering,63299.0,66821.0,45.0,27816.0,25.0
181464,University of Nebraska-Lincoln,1408,Civil Engineering,58403.0,57564.0,33.0,25500.0,90.0
181464,University of Nebraska-Lincoln,1409,Computer Engineering,76040.0,71015.0,25.0,20240.0,83.0
181464,University of Nebraska-Lincoln,1410,"Electrical, Electronics, and Communications Engineering",67969.0,70680.0,39.0,19750.0,53.0
181464,University of Nebraska-Lincoln,1414,Environmental/Environmental Health Engineering,,,,,0.0
181464,University of Nebraska-Lincoln,1419,Mechanical Engineering,63572.0,66168.0,101.0,24000.0,130.0
181464,University of Nebraska-Lincoln,1433,Construction Engineering,,,,,10.0
181464,University of Nebraska-Lincoln,1445,Biological/Biosystems Engineering,52844.0,45864.0,36.0,21525.0,46.0
181534,Peru State College,1101,"Computer and Information Sciences, General",,,,,12.0
181738,Union Adventist University,1101,"Computer and Information Sciences, General",,,,,12.0
181783,Wayne State College,1101,"Computer and Information Sciences, General",,,,,9.0
181783,Wayne State College,1104,Information Science/Studies,45691.0,50439.0,20.0,,20.0
181783,Wayne State College,1110,Computer/Information Technology Administration and Management,,,,,2.0
182281,University of Nevada-Las Vegas,1103,Data Processing,52631.0,,17.0,21750.0,43.0
182281,University of Nevada-Las Vegas,1104,Information Science/Studies,,,,,0.0
182281,University of Nevada-Las Vegas,1107,Computer Science,54877.0,59942.0,91.0,21012.0,160.0
182281,University of Nevada-Las Vegas,1110,Computer/Information Technology Administration and Management,,,,,0.0
182281,University of Nevada-Las Vegas,1402,"Aerospace, Aeronautical, and Astronautical/Space Engineering",,,,,0.0
182281,University of Nevada-Las Vegas,1405,Biomedical/Medical Engineering,,,,,0.0
182281,University of Nevada-Las Vegas,1408,Civil Engineering,64674.0,61681.0,33.0,22763.0,66.0
182281,University of Nevada-Las Vegas,1409,Computer Engineering,64154.0,46087.0,25.0,,34.0
182281,University of Nevada-Las Vegas,1410,"Electrical, Electronics, and Communications Engineering",67725.0,70296.0,38.0,19000.0,38.0
182281,University of Nevada-Las Vegas,1419,Mechanical Engineering,59374.0,61110.0,72.0,20500.0,98.0
182281,University of Nevada-Las Vegas,1433,Construction Engineering,,,,,0.0
182281,University of Nevada-Las Vegas,1499,"Engineering, Other",,,,,0.0
182290,University of Nevada-Reno,1101,"Computer and Information Sciences, General",47782.0,43638.0,85.0,20500.0,94.0
182290,University of Nevada-Reno,1107,Computer Science,,,,,119.0
182290,University of Nevada-Reno,1405,Biomedical/Medical Engineering,,,,,14.0
182290,University of Nevada-Reno,1407,Chemical Engineering,41775.0,50270.0,41.0,22000.0,31.0
182290,University of Nevada-Reno,1408,Civil Engineering,58369.0,57705.0,79.0,23250.0,64.0
182290,University of Nevada-Reno,1409,Computer Engineering,63402.0,67473.0,113.0,21375.0,1.0
182290,University of Nevada-Reno,1410,"Electrical, Electronics, and Communications Engineering",61629.0,67324.0,39.0,16500.0,57.0
182290,University of Nevada-Reno,1412,Engineering Physics,,,,,2.0
182290,University of Nevada-Reno,1414,Environmental/Environmental Health Engineering,59975.0,57318.0,23.0,25060.0,17.0
182290,University of Nevada-Reno,1418,Materials Engineering,,,,,8.0
182290,University of Nevada-Reno,1419,Mechanical Engineering,61173.0,59011.0,138.0,22750.0,135.0
182290,University of Nevada-Reno,1420,Metallurgical Engineering,,,,,1.0
182290,University of Nevada-Reno,1421,Mining and Mineral Engineering,,69338.0,,,4.0
182290,University of Nevada-Reno,1439,Geological/Geophysical Engineering,50888.0,55964.0,16.0,,9.0
182306,Great Basin College,1110,Computer/Information Technology Administration and Management,,,,,4.0
182670,Dartmouth College,1107,Computer Science,111259.0,113015.0,63.0,18490.0,130.0
182670,Dartmouth College,1405,Biomedical/Medical Engineering,,,,,16.0
182670,Dartmouth College,1412,Engineering Physics,,,,,1.0
182670,Dartmouth College,1413,Engineering Science,76341.0,78343.0,19.0,17083.0,94.0
182980,New England College,1101,"Computer and Information Sciences, General",,,,,0.0
182980,New England College,1108,Computer Software and Media Applications,,,,,0.0
182980,New England College,1110,Computer/Information Technology Administration and Management,,,,,20.0
183026,Southern New Hampshire University,1101,"Computer and Information Sciences, General",54280.0,56867.0,374.0,36709.0,482.0
183026,Southern New Hampshire University,1105,Computer Systems Analysis,,,,,
183026,Southern New Hampshire University,1107,Computer Science,,,,32614.0,437.0
183026,Southern New Hampshire University,1108,Computer Software and Media Applications,30070.0,33993.0,41.0,28252.0,221.0
183026,Southern New Hampshire University,1110,Computer/Information Technology Administration and Management,,,,,227.0
183026,Southern New Hampshire University,1402,"Aerospace, Aeronautical, and Astronautical/Space Engineering",,,,,4.0
183026,Southern New Hampshire University,1410,"Electrical, Electronics, and Communications Engineering",,,,,4.0
183026,Southern New Hampshire University,1419,Mechanical Engineering,,,,,16.0
183026,Southern New Hampshire University,1433,Construction Engineering,,,,,
183044,University of New Hampshire-Main Campus,1101,"Computer and Information Sciences, General",68602.0,70112.0,94.0,27000.0,85.0
183044,University of New Hampshire-Main Campus,1110,Computer/Information Technology Administration and Management,,,,,
183044,University of New Hampshire-Main Campus,1199,"Computer and Information Sciences and Support Services, Other",,,,26034.0,
183044,University of New Hampshire-Main Campus,1405,Biomedical/Medical Engineering,,,,26490.0,19.0
183044,University of New Hampshire-Main Campus,1407,Chemical Engineering,56939.0,68079.0,61.0,27000.0,18.0
183044,University of New Hampshire-Main Campus,1408,Civil Engineering,61870.0,57110.0,99.0,27000.0,64.0
183044,University of New Hampshire-Main Campus,1409,Computer Engineering,68492.0,76460.0,19.0,21500.0,12.0
183044,University of New Hampshire-Main Campus,1410,"Electrical, Electronics, and Communications Engineering",71027.0,69897.0,29.0,27000.0,20.0
183044,University of New Hampshire-Main Campus,1412,Engineering Physics,,,,,6.0
183044,University of New Hampshire-Main Campus,1414,Environmental/Environmental Health Engineering,54857.0,50621.0,43.0,27000.0,26.0
183044,University of New Hampshire-Main Campus,1419,Mechanical Engineering,64957.0,62260.0,147.0,27000.0,97.0
183044,University of New Hampshire-Main Campus,1424,Ocean Engineering,,,,,17.0
183044,University of New Hampshire-Main Campus,1499,"Engineering, Other",,,,,0.0
183062,Keene State College,1101,"Computer and Information Sciences, General",38926.0,55693.0,36.0,26798.0,9.0
183062,Keene State College,1108,Computer Software and Media Applications,,,,,10.0
183062,Keene State College,1110,Computer/Information Technology Administration and Management,,,,,5.0
183062,Keene State College,1199,"Computer and Information Sciences and Support Services, Other",,,,,0.0
183071,University of New Hampshire at Manchester,1101,"Computer and Information Sciences, General",68602.0,70112.0,94.0,27000.0,6.0
183071,University of New Hampshire at Manchester,1199,"Computer and Information Sciences and Support Services, Other",,,,26034.0,15.0
183080,Plymouth State University,1101,"Computer and Information Sciences, General",,53358.0,,,6.0
183080,Plymouth State University,1107,Computer Science,55682.0,57995.0,20.0,27000.0,19.0
183239,Saint Anselm College,1107,Computer Science,,75518.0,,,20.0
183239,Saint Anselm College,1401,"Engineering, General",,,,,2.0
183239,Saint Anselm College,1412,Engineering Physics,,,,,1.0
183257,University of New Hampshire College of Professional Studies Online,1101,"Computer and Information Sciences, General",68602.0,70112.0,94.0,27000.0,9.0
183257,University of New Hampshire College of Professional Studies Online,1110,Computer/Information Technology Administration and Management,,,,,3.0
183789,Berkeley College-Woodland Park,1110,Computer/Information Technology Administration and Management,41450.0,,20.0,,11.0
183822,Bloomfield College of Montclair State University,1101,"Computer and Information Sciences, General",49437.0,52107.0,125.0,23501.0,0.0
183822,Bloomfield College of Montclair State University,1107,Computer Science,,,,,7.0
183822,Bloomfield College of Montclair State University,1109,Computer Systems Networking and Telecommunications,,,,,1.0
183910,Caldwell University,1101,"Computer and Information Sciences, General",,,,,13.0
183910,Caldwell University,1107,Computer Science,,,,,10.0
183974,Centenary University,1107,Computer Science,,,,,
184348,Drew University,1107,Computer Science,,,,25000.0,20.0
184348,Drew University,1110,Computer/Information Technology Administration and Management,,,,,1.0
184348,Drew University,1412,Engineering Physics,,,,,1.0
184603,Fairleigh Dickinson University-Metropolitan Campus,1101,"Computer and Information Sciences, General",39228.0,42682.0,23.0,25000.0,19.0
184603,Fairleigh Dickinson University-Metropolitan Campus,1107,Computer Science,,,,,12.0
184603,Fairleigh Dickinson University-Metropolitan Campus,1408,Civil Engineering,,,,,14.0
184603,Fairleigh Dickinson University-Metropolitan Campus,1410,"Electrical, Electronics, and Communications Engineering",,,,,7.0
184603,Fairleigh Dickinson University-Metropolitan Campus,1419,Mechanical Engineering,,,,,12.0
184612,Felician University,1101,"Computer and Information Sciences, General",,,,,12.0
184612,Felician University,1110,Computer/Information Technology Administration and Management,,,,,5.0
184694,Fairleigh Dickinson University-Florham Campus,1101,"Computer and Information Sciences, General",39228.0,42682.0,23.0,25000.0,29.0
184773,Georgian Court University,1101,"Computer and Information Sciences, General",,,,,2.0
184782,Rowan University,1101,"Computer and Information Sciences, General",54859.0,60358.0,134.0,24250.0,150.0
184782,Rowan University,1102,Computer Programming,40608.0,,25.0,25000.0,122.0
184782,Rowan University,1104,Information Science/Studies,,,,,26.0
184782,Rowan University,1110,Computer/Information Technology Administration and Management,,,,,
184782,Rowan University,1401,"Engineering, General",,,,,7.0
184782,Rowan University,1402,"Aerospace, Aeronautical, and Astronautical/Space Engineering",,,,,
184782,Rowan University,1405,Biomedical/Medical Engineering,45966.0,,16.0,27000.0,35.0
184782,Rowan University,1407,Chemical Engineering,58819.0,57318.0,48.0,23863.0,36.0
184782,Rowan University,1408,Civil Engineering,59459.0,61516.0,62.0,23000.0,112.0
184782,Rowan University,1410,"Electrical, Electronics, and Communications Engineering",70732.0,72742.0,60.0,23250.0,58.0
184782,Rowan University,1419,Mechanical Engineering,60540.0,58673.0,80.0,22500.0,97.0
184782,Rowan University,1438,Surveying Engineering,,,,,
185129,New Jersey City University,1101,"Computer and Information Sciences, General",33076.0,42682.0,49.0,19500.0,48.0
185129,New Jersey City University,1110,Computer/Information Technology Administration and Management,,,,,
185262,Kean University,1101,"Computer and Information Sciences, General",61311.0,49436.0,58.0,26243.0,59.0
185262,Kean University,1109,Computer Systems Networking and Telecommunications,43698.0,44170.0,57.0,26570.0,63.0
185572,Monmouth University,1101,"Computer and Information Sciences, General",46204.0,61516.0,36.0,27000.0,29.0
185572,Monmouth University,1409,Computer Engineering,,57318.0,,,5.0
185590,Montclair State University,1101,"Computer and Information Sciences, General",49437.0,52107.0,125.0,23501.0,132.0
185590,Montclair State University,1107,Computer Science,,,,,
185590,Montclair State University,1109,Computer Systems Networking and Telecommunications,,,,,
185828,New Jersey Institute of Technology,1101,"Computer and Information Sciences, General",62732.0,64679.0,350.0,21500.0,458.0
185828,New Jersey Institute of Technology,1104,Information Science/Studies,60030.0,63005.0,43.0,25000.0,60.0
185828,New Jersey Institute of Technology,1107,Computer Science,,,,,12.0
185828,New Jersey Institute of Technology,1401,"Engineering, General",,,,,0.0
185828,New Jersey Institute of Technology,1405,Biomedical/Medical Engineering,60280.0,60771.0,45.0,22125.0,93.0
185828,New Jersey Institute of Technology,1407,Chemical Engineering,61204.0,54646.0,108.0,26437.0,71.0
185828,New Jersey Institute of Technology,1408,Civil Engineering,61687.0,62746.0,161.0,24085.0,195.0
185828,New Jersey Institute of Technology,1409,Computer Engineering,70324.0,69338.0,71.0,22375.0,45.0
185828,New Jersey Institute of Technology,1410,"Electrical, Electronics, and Communications Engineering",70354.0,71495.0,105.0,25325.0,91.0
185828,New Jersey Institute of Technology,1413,Engineering Science,,,,,0.0
185828,New Jersey Institute of Technology,1419,Mechanical Engineering,63541.0,60019.0,222.0,23334.0,225.0
185828,New Jersey Institute of Technology,1435,Industrial Engineering,66964.0,59124.0,30.0,25000.0,34.0
186131,Princeton University,1107,Computer Science,,,,,172.0
186131,Princeton University,1401,"Engineering, General",,,,,0.0
186131,Princeton University,1407,Chemical Engineering,65473.0,,19.0,,33.0
186131,Princeton University,1408,Civil Engineering,,,,,33.0
186131,Princeton University,1409,Computer Engineering,122809.0,103078.0,41.0,,
186131,Princeton University,1410,"Electrical, Electronics, and Communications Engineering",,,,,40.0
186131,Princeton University,1419,Mechanical Engineering,60463.0,,16.0,,53.0
186131,Princeton University,1437,Operations Research,,,,,64.0
186201,Ramapo College of New Jersey,1101,"Computer and Information Sciences, General",66440.0,73635.0,24.0,25000.0,24.0
186201,Ramapo College of New Jersey,1104,Information Science/Studies,44629.0,55547.0,33.0,26000.0,25.0
186283,Rider University,1101,"Computer and Information Sciences, General",49885.0,47260.0,35.0,25720.0,12.0
186283,Rider University,1107,Computer Science,,,,,16.0
186283,Rider University,1108,Computer Software and Media Applications,,,,,6.0
186371,Rutgers University-Camden,1101,"Computer and Information Sciences, General",69934.0,71778.0,478.0,21500.0,47.0
186380,Rutgers University-New Brunswick,1101,"Computer and Information Sciences, General",69934.0,71778.0,478.0,21500.0,613.0
186380,Rutgers University-New Brunswick,1104,Information Science/Studies,50779.0,55087.0,448.0,25000.0,385.0
186380,Rutgers University-New Brunswick,1402,"Aerospace, Aeronautical, and Astronautical/Space Engineering",,,,26674.0,40.0
186380,Rutgers University-New Brunswick,1403,Agricultural Engineering,,57318.0,,27000.0,10.0
186380,Rutgers University-New Brunswick,1405,Biomedical/Medical Engineering,50335.0,46087.0,92.0,25989.0,103.0
186380,Rutgers University-New Brunswick,1406,Ceramic Sciences and Engineering,68045.0,57318.0,28.0,23375.0,20.0
186380,Rutgers University-New Brunswick,1407,Chemical Engineering,55293.0,53894.0,119.0,25000.0,100.0
186380,Rutgers University-New Brunswick,1408,Civil Engineering,62988.0,63898.0,82.0,26291.0,77.0
186380,Rutgers University-New Brunswick,1410,"Electrical, Electronics, and Communications Engineering",70205.0,74063.0,205.0,23679.0,224.0
186380,Rutgers University-New Brunswick,1413,Engineering Science,65903.0,63005.0,47.0,24250.0,34.0
186380,Rutgers University-New Brunswick,1419,Mechanical Engineering,61256.0,61516.0,248.0,23250.0,178.0
186380,Rutgers University-New Brunswick,1435,Industrial Engineering,70511.0,51482.0,49.0,26925.0,41.0
186380,Rutgers University-New Brunswick,1439,Geological/Geophysical Engineering,,,,,
186399,Rutgers University-Newark,1101,"Computer and Information Sciences, General",69934.0,71778.0,478.0,21500.0,88.0
186399,Rutgers University-Newark,1104,Information Science/Studies,50779.0,55087.0,448.0,25000.0,12.0
186399,Rutgers University-Newark,1439,Geological/Geophysical Engineering,,,,,1.0
186432,Saint Peter's University,1101,"Computer and Information Sciences, General",,,,19500.0,39.0
186432,Saint Peter's University,1110,Computer/Information Technology Administration and Management,,,,,1.0
186584,Seton Hall University,1101,"Computer and Information Sciences, General",,,,,78.0
186618,Saint Elizabeth University,1107,Computer Science,,,,,0.0
186618,Saint Elizabeth University,1110,Computer/Information Technology Administration and Management,,,,,
186618,Saint Elizabeth University,1409,Computer Engineering,,,,,6.0
186867,Stevens Institute of Technology,1101,"Computer and Information Sciences, General",,,,,0.0
186867,Stevens Institute of Technology,1107,Computer Science,83827.0,83177.0,45.0,27000.0,132.0
186867,Stevens Institute of Technology,1110,Computer/Information Technology Administration and Management,,,,,20.0
186867,Stevens Institute of Technology,1405,Biomedical/Medical Engineering,63694.0,71015.0,44.0,27000.0,65.0
186867,Stevens Institute of Technology,1407,Chemical Engineering,71800.0,68499.0,49.0,26686.0,47.0
186867,Stevens Institute of Technology,1408,Civil Engineering,69771.0,74702.0,36.0,27000.0,40.0
186867,Stevens Institute of Technology,1409,Computer Engineering,72389.0,77213.0,31.0,26930.0,111.0
186867,Stevens Institute of Technology,1410,"Electrical, Electronics, and Communications Engineering",73943.0,77213.0,27.0,26490.0,23.0
186867,Stevens Institute of Technology,1412,Engineering Physics,,,,,2.0
186867,Stevens Institute of Technology,1414,Environmental/Environmental Health Engineering,,,,,10.0
186867,Stevens Institute of Technology,1419,Mechanical Engineering,70894.0,68778.0,150.0,26520.0,159.0
186867,Stevens Institute of Technology,1422,Naval Architecture and Marine Engineering,,,,,0.0
186867,Stevens Institute of Technology,1427,Systems Engineering,,,,,8.0
186867,Stevens Institute of Technology,1499,"Engineering, Other",69150.0,,27.0,,16.0
186876,Stockton University,1101,"Computer and Information Sciences, General",,,,,37.0
186876,Stockton University,1104,Information Science/Studies,47894.0,53108.0,100.0,19578.0,13.0
186876,Stockton University,1107,Computer Science,,,,,39.0
187134,The College of New Jersey,1101,"Computer and Information Sciences, General",70094.0,70009.0,45.0,24125.0,44.0
187134,The College of New Jersey,1405,Biomedical/Medical Engineering,,,,,37.0
187134,The College of New Jersey,1408,Civil Engineering,65396.0,,32.0,26500.0,31.0
187134,The College of New Jersey,1409,Computer Engineering,,67660.0,,25725.0,18.0
187134,The College of New Jersey,1410,"Electrical, Electronics, and Communications Engineering",69124.0,68219.0,19.0,,21.0
187134,The College of New Jersey,1413,Engineering Science,,58866.0,,,2.0
187134,The College of New Jersey,1419,Mechanical Engineering,68949.0,58402.0,19.0,22875.0,51.0
187444,William Paterson University of New Jersey,1101,"Computer and Information Sciences, General",48054.0,51482.0,62.0,26750.0,68.0
187596,Navajo Technical University,1101,"Computer and Information Sciences, General",,,,,2.0
187596,Navajo Technical University,1410,"Electrical, Electronics, and Communications Engineering",,,,,1.0
187596,Navajo Technical University,1419,Mechanical Engineering,,,,,0.0
187596,Navajo Technical University,1435,Industrial Engineering,,,,,1.0
187596,Navajo Technical University,1436,Manufacturing Engineering,,,,,2.0
187648,Eastern New Mexico University-Main Campus,1101,"Computer and Information Sciences, General",,,,,15.0
187897,New Mexico Highlands University,1101,"Computer and Information Sciences, General",,,,,4.0
187897,New Mexico Highlands University,1104,Information Science/Studies,,,,,1.0
187967,New Mexico Institute of Mining and Technology,1101,"Computer and Information Sciences, General",68561.0,,21.0,15250.0,4.0
187967,New Mexico Institute of Mining and Technology,1104,Information Science/Studies,,,,,
187967,New Mexico Institute of Mining and Technology,1107,Computer Science,,,,,26.0
187967,New Mexico Institute of Mining and Technology,1407,Chemical Engineering,38910.0,,19.0,14250.0,21.0
187967,New Mexico Institute of Mining and Technology,1408,Civil Engineering,48135.0,,16.0,,19.0
187967,New Mexico Institute of Mining and Technology,1410,"Electrical, Electronics, and Communications Engineering",61496.0,,23.0,15981.0,17.0
187967,New Mexico Institute of Mining and Technology,1414,Environmental/Environmental Health Engineering,,,,,3.0
187967,New Mexico Institute of Mining and Technology,1418,Materials Engineering,,,,,5.0
187967,New Mexico Institute of Mining and Technology,1419,Mechanical Engineering,66375.0,66045.0,71.0,19500.0,47.0
187967,New Mexico Institute of Mining and Technology,1421,Mining and Mineral Engineering,,,,,4.0
187967,New Mexico Institute of Mining and Technology,1425,Petroleum Engineering,70180.0,75204.0,59.0,28756.0,4.0
187985,University of New Mexico-Main Campus,1101,"Computer and Information Sciences, General",66115.0,65053.0,26.0,22919.0,76.0
187985,University of New Mexico-Main Campus,1407,Chemical Engineering,69148.0,57318.0,28.0,20187.0,47.0
187985,University of New Mexico-Main Campus,1408,Civil Engineering,55370.0,59648.0,26.0,20500.0,29.0
187985,University of New Mexico-Main Campus,1409,Computer Engineering,54348.0,68219.0,17.0,,28.0
187985,University of New Mexico-Main Campus,1410,"Electrical, Electronics, and Communications Engineering",56927.0,69338.0,18.0,26436.0,24.0
187985,University of New Mexico-Main Campus,1413,Engineering Science,,56415.0,,,18.0
187985,University of New Mexico-Main Campus,1419,Mechanical Engineering,60481.0,62012.0,73.0,17014.0,71.0
187985,University of New Mexico-Main Campus,1423,Nuclear Engineering,,,,,16.0
188030,New Mexico State University-Main Campus,1101,"Computer and Information Sciences, General",57124.0,55512.0,81.0,21261.0,106.0
188030,New Mexico State University-Main Campus,1402,"Aerospace, Aeronautical, and Astronautical/Space Engineering",,71575.0,,24537.0,68.0
188030,New Mexico State University-Main Campus,1407,Chemical Engineering,74738.0,58673.0,17.0,15000.0,40.0
188030,New Mexico State University-Main Campus,1408,Civil Engineering,51638.0,57860.0,33.0,13382.0,42.0
188030,New Mexico State University-Main Campus,1410,"Electrical, Electronics, and Communications Engineering",66000.0,73635.0,30.0,23250.0,37.0
188030,New Mexico State University-Main Campus,1412,Engineering Physics,,,,,6.0
188030,New Mexico State University-Main Campus,1419,Mechanical Engineering,63582.0,61814.0,58.0,18759.0,108.0
188030,New Mexico State University-Main Campus,1435,Industrial Engineering,,,,,10.0
188030,New Mexico State University-Main Campus,1439,Geological/Geophysical Engineering,,,,,0.0
188058,Northern New Mexico College,1101,"Computer and Information Sciences, General",,,,,0.0
188340,Vaughn College of Aeronautics and Technology,1107,Computer Science,,,,,
188340,Vaughn College of Aeronautics and Technology,1409,Computer Engineering,,,,,0.0
188340,Vaughn College of Aeronautics and Technology,1410,"Electrical, Electronics, and Communications Engineering",,,,,4.0
188340,Vaughn College of Aeronautics and Technology,1419,Mechanical Engineering,70297.0,56415.0,17.0,27000.0,17.0
188429,Adelphi University,1101,"Computer and Information Sciences, General",45266.0,,20.0,27000.0,35.0
188429,Adelphi University,1104,Information Science/Studies,,,,,7.0
188641,Alfred University,1405,Biomedical/Medical Engineering,,,,,4.0
188641,Alfred University,1406,Ceramic Sciences and Engineering,61795.0,55964.0,18.0,27000.0,15.0
188641,Alfred University,1418,Materials Engineering,,,,,15.0
188641,Alfred University,1419,Mechanical Engineering,59346.0,60523.0,69.0,27000.0,58.0
188641,Alfred University,1499,"Engineering, Other",50306.0,,16.0,,13.0
189088,Bard College,1107,Computer Science,,,,,
189088,Bard College,1401,"Engineering, General",,,,,
189097,Barnard College,1101,"Computer and Information Sciences, General",,,,19000.0,44.0
189228,Berkeley College-New York,1110,Computer/Information Technology Administration and Management,37008.0,,28.0,30856.0,28.0
189705,Canisius University,1107,Computer Science,,59350.0,,,13.0
189705,Canisius University,1401,"Engineering, General",,,,,0.0
190044,Clarkson University,1107,Computer Science,67495.0,78074.0,28.0,25990.0,19.0
190044,Clarkson University,1108,Computer Software and Media Applications,,,,,
190044,Clarkson University,1402,"Aerospace, Aeronautical, and Astronautical/Space Engineering",65036.0,67748.0,69.0,27000.0,41.0
190044,Clarkson University,1407,Chemical Engineering,58898.0,68858.0,89.0,27000.0,45.0
190044,Clarkson University,1408,Civil Engineering,61598.0,60325.0,152.0,27000.0,90.0
190044,Clarkson University,1409,Computer Engineering,68482.0,76460.0,40.0,27000.0,28.0
190044,Clarkson University,1410,"Electrical, Electronics, and Communications Engineering",70118.0,70009.0,60.0,26926.0,32.0
190044,Clarkson University,1414,Environmental/Environmental Health Engineering,58378.0,56157.0,36.0,27000.0,23.0
190044,Clarkson University,1419,Mechanical Engineering,66506.0,67802.0,289.0,27000.0,158.0
190099,Colgate University,1107,Computer Science,93318.0,66171.0,19.0,16000.0,49.0
190150,Columbia University in the City of New York,1104,Information Science/Studies,,,,,10.0
190150,Columbia University in the City of New York,1107,Computer Science,108903.0,103078.0,118.0,20397.0,357.0
190150,Columbia University in the City of New York,1405,Biomedical/Medical Engineering,46324.0,53810.0,28.0,19500.0,45.0
190150,Columbia University in the City of New York,1407,Chemical Engineering,65500.0,75204.0,26.0,,21.0
190150,Columbia University in the City of New York,1408,Civil Engineering,69428.0,64706.0,19.0,,18.0
190150,Columbia University in the City of New York,1409,Computer Engineering,,,,,22.0
190150,Columbia University in the City of New York,1410,"Electrical, Electronics, and Communications Engineering",,74953.0,,12000.0,24.0
190150,Columbia University in the City of New York,1411,Engineering Mechanics,,,,,0.0
190150,Columbia University in the City of New York,1412,Engineering Physics,,,,,16.0
190150,Columbia University in the City of New York,1414,Environmental/Environmental Health Engineering,,,,,19.0
190150,Columbia University in the City of New York,1419,Mechanical Engineering,69826.0,69338.0,38.0,16960.0,61.0
190150,Columbia University in the City of New York,1435,Industrial Engineering,,,,,6.0
190150,Columbia University in the City of New York,1437,Operations Research,87327.0,84653.0,33.0,,73.0
190150,Columbia University in the City of New York,1499,"Engineering, Other",,,,,0.0
190372,The Cooper Union for the Advancement of Science and Art,1401,"Engineering, General",,,,,4.0
190372,The Cooper Union for the Advancement of Science and Art,1407,Chemical Engineering,,,,,23.0
190372,The Cooper Union for the Advancement of Science and Art,1408,Civil Engineering,,,,,18.0
190372,The Cooper Union for the Advancement of Science and Art,1410,"Electrical, Electronics, and Communications Engineering",,,,,31.0
190372,The Cooper Union for the Advancement of Science and Art,1419,Mechanical Engineering,,,,,16.0
190415,Cornell University,1101,"Computer and Information Sciences, General",90735.0,82641.0,84.0,15500.0,220.0
190415,Cornell University,1107,Computer Science,127764.0,122485.0,228.0,14698.0,504.0
190415,Cornell University,1401,"Engineering, General",57169.0,74576.0,18.0,,5.0
190415,Cornell University,1403,Agricultural Engineering,,51690.0,,15502.0,30.0
190415,Cornell University,1405,Biomedical/Medical Engineering,,,,15500.0,29.0
190415,Cornell University,1407,Chemical Engineering,74126.0,83351.0,89.0,14361.0,47.0
190415,Cornell University,1408,Civil Engineering,67621.0,73321.0,22.0,12750.0,32.0
190415,Cornell University,1410,"Electrical, Electronics, and Communications Engineering",88459.0,92277.0,43.0,14750.0,87.0
190415,Cornell University,1412,Engineering Physics,,,,,22.0
190415,Cornell University,1414,Environmental/Environmental Health Engineering,61768.0,51273.0,16.0,13102.0,27.0
190415,Cornell University,1418,Materials Engineering,74526.0,68778.0,16.0,18000.0,17.0
190415,Cornell University,1419,Mechanical Engineering,72114.0,74687.0,57.0,15500.0,132.0
190415,Cornell University,1437,Operations Research,78243.0,85538.0,83.0,15000.0,80.0
190415,Cornell University,1445,Biological/Biosystems Engineering,,,,,
190415,Cornell University,1499,"Engineering, Other",,,,,
190512,CUNY Bernard M Baruch College,1104,Information Science/Studies,49897.0,49571.0,227.0,10673.0,274.0
190512,CUNY Bernard M Baruch College,1107,Computer Science,,,,,0.0
190549,CUNY Brooklyn College,1101,"Computer and Information Sciences, General",48399.0,56776.0,129.0,12000.0,151.0
190549,CUNY Brooklyn College,1104,Information Science/Studies,,42188.0,,,33.0
190549,CUNY Brooklyn College,1107,Computer Science,,,,,5.0
190549,CUNY Brooklyn College,1108,Computer Software and Media Applications,,,,,6.0
190558,College of Staten Island CUNY,1104,Information Science/Studies,,,,,19.0
190558,College of Staten Island CUNY,1107,Computer Science,39040.0,59948.0,72.0,19046.0,85.0
190558,College of Staten Island CUNY,1199,"Computer and Information Sciences and Support Services, Other",,,,,3.0
190558,College of Staten Island CUNY,1401,"Engineering, General",49020.0,56776.0,34.0,,27.0
190558,College of Staten Island CUNY,1410,"Electrical, Electronics, and Communications Engineering",58139.0,59350.0,27.0,,40.0
190567,CUNY City College,1107,Computer Science,63822.0,59169.0,59.0,8623.0,132.0
190567,CUNY City College,1405,Biomedical/Medical Engineering,44455.0,31839.0,29.0,,35.0
190567,CUNY City College,1407,Chemical Engineering,39335.0,35416.0,38.0,14125.0,32.0
190567,CUNY City College,1408,Civil Engineering,63686.0,64706.0,54.0,17500.0,57.0
190567,CUNY City College,1409,Computer Engineering,68145.0,52733.0,44.0,,54.0
190567,CUNY City College,1410,"Electrical, Electronics, and Communications Engineering",62506.0,57318.0,129.0,13563.0,81.0
190567,CUNY City College,1414,Environmental/Environmental Health Engineering,57964.0,55964.0,25.0,,26.0
190567,CUNY City College,1419,Mechanical Engineering,63296.0,68618.0,108.0,13232.0,119.0
190576,CUNY Graduate School and University Center,1101,"Computer and Information Sciences, General",,,,,0.0
190576,CUNY Graduate School and University Center,1104,Information Science/Studies,,,,24950.0,86.0
190576,CUNY Graduate School and University Center,1107,Computer Science,,,,,0.0
190576,CUNY Graduate School and University Center,1108,Computer Software and Media Applications,,,,,0.0
190576,CUNY Graduate School and University Center,1110,Computer/Information Technology Administration and Management,,,,,0.0
190576,CUNY Graduate School and University Center,1199,"Computer and Information Sciences and Support Services, Other",,,,,0.0
190576,CUNY Graduate School and University Center,1401,"Engineering, General",,,,,0.0
190576,CUNY Graduate School and University Center,1405,Biomedical/Medical Engineering,,,,,0.0
190576,CUNY Graduate School and University Center,1407,Chemical Engineering,,,,,0.0
190576,CUNY Graduate School and University Center,1408,Civil Engineering,,,,,0.0
190576,CUNY Graduate School and University Center,1409,Computer Engineering,,,,,0.0
190576,CUNY Graduate School and University Center,1410,"Electrical, Electronics, and Communications Engineering",,,,,0.0
190576,CUNY Graduate School and University Center,1414,Environmental/Environmental Health Engineering,,,,,0.0
190576,CUNY Graduate School and University Center,1419,Mechanical Engineering,,,,,0.0
190594,CUNY Hunter College,1101,"Computer and Information Sciences, General",,,,,0.0
190594,CUNY Hunter College,1107,Computer Science,55652.0,56415.0,96.0,8250.0,276.0
190600,CUNY John Jay College of Criminal Justice,1107,Computer Science,,,,,0.0
190600,CUNY John Jay College of Criminal Justice,1110,Computer/Information Technology Administration and Management,43690.0,36141.0,62.0,13875.0,197.0
190600,CUNY John Jay College of Criminal Justice,1199,"Computer and Information Sciences and Support Services, Other",,,,,2.0
190637,CUNY Lehman College,1104,Information Science/Studies,41176.0,46673.0,85.0,15729.0,75.0
190637,CUNY Lehman College,1107,Computer Science,50118.0,57318.0,93.0,13317.0,103.0
190646,CUNY Medgar Evers College,1104,Information Science/Studies,24651.0,,19.0,,10.0
190646,CUNY Medgar Evers College,1107,Computer Science,,,,,7.0
190655,CUNY New York City College of Technology,1104,Information Science/Studies,37804.0,46357.0,236.0,12289.0,245.0
190655,CUNY New York City College of Technology,1108,Computer Software and Media Applications,,,,,28.0
190655,CUNY New York City College of Technology,1412,Engineering Physics,,,,,
190664,CUNY Queens College,1107,Computer Science,57110.0,59873.0,88.0,13500.0,311.0
190691,CUNY York College,1101,"Computer and Information Sciences, General",40331.0,41937.0,32.0,12000.0,29.0
190691,CUNY York College,1107,Computer Science,35539.0,41565.0,49.0,,45.0
190761,Dominican University New York,1101,"Computer and Information Sciences, General",,,,,5.0
191205,Five Towns College,1108,Computer Software and Media Applications,,,,,9.0
191241,Fordham University,1101,"Computer and Information Sciences, General",63805.0,58673.0,73.0,26955.0,98.0
191241,Fordham University,1104,Information Science/Studies,,,,,12.0
191241,Fordham University,1412,Engineering Physics,53359.0,,21.0,,23.0
191515,Hamilton College,1101,"Computer and Information Sciences, General",,,,,17.0
191533,Hartwick College,1101,"Computer and Information Sciences, General",,,,,7.0
191533,Hartwick College,1104,Information Science/Studies,,,,,0.0
191621,Hilbert College,1110,Computer/Information Technology Administration and Management,,,,,1.0
191621,Hilbert College,1199,"Computer and Information Sciences and Support Services, Other",,,,,
191630,Hobart William Smith Colleges,1101,"Computer and Information Sciences, General",,,,27000.0,12.0
191649,Hofstra University,1101,"Computer and Information Sciences, General",,,,,4.0
191649,Hofstra University,1107,Computer Science,52145.0,62012.0,22.0,26000.0,34.0
191649,Hofstra University,1110,Computer/Information Technology Administration and Management,,,,,18.0
191649,Hofstra University,1199,"Computer and Information Sciences and Support Services, Other",,,,,0.0
191649,Hofstra University,1405,Biomedical/Medical Engineering,,,,,17.0
191649,Hofstra University,1408,Civil Engineering,,,,,21.0
191649,Hofstra University,1409,Computer Engineering,,,,,7.0
191649,Hofstra University,1410,"Electrical, Electronics, and Communications Engineering",,,,,15.0
191649,Hofstra University,1413,Engineering Science,59857.0,62409.0,30.0,27000.0,9.0
191649,Hofstra University,1419,Mechanical Engineering,59472.0,63005.0,26.0,22500.0,30.0
191649,Hofstra University,1435,Industrial Engineering,,,,,15.0
191676,Houghton University,1101,"Computer and Information Sciences, General",,,,,1.0
191676,Houghton University,1104,Information Science/Studies,,,,,2.0
191676,Houghton University,1410,"Electrical, Electronics, and Communications Engineering",,,,,
191676,Houghton University,1412,Engineering Physics,,,,,0.0
191931,Iona University,1107,Computer Science,,,,,21.0
191931,Iona University,1108,Computer Software and Media Applications,,,,,0.0
191931,Iona University,1110,Computer/Information Technology Administration and Management,,,,,0.0
191968,Ithaca College,1107,Computer Science,70085.0,71575.0,17.0,21000.0,20.0
191968,Ithaca College,1412,Engineering Physics,,,,,3.0
192323,Le Moyne College,1101,"Computer and Information Sciences, General",,,,,9.0
192323,Le Moyne College,1102,Computer Programming,,,,,1.0
192448,Long Island University,1101,"Computer and Information Sciences, General",54842.0,50439.0,24.0,,8.0
192448,Long Island University,1102,Computer Programming,,,,,8.0
192448,Long Island University,1104,Information Science/Studies,,,,,0.0
192448,Long Island University,1107,Computer Science,,,,,4.0
192448,Long Island University,1110,Computer/Information Technology Administration and Management,,,,,0.0
192448,Long Island University,1199,"Computer and Information Sciences and Support Services, Other",,,,,0.0
192448,Long Island University,1412,Engineering Physics,,,,,0.0
192448,Long Island University,1437,Operations Research,,,,,0.0
192703,Manhattan University,1101,"Computer and Information Sciences, General",52073.0,64493.0,31.0,26000.0,27.0
192703,Manhattan University,1407,Chemical Engineering,66696.0,67324.0,34.0,26503.0,25.0
192703,Manhattan University,1408,Civil Engineering,68261.0,71351.0,100.0,27000.0,99.0
192703,Manhattan University,1409,Computer Engineering,65403.0,,22.0,27000.0,16.0
192703,Manhattan University,1410,"Electrical, Electronics, and Communications Engineering",66829.0,68219.0,31.0,22750.0,19.0
192703,Manhattan University,1419,Mechanical Engineering,65446.0,62260.0,70.0,27000.0,59.0
192749,Manhattanville University,1101,"Computer and Information Sciences, General",,47260.0,,,2.0
192749,Manhattanville University,1107,Computer Science,,,,,2.0
192819,Marist University,1101,"Computer and Information Sciences, General",68483.0,73769.0,35.0,27000.0,23.0
192819,Marist University,1107,Computer Science,73698.0,79389.0,52.0,25897.0,46.0
192819,Marist University,1108,Computer Software and Media Applications,,,,,6.0
192819,Marist University,1110,Computer/Information Technology Administration and Management,,,,,20.0
192925,Medaille University,1104,Information Science/Studies,,,,,
192925,Medaille University,1108,Computer Software and Media Applications,26789.0,,18.0,,
193016,Mercy University,1101,"Computer and Information Sciences, General",46405.0,24035.0,16.0,,
193016,Mercy University,1104,Information Science/Studies,,25194.0,,,6.0
193016,Mercy University,1107,Computer Science,,,,,19.0
193016,Mercy University,1110,Computer/Information Technology Administration and Management,,,,29833.0,26.0
193292,Molloy University,1101,"Computer and Information Sciences, General",,,,,3.0
193292,Molloy University,1104,Information Science/Studies,,,,,3.0
193308,Monroe University,1101,"Computer and Information Sciences, General",37201.0,34908.0,80.0,27012.0,53.0
193308,Monroe University,1110,Computer/Information Technology Administration and Management,,,,,41.0
193353,Mount Saint Mary College,1101,"Computer and Information Sciences, General",,44260.0,,,12.0
193353,Mount Saint Mary College,1110,Computer/Information Technology Administration and Management,,,,,
193584,Nazareth University,1101,"Computer and Information Sciences, General",,,,,0.0
193584,Nazareth University,1104,Information Science/Studies,,,,,0.0
193654,The New School,1108,Computer Software and Media Applications,44088.0,,94.0,25489.0,174.0
193900,New York University,1101,"Computer and Information Sciences, General",75653.0,79957.0,277.0,19734.0,604.0
193900,New York University,1107,Computer Science,,,,,
193900,New York University,1108,Computer Software and Media Applications,,,,22750.0,79.0
193900,New York University,1110,Computer/Information Technology Administration and Management,,,,,0.0
193900,New York University,1199,"Computer and Information Sciences and Support Services, Other",,,,,9.0
193900,New York University,1407,Chemical Engineering,45963.0,56641.0,55.0,24125.0,40.0
193900,New York University,1408,Civil Engineering,65906.0,67420.0,44.0,21905.0,42.0
193900,New York University,1409,Computer Engineering,69860.0,77715.0,39.0,19000.0,38.0
193900,New York University,1410,"Electrical, Electronics, and Communications Engineering",63125.0,61516.0,56.0,24000.0,42.0
193900,New York University,1412,Engineering Physics,,,,,6.0
193900,New York University,1419,Mechanical Engineering,64972.0,54053.0,84.0,21140.0,104.0
193900,New York University,1433,Construction Engineering,,,,,
193973,Niagara University,1101,"Computer and Information Sciences, General",,37208.0,,27000.0,22.0
194091,New York Institute of Technology,1101,"Computer and Information Sciences, General",51495.0,51482.0,78.0,24817.0,134.0
194091,New York Institute of Technology,1108,Computer Software and Media Applications,,,,,22.0
194091,New York Institute of Technology,1405,Biomedical/Medical Engineering,,,,,0.0
194091,New York Institute of Technology,1410,"Electrical, Electronics, and Communications Engineering",55015.0,62012.0,71.0,26000.0,33.0
194091,New York Institute of Technology,1419,Mechanical Engineering,55573.0,70456.0,35.0,27225.0,51.0
194091,New York Institute of Technology,1433,Construction Engineering,,,,,0.0
194161,Alliance University,1101,"Computer and Information Sciences, General",,,,,5.0
194161,Alliance University,1107,Computer Science,,,,,
194310,Pace University,1101,"Computer and Information Sciences, General",,85760.0,,,9.0
194310,Pace University,1104,Information Science/Studies,,64005.0,,,9.0
194310,Pace University,1107,Computer Science,57646.0,59417.0,24.0,20750.0,63.0
194310,Pace University,1110,Computer/Information Technology Administration and Management,46787.0,55383.0,26.0,23000.0,44.0
194824,Rensselaer Polytechnic Institute,1101,"Computer and Information Sciences, General",78367.0,87532.0,24.0,27000.0,46.0
194824,Rensselaer Polytechnic Institute,1107,Computer Science,83880.0,92277.0,231.0,23250.0,284.0
194824,Rensselaer Polytechnic Institute,1402,"Aerospace, Aeronautical, and Astronautical/Space Engineering",64354.0,69140.0,89.0,25000.0,112.0
194824,Rensselaer Polytechnic Institute,1405,Biomedical/Medical Engineering,63784.0,67101.0,79.0,26000.0,70.0
194824,Rensselaer Polytechnic Institute,1407,Chemical Engineering,66991.0,69338.0,104.0,25332.0,63.0
194824,Rensselaer Polytechnic Institute,1408,Civil Engineering,67648.0,68047.0,34.0,26979.0,52.0
194824,Rensselaer Polytechnic Institute,1410,"Electrical, Electronics, and Communications Engineering",72826.0,76460.0,81.0,24625.0,107.0
194824,Rensselaer Polytechnic Institute,1412,Engineering Physics,,,,,0.0
194824,Rensselaer Polytechnic Institute,1413,Engineering Science,,,,,0.0
194824,Rensselaer Polytechnic Institute,1414,Environmental/Environmental Health Engineering,,52941.0,,,11.0
194824,Rensselaer Polytechnic Institute,1418,Materials Engineering,67716.0,64990.0,32.0,23250.0,12.0
194824,Rensselaer Polytechnic Institute,1419,Mechanical Engineering,65319.0,66798.0,232.0,25000.0,212.0
194824,Rensselaer Polytechnic Institute,1423,Nuclear Engineering,70021.0,57318.0,20.0,19500.0,14.0
194824,Rensselaer Polytechnic Institute,1435,Industrial Engineering,65458.0,77213.0,49.0,22750.0,56.0
194958,Roberts Wesleyan University,1104,Information Science/Studies,,,,,0.0
194958,Roberts Wesleyan University,1107,Computer Science,,,,,2.0
195003,Rochester Institute of Technology,1101,"Computer and Information Sciences, General",64536.0,67420.0,69.0,27000.0,50.0
195003,Rochester Institute of Technology,1102,Computer Programming,,,,27000.0,27.0
195003,Rochester Institute of Technology,1107,Computer Science,84771.0,84653.0,152.0,27000.0,186.0
195003,Rochester Institute of Technology,1108,Computer Software and Media Applications,57806.0,65387.0,155.0,27000.0,152.0
195003,Rochester Institute of Technology,1109,Computer Systems Networking and Telecommunications,72401.0,72901.0,35.0,31000.0,
195003,Rochester Institute of Technology,1110,Computer/Information Technology Administration and Management,80382.0,89006.0,49.0,27000.0,68.0
195003,Rochester Institute of Technology,1405,Biomedical/Medical Engineering,66107.0,67473.0,57.0,29183.0,45.0
195003,Rochester Institute of Technology,1407,Chemical Engineering,68569.0,69338.0,66.0,30750.0,48.0
195003,Rochester Institute of Technology,1409,Computer Engineering,77470.0,79389.0,162.0,28500.0,149.0
195003,Rochester Institute of Technology,1410,"Electrical, Electronics, and Communications Engineering",73256.0,71351.0,136.0,29000.0,
195003,Rochester Institute of Technology,1419,Mechanical Engineering,67544.0,69218.0,164.0,27000.0,148.0
195003,Rochester Institute of Technology,1435,Industrial Engineering,71306.0,68219.0,28.0,30750.0,41.0
195003,Rochester Institute of Technology,1447,Electrical and Computer Engineering,,,,,120.0
195030,University of Rochester,1107,Computer Science,84531.0,83177.0,71.0,19000.0,161.0
195030,University of Rochester,1401,"Engineering, General",,,,,0.0
195030,University of Rochester,1405,Biomedical/Medical Engineering,55852.0,63005.0,41.0,20500.0,60.0
195030,University of Rochester,1407,Chemical Engineering,68223.0,64493.0,46.0,23000.0,45.0
195030,University of Rochester,1410,"Electrical, Electronics, and Communications Engineering",67134.0,73321.0,29.0,18750.0,65.0
195030,University of Rochester,1413,Engineering Science,,,,,10.0
195030,University of Rochester,1419,Mechanical Engineering,65906.0,61516.0,62.0,21000.0,59.0
195030,University of Rochester,1439,Geological/Geophysical Engineering,,,,,1.0
195128,Russell Sage College,1104,Information Science/Studies,,47260.0,,,
195128,Russell Sage College,1199,"Computer and Information Sciences and Support Services, Other",,,,,
195164,St Bonaventure University,1101,"Computer and Information Sciences, General",,,,,8.0
195164,St Bonaventure University,1110,Computer/Information Technology Administration and Management,,,,,10.0
195173,St. Francis College,1110,Computer/Information Technology Administration and Management,,,,,17.0
195216,St Lawrence University,1101,"Computer and Information Sciences, General",,,,25000.0,12.0
195234,The College of Saint Rose,1101,"Computer and Information Sciences, General",,,,,1.0
195234,The College of Saint Rose,1107,Computer Science,,,,,16.0
195243,St. Thomas Aquinas College,1101,"Computer and Information Sciences, General",,,,,9.0
195243,St. Thomas Aquinas College,1107,Computer Science,,,,,
195474,Siena University,1101,"Computer and Information Sciences, General",61194.0,62734.0,47.0,22836.0,30.0
195474,Siena University,1102,Computer Programming,,,,,5.0
195474,Siena University,1412,Engineering Physics,,,,,15.0
195526,Skidmore College,1101,"Computer and Information Sciences, General",46489.0,50270.0,17.0,,19.0
195544,St. Joseph's University-New York,1101,"Computer and Information Sciences, General",,,,,21.0
195544,St. Joseph's University-New York,1107,Computer Science,,,,,17.0
195544,St. Joseph's University-New York,1110,Computer/Information Technology Administration and Management,34829.0,,30.0,19500.0,0.0
195720,St. John Fisher University,1101,"Computer and Information Sciences, General",,,,,5.0
195720,St. John Fisher University,1110,Computer/Information Technology Administration and Management,,,,,
195809,St. John's University-New York,1101,"Computer and Information Sciences, General",33039.0,44542.0,62.0,27000.0,61.0
195809,St. John's University-New York,1109,Computer Systems Networking and Telecommunications,,,,,0.0
195809,St. John's University-New York,1110,Computer/Information Technology Administration and Management,49776.0,63005.0,26.0,22372.0,28.0
196006,SUNY College of Technology at Alfred,1102,Computer Programming,,,,,11.0
196006,SUNY College of Technology at Alfred,1108,Computer Software and Media Applications,,,,,3.0
196006,SUNY College of Technology at Alfred,1110,Computer/Information Technology Administration and Management,40555.0,49625.0,30.0,24625.0,28.0
196015,SUNY College of Technology at Canton,1101,"Computer and Information Sciences, General",39478.0,,17.0,,8.0
196015,SUNY College of Technology at Canton,1102,Computer Programming,,,,,15.0
196015,SUNY College of Technology at Canton,1110,Computer/Information Technology Administration and Management,,,,,15.0
196015,SUNY College of Technology at Canton,1442,"Mechatronics, Robotics, and Automation Engineering",,,,,0.0
196024,SUNY College of Technology at Delhi,1101,"Computer and Information Sciences, General",,,,,0.0
196024,SUNY College of Technology at Delhi,1110,Computer/Information Technology Administration and Management,,,,,10.0
196033,SUNY College of Agriculture and Technology at Cobleskill,1101,"Computer and Information Sciences, General",,,,,4.0
196033,SUNY College of Agriculture and Technology at Cobleskill,1104,Information Science/Studies,37830.0,37424.0,97.0,22980.0,
196033,SUNY College of Agriculture and Technology at Cobleskill,1110,Computer/Information Technology Administration and Management,,,,,2.0
196033,SUNY College of Agriculture and Technology at Cobleskill,1403,Agricultural Engineering,43762.0,52107.0,17.0,,
196042,Farmingdale State College,1102,Computer Programming,47383.0,42123.0,152.0,21500.0,136.0
196042,Farmingdale State College,1104,Information Science/Studies,,51035.0,,,
196042,Farmingdale State College,1107,Computer Science,,,,,0.0
196042,Farmingdale State College,1110,Computer/Information Technology Administration and Management,,,,,17.0
196051,SUNY Morrisville,1101,"Computer and Information Sciences, General",,,,,4.0
196051,SUNY Morrisville,1102,Computer Programming,,,,,3.0
196051,SUNY Morrisville,1108,Computer Software and Media Applications,,,,,
196051,SUNY Morrisville,1110,Computer/Information Technology Administration and Management,,46478.0,,,2.0
196060,University at Albany,1101,"Computer and Information Sciences, General",46902.0,40510.0,266.0,23250.0,136.0
196060,University at Albany,1104,Information Science/Studies,,43798.0,,,
196060,University at Albany,1107,Computer Science,,,,,146.0
196060,University at Albany,1110,Computer/Information Technology Administration and Management,60180.0,,39.0,24637.0,36.0
196060,University at Albany,1401,"Engineering, General",,,,,0.0
196060,University at Albany,1409,Computer Engineering,,,,,0.0
196060,University at Albany,1410,"Electrical, Electronics, and Communications Engineering",,,,,0.0
196060,University at Albany,1414,Environmental/Environmental Health Engineering,,,,,4.0
196060,University at Albany,1418,Materials Engineering,64224.0,,19.0,,
196060,University at Albany,1447,Electrical and Computer Engineering,,,,,28.0
196060,University at Albany,1499,"Engineering, Other",,,,,0.0
196079,Binghamton University,1101,"Computer and Information Sciences, General",,,,,19.0
196079,Binghamton University,1107,Computer Science,69644.0,75921.0,70.0,19500.0,115.0
196079,Binghamton University,1401,"Engineering, General",,,,,
196079,Binghamton University,1405,Biomedical/Medical Engineering,,47260.0,,19000.0,57.0
196079,Binghamton University,1409,Computer Engineering,55544.0,72214.0,30.0,23945.0,51.0
196079,Binghamton University,1410,"Electrical, Electronics, and Communications Engineering",66746.0,69002.0,47.0,25654.0,38.0
196079,Binghamton University,1419,Mechanical Engineering,60683.0,59726.0,90.0,19500.0,102.0
196079,Binghamton University,1435,Industrial Engineering,63977.0,63430.0,82.0,21500.0,66.0
196088,University at Buffalo,1101,"Computer and Information Sciences, General",,,,,0.0
196088,University at Buffalo,1104,Information Science/Studies,,,,,0.0
196088,University at Buffalo,1107,Computer Science,60109.0,61020.0,145.0,20500.0,269.0
196088,University at Buffalo,1110,Computer/Information Technology Administration and Management,,,,,16.0
196088,University at Buffalo,1401,"Engineering, General",,,,,0.0
196088,University at Buffalo,1402,"Aerospace, Aeronautical, and Astronautical/Space Engineering",59797.0,59485.0,62.0,24846.0,107.0
196088,University at Buffalo,1405,Biomedical/Medical Engineering,47620.0,44971.0,53.0,21000.0,78.0
196088,University at Buffalo,1407,Chemical Engineering,55257.0,42682.0,70.0,23161.0,53.0
196088,University at Buffalo,1408,Civil Engineering,59397.0,56810.0,117.0,22913.0,167.0
196088,University at Buffalo,1409,Computer Engineering,61859.0,67101.0,42.0,22500.0,33.0
196088,University at Buffalo,1410,"Electrical, Electronics, and Communications Engineering",67511.0,57860.0,75.0,23500.0,110.0
196088,University at Buffalo,1412,Engineering Physics,,,,,2.0
196088,University at Buffalo,1414,Environmental/Environmental Health Engineering,45437.0,52107.0,38.0,27000.0,28.0
196088,University at Buffalo,1418,Materials Engineering,,,,,0.0
196088,University at Buffalo,1419,Mechanical Engineering,61042.0,56234.0,253.0,23944.0,232.0
196088,University at Buffalo,1423,Nuclear Engineering,,,,,0.0
196088,University at Buffalo,1435,Industrial Engineering,61581.0,59350.0,51.0,24750.0,54.0
196097,Stony Brook University,1101,"Computer and Information Sciences, General",73837.0,76170.0,212.0,16868.0,
196097,Stony Brook University,1104,Information Science/Studies,50971.0,60523.0,77.0,19750.0,68.0
196097,Stony Brook University,1107,Computer Science,,,,,258.0
196097,Stony Brook University,1401,"Engineering, General",63263.0,62154.0,41.0,20000.0,21.0
196097,Stony Brook University,1405,Biomedical/Medical Engineering,45360.0,39729.0,31.0,24581.0,50.0
196097,Stony Brook University,1407,Chemical Engineering,60840.0,60094.0,34.0,24797.0,35.0
196097,Stony Brook University,1408,Civil Engineering,63237.0,,31.0,17250.0,39.0
196097,Stony Brook University,1409,Computer Engineering,65853.0,67101.0,38.0,22990.0,56.0
196097,Stony Brook University,1410,"Electrical, Electronics, and Communications Engineering",61334.0,49644.0,46.0,14500.0,46.0
196097,Stony Brook University,1413,Engineering Science,,,,,
196097,Stony Brook University,1419,Mechanical Engineering,59148.0,60523.0,83.0,20008.0,99.0
196103,SUNY College of Environmental Science and Forestry,1401,"Engineering, General",58926.0,55348.0,18.0,,
196103,SUNY College of Environmental Science and Forestry,1405,Biomedical/Medical Engineering,,,,,15.0
196103,SUNY College of Environmental Science and Forestry,1407,Chemical Engineering,,,,,0.0
196103,SUNY College of Environmental Science and Forestry,1414,Environmental/Environmental Health Engineering,,,,,34.0
196103,SUNY College of Environmental Science and Forestry,1440,Paper Science and Engineering,,,,,6.0
196103,SUNY College of Environmental Science and Forestry,1499,"Engineering, Other",,,,,
196112,SUNY Polytechnic Institute,1101,"Computer and Information Sciences, General",53881.0,55964.0,53.0,23396.0,47.0
196112,SUNY Polytechnic Institute,1104,Information Science/Studies,41304.0,37424.0,27.0,,12.0
196112,SUNY Polytechnic Institute,1107,Computer Science,,,,,
196112,SUNY Polytechnic Institute,1110,Computer/Information Technology Administration and Management,45742.0,48667.0,39.0,19000.0,27.0
196112,SUNY Polytechnic Institute,1401,"Engineering, General",,,,,6.0
196112,SUNY Polytechnic Institute,1408,Civil Engineering,,,,19146.0,19.0
196112,SUNY Polytechnic Institute,1410,"Electrical, Electronics, and Communications Engineering",,61516.0,,26000.0,0.0
196112,SUNY Polytechnic Institute,1419,Mechanical Engineering,58631.0,,17.0,26471.0,27.0
196112,SUNY Polytechnic Institute,1447,Electrical and Computer Engineering,,,,,12.0
196112,SUNY Polytechnic Institute,1499,"Engineering, Other",,,,13000.0,9.0
196121,SUNY Brockport,1101,"Computer and Information Sciences, General",50693.0,50856.0,76.0,24622.0,
196121,SUNY Brockport,1104,Information Science/Studies,,,,,7.0
196121,SUNY Brockport,1107,Computer Science,,,,,42.0
196121,SUNY Brockport,1110,Computer/Information Technology Administration and Management,,,,,
196130,SUNY Buffalo State University,1104,Information Science/Studies,36405.0,46254.0,92.0,25651.0,64.0
196158,SUNY at Fredonia,1101,"Computer and Information Sciences, General",,49058.0,,27000.0,
196158,SUNY at Fredonia,1104,Information Science/Studies,39689.0,41937.0,23.0,,9.0
196158,SUNY at Fredonia,1107,Computer Science,,,,,17.0
196176,State University of New York at New Paltz,1101,"Computer and Information Sciences, General",49261.0,58221.0,27.0,25500.0,50.0
196176,State University of New York at New Paltz,1409,Computer Engineering,,67324.0,,,6.0
196176,State University of New York at New Paltz,1410,"Electrical, Electronics, and Communications Engineering",62136.0,68219.0,27.0,25125.0,26.0
196176,State University of New York at New Paltz,1419,Mechanical Engineering,,,,24000.0,48.0
196176,State University of New York at New Paltz,1447,Electrical and Computer Engineering,,,,,0.0
196185,SUNY Oneonta,1101,"Computer and Information Sciences, General",46185.0,45696.0,22.0,23188.0,
196185,SUNY Oneonta,1107,Computer Science,,,,,24.0
196194,State University of New York at Oswego,1101,"Computer and Information Sciences, General",59761.0,67324.0,32.0,24115.0,0.0
196194,State University of New York at Oswego,1104,Information Science/Studies,42784.0,36141.0,21.0,27000.0,13.0
196194,State University of New York at Oswego,1107,Computer Science,,,,,39.0
196194,State University of New York at Oswego,1409,Computer Engineering,66437.0,,25.0,26174.0,1.0
196194,State University of New York at Oswego,1410,"Electrical, Electronics, and Communications Engineering",,,,,0.0
196194,State University of New York at Oswego,1447,Electrical and Computer Engineering,,,,,15.0
196200,SUNY College at Potsdam,1101,"Computer and Information Sciences, General",,,,,0.0
196200,SUNY College at Potsdam,1107,Computer Science,,69338.0,,,13.0
196237,SUNY Old Westbury,1101,"Computer and Information Sciences, General",,,,23500.0,29.0
196237,SUNY Old Westbury,1104,Information Science/Studies,,,,,0.0
196246,State University of New York at Plattsburgh,1101,"Computer and Information Sciences, General",48130.0,41342.0,41.0,23375.0,16.0
196246,State University of New York at Plattsburgh,1107,Computer Science,,,,,28.0
196291,SUNY Maritime College,1410,"Electrical, Electronics, and Communications Engineering",74563.0,68219.0,30.0,25500.0,24.0
196291,SUNY Maritime College,1419,Mechanical Engineering,70875.0,87973.0,87.0,26000.0,82.0
196291,SUNY Maritime College,1422,Naval Architecture and Marine Engineering,71291.0,81997.0,48.0,27000.0,41.0
196291,SUNY Maritime College,1435,Industrial Engineering,74670.0,79081.0,17.0,24989.0,23.0
196413,Syracuse University,1101,"Computer and Information Sciences, General",74507.0,,37.0,27000.0,92.0
196413,Syracuse University,1104,Information Science/Studies,60673.0,67101.0,268.0,26694.0,188.0
196413,Syracuse University,1110,Computer/Information Technology Administration and Management,,,,,1.0
196413,Syracuse University,1402,"Aerospace, Aeronautical, and Astronautical/Space Engineering",60947.0,52107.0,42.0,27000.0,43.0
196413,Syracuse University,1405,Biomedical/Medical Engineering,50920.0,48432.0,42.0,27000.0,29.0
196413,Syracuse University,1407,Chemical Engineering,60768.0,61516.0,51.0,27000.0,19.0
196413,Syracuse University,1408,Civil Engineering,60439.0,66653.0,63.0,27000.0,36.0
196413,Syracuse University,1409,Computer Engineering,75809.0,81333.0,33.0,,23.0
196413,Syracuse University,1410,"Electrical, Electronics, and Communications Engineering",69301.0,,25.0,,19.0
196413,Syracuse University,1414,Environmental/Environmental Health Engineering,,,,,16.0
196413,Syracuse University,1419,Mechanical Engineering,63925.0,66989.0,83.0,27000.0,50.0
196592,Touro University,1101,"Computer and Information Sciences, General",,,,,0.0
196592,Touro University,1107,Computer Science,48339.0,,19.0,,51.0
196592,Touro University,1108,Computer Software and Media Applications,,,,,13.0
196592,Touro University,1110,Computer/Information Technology Administration and Management,,,,,10.0
196680,Excelsior University,1101,"Computer and Information Sciences, General",,,,,18.0
196680,Excelsior University,1104,Information Science/Studies,,,,16667.0,
196680,Excelsior University,1109,Computer Systems Networking and Telecommunications,,,,,6.0
196680,Excelsior University,1110,Computer/Information Technology Administration and Management,,,,,17.0
196866,Union College,1101,"Computer and Information Sciences, General",,76460.0,,,20.0
196866,Union College,1104,Information Science/Studies,,,,,0.0
196866,Union College,1405,Biomedical/Medical Engineering,,59124.0,,27000.0,20.0
196866,Union College,1409,Computer Engineering,,,,,6.0
196866,Union College,1410,"Electrical, Electronics, and Communications Engineering",,63392.0,,,18.0
196866,Union College,1419,Mechanical Engineering,63637.0,67812.0,38.0,27000.0,40.0
197027,United States Merchant Marine Academy,1422,Naval Architecture and Marine Engineering,,,,,94.0
197027,United States Merchant Marine Academy,1427,Systems Engineering,,,,,39.0
197036,United States Military Academy,1101,"Computer and Information Sciences, General",,,,,52.0
197036,United States Military Academy,1110,Computer/Information Technology Administration and Management,,,,,8.0
197036,United States Military Academy,1407,Chemical Engineering,,,,,25.0
197036,United States Military Academy,1408,Civil Engineering,,,,,34.0
197036,United States Military Academy,1410,"Electrical, Electronics, and Communications Engineering",,,,,18.0
197036,United States Military Academy,1414,Environmental/Environmental Health Engineering,,,,,19.0
197036,United States Military Academy,1419,Mechanical Engineering,,,,,67.0
197036,United States Military Academy,1423,Nuclear Engineering,,,,,13.0
197036,United States Military Academy,1427,Systems Engineering,,,,,51.0
197036,United States Military Academy,1437,Operations Research,,,,,28.0
197045,Utica University,1101,"Computer and Information Sciences, General",,,,,7.0
197133,Vassar College,1101,"Computer and Information Sciences, General",64930.0,69535.0,35.0,17037.0,41.0
197142,Villa Maria College,1409,Computer Engineering,,,,,0.0
197151,School of Visual Arts,1108,Computer Software and Media Applications,41114.0,37568.0,132.0,27000.0,256.0
197197,Wagner College,1107,Computer Science,,,,,7.0
197197,Wagner College,1110,Computer/Information Technology Administration and Management,,,,,4.0
197221,Webb Institute,1422,Naval Architecture and Marine Engineering,70908.0,,18.0,,24.0
197230,Wells College,1107,Computer Science,,,,,2.0
197285,The College of Westchester,1101,"Computer and Information Sciences, General",,,,,9.0
197708,Yeshiva University,1101,"Computer and Information Sciences, General",,,,,31.0
197708,Yeshiva University,1401,"Engineering, General",,,,,0.0
197869,Appalachian State University,1107,Computer Science,60824.0,60623.0,88.0,22500.0,67.0
197869,Appalachian State University,1110,Computer/Information Technology Administration and Management,,,,,
197993,Bennett College,1101,"Computer and Information Sciences, General",,,,,0.0
198136,Campbell University,1101,"Computer and Information Sciences, General",47469.0,52107.0,31.0,25000.0,31.0
198136,Campbell University,1110,Computer/Information Technology Administration and Management,38674.0,,25.0,25915.0,16.0
198136,Campbell University,1401,"Engineering, General",,,,,44.0
198215,Catawba College,1101,"Computer and Information Sciences, General",,,,,2.0
198385,Davidson College,1107,Computer Science,,,,,34.0
198419,Duke University,1101,"Computer and Information Sciences, General",,,,,0.0
198419,Duke University,1107,Computer Science,115135.0,106898.0,141.0,13500.0,370.0
198419,Duke University,1108,Computer Software and Media Applications,,,,,
198419,Duke University,1405,Biomedical/Medical Engineering,67573.0,75114.0,69.0,13894.0,67.0
198419,Duke University,1408,Civil Engineering,,,,,12.0
198419,Duke University,1409,Computer Engineering,108817.0,97071.0,63.0,14500.0,134.0
198419,Duke University,1410,"Electrical, Electronics, and Communications Engineering",,,,,0.0
198419,Duke University,1414,Environmental/Environmental Health Engineering,,,,,2.0
198419,Duke University,1419,Mechanical Engineering,71314.0,80964.0,38.0,10000.0,79.0
198419,Duke University,1499,"Engineering, Other",,,,,
198464,East Carolina University,1101,"Computer and Information Sciences, General",58120.0,66653.0,66.0,26923.0,46.0
198464,East Carolina University,1104,Information Science/Studies,,,,,6.0
198464,East Carolina University,1107,Computer Science,57993.0,61516.0,52.0,27000.0,52.0
198464,East Carolina University,1401,"Engineering, General",61056.0,58447.0,144.0,26978.0,87.0
198464,East Carolina University,1409,Computer Engineering,,,,,1.0
198507,Elizabeth City State University,1107,Computer Science,49078.0,45696.0,18.0,,13.0
198516,Elon University,1102,Computer Programming,,70680.0,,19500.0,
198516,Elon University,1104,Information Science/Studies,,,,,0.0
198516,Elon University,1107,Computer Science,,,,,43.0
198516,Elon University,1401,"Engineering, General",,,,,12.0
198516,Elon University,1405,Biomedical/Medical Engineering,,,,,1.0
198516,Elon University,1407,Chemical Engineering,,,,,1.0
198516,Elon University,1409,Computer Engineering,,,,,4.0
198516,Elon University,1412,Engineering Physics,,,,,4.0
198516,Elon University,1414,Environmental/Environmental Health Engineering,,,,,0.0
198516,Elon University,1444,Engineering Chemistry,,,,,0.0
198516,Elon University,1499,"Engineering, Other",,,,,2.0
198543,Fayetteville State University,1107,Computer Science,38451.0,39369.0,19.0,27000.0,24.0
198543,Fayetteville State University,1110,Computer/Information Technology Administration and Management,,,,,0.0
198561,Gardner-Webb University,1107,Computer Science,39768.0,44971.0,22.0,,22.0
198613,Guilford College,1101,"Computer and Information Sciences, General",41322.0,49214.0,23.0,,6.0
198613,Guilford College,1110,Computer/Information Technology Administration and Management,,,,,8.0
198695,High Point University,1107,Computer Science,,,,,24.0
198695,High Point University,1110,Computer/Information Technology Administration and Management,,,,,0.0
198695,High Point University,1409,Computer Engineering,,,,,0.0
198695,High Point University,1410,"Electrical, Electronics, and Communications Engineering",,,,,0.0
198756,Johnson C Smith University,1101,"Computer and Information Sciences, General",,39741.0,,31000.0,16.0
198756,Johnson C Smith University,1409,Computer Engineering,,,,,4.0
198835,Lenoir-Rhyne University,1101,"Computer and Information Sciences, General",,,,,6.0
198835,Lenoir-Rhyne University,1104,Information Science/Studies,,,,,8.0
198862,Livingstone College,1101,"Computer and Information Sciences, General",,,,,9.0
198899,Mars Hill University,1101,"Computer and Information Sciences, General",,,,,3.0
198950,Meredith College,1107,Computer Science,,,,,9.0
198969,Methodist University,1101,"Computer and Information Sciences, General",,,,,5.0
198969,Methodist University,1107,Computer Science,,,,,4.0
198969,Methodist University,1435,Industrial Engineering,,,,,6.0
199032,Montreat College,1110,Computer/Information Technology Administration and Management,,,,,21.0
199069,University of Mount Olive,1104,Information Science/Studies,,,,,13.0
199102,North Carolina A & T State University,1101,"Computer and Information Sciences, General",,,,,76.0
199102,North Carolina A & T State University,1107,Computer Science,74776.0,68666.0,54.0,26302.0,57.0
199102,North Carolina A & T State University,1108,Computer Software and Media Applications,,,,,1.0
199102,North Carolina A & T State University,1110,Computer/Information Technology Administration and Management,,,,27000.0,
199102,North Carolina A & T State University,1403,Agricultural Engineering,,,,,13.0
199102,North Carolina A & T State University,1404,Architectural Engineering,59103.0,53810.0,24.0,28608.0,28.0
199102,North Carolina A & T State University,1405,Biomedical/Medical Engineering,,,,30743.0,34.0
199102,North Carolina A & T State University,1407,Chemical Engineering,72566.0,61064.0,28.0,26000.0,33.0
199102,North Carolina A & T State University,1408,Civil Engineering,60061.0,55964.0,34.0,31000.0,28.0
199102,North Carolina A & T State University,1409,Computer Engineering,65779.0,,24.0,31000.0,25.0
199102,North Carolina A & T State University,1410,"Electrical, Electronics, and Communications Engineering",71300.0,44971.0,39.0,28614.0,33.0
199102,North Carolina A & T State University,1419,Mechanical Engineering,66629.0,68666.0,58.0,29822.0,82.0
199102,North Carolina A & T State University,1435,Industrial Engineering,73414.0,66541.0,32.0,31000.0,43.0
199102,North Carolina A & T State University,1438,Surveying Engineering,,,,,5.0
199111,University of North Carolina Asheville,1107,Computer Science,51950.0,58885.0,38.0,23970.0,28.0
199111,University of North Carolina Asheville,1401,"Engineering, General",62948.0,63005.0,35.0,31000.0,18.0
199120,University of North Carolina at Chapel Hill,1104,Information Science/Studies,57392.0,53984.0,53.0,13294.0,68.0
199120,University of North Carolina at Chapel Hill,1107,Computer Science,74162.0,72083.0,233.0,14131.0,432.0
199120,University of North Carolina at Chapel Hill,1405,Biomedical/Medical Engineering,56387.0,,26.0,15000.0,127.0
199139,University of North Carolina at Charlotte,1101,"Computer and Information Sciences, General",,,,22153.0,79.0
199139,University of North Carolina at Charlotte,1107,Computer Science,61034.0,60335.0,391.0,23250.0,593.0
199139,University of North Carolina at Charlotte,1408,Civil Engineering,61234.0,55663.0,107.0,23500.0,110.0
199139,University of North Carolina at Charlotte,1409,Computer Engineering,58378.0,70829.0,35.0,21875.0,75.0
199139,University of North Carolina at Charlotte,1410,"Electrical, Electronics, and Communications Engineering",67160.0,63898.0,77.0,24375.0,103.0
199139,University of North Carolina at Charlotte,1414,Environmental/Environmental Health Engineering,,,,,
199139,University of North Carolina at Charlotte,1419,Mechanical Engineering,63768.0,62666.0,241.0,27000.0,175.0
199139,University of North Carolina at Charlotte,1427,Systems Engineering,57042.0,60173.0,56.0,26000.0,27.0
199148,University of North Carolina at Greensboro,1104,Information Science/Studies,,,,,7.0
199148,University of North Carolina at Greensboro,1107,Computer Science,59772.0,68443.0,66.0,25000.0,56.0
199148,University of North Carolina at Greensboro,1109,Computer Systems Networking and Telecommunications,46932.0,40233.0,104.0,26330.0,109.0
199157,North Carolina Central University,1101,"Computer and Information Sciences, General",,,,31375.0,20.0
199193,North Carolina State University at Raleigh,1107,Computer Science,73857.0,70710.0,167.0,21073.0,281.0
199193,North Carolina State University at Raleigh,1401,"Engineering, General",61567.0,63997.0,38.0,30518.0,35.0
199193,North Carolina State University at Raleigh,1402,"Aerospace, Aeronautical, and Astronautical/Space Engineering",63111.0,56415.0,43.0,21574.0,64.0
199193,North Carolina State University at Raleigh,1403,Agricultural Engineering,59810.0,55693.0,55.0,25000.0,37.0
199193,North Carolina State University at Raleigh,1405,Biomedical/Medical Engineering,48979.0,55964.0,73.0,18638.0,127.0
199193,North Carolina State University at Raleigh,1407,Chemical Engineering,73222.0,69757.0,159.0,22244.0,161.0
199193,North Carolina State University at Raleigh,1408,Civil Engineering,63383.0,56681.0,136.0,25000.0,107.0
199193,North Carolina State University at Raleigh,1409,Computer Engineering,69627.0,70057.0,146.0,24250.0,136.0
199193,North Carolina State University at Raleigh,1410,"Electrical, Electronics, and Communications Engineering",68806.0,69140.0,199.0,24250.0,184.0
199193,North Carolina State University at Raleigh,1414,Environmental/Environmental Health Engineering,,,,26004.0,34.0
199193,North Carolina State University at Raleigh,1418,Materials Engineering,53714.0,61516.0,33.0,21111.0,43.0
199193,North Carolina State University at Raleigh,1419,Mechanical Engineering,64232.0,64493.0,187.0,24250.0,249.0
199193,North Carolina State University at Raleigh,1423,Nuclear Engineering,66420.0,,19.0,23250.0,16.0
199193,North Carolina State University at Raleigh,1428,Textile Sciences and Engineering,45374.0,43479.0,252.0,24725.0,204.0
199193,North Carolina State University at Raleigh,1433,Construction Engineering,,,,25147.0,15.0
199193,North Carolina State University at Raleigh,1435,Industrial Engineering,66081.0,70253.0,73.0,22309.0,102.0
199209,North Carolina Wesleyan University,1101,"Computer and Information Sciences, General",43559.0,42123.0,47.0,22186.0,33.0
199218,University of North Carolina Wilmington,1101,"Computer and Information Sciences, General",48982.0,45715.0,48.0,27000.0,40.0
199218,University of North Carolina Wilmington,1107,Computer Science,54368.0,64493.0,65.0,24819.0,86.0
199218,University of North Carolina Wilmington,1108,Computer Software and Media Applications,,,,,9.0
199218,University of North Carolina Wilmington,1110,Computer/Information Technology Administration and Management,,,,,0.0
199218,University of North Carolina Wilmington,1499,"Engineering, Other",,,,,0.0
199281,University of North Carolina at Pembroke,1101,"Computer and Information Sciences, General",29156.0,35810.0,21.0,27000.0,29.0
199281,University of North Carolina at Pembroke,1107,Computer Science,36624.0,42998.0,27.0,27000.0,28.0
199281,University of North Carolina at Pembroke,1110,Computer/Information Technology Administration and Management,,,,,0.0
199306,Pfeiffer University,1101,"Computer and Information Sciences, General",,,,,5.0
199412,Queens University of Charlotte,1412,Engineering Physics,,,,,0.0
199582,Saint Augustine's University,1101,"Computer and Information Sciences, General",,,,,7.0
199582,Saint Augustine's University,1401,"Engineering, General",,,,,3.0
199582,Saint Augustine's University,1499,"Engineering, Other",,,,,
199643,Shaw University,1101,"Computer and Information Sciences, General",,,,,6.0
199643,Shaw University,1107,Computer Science,,,,,2.0
199847,Wake Forest University,1107,Computer Science,70098.0,71015.0,29.0,20674.0,49.0
199847,Wake Forest University,1401,"Engineering, General",,,,,45.0
199999,Winston-Salem State University,1101,"Computer and Information Sciences, General",42719.0,40647.0,20.0,,8.0
199999,Winston-Salem State University,1107,Computer Science,57980.0,31133.0,17.0,30721.0,17.0
200004,Western Carolina University,1107,Computer Science,54769.0,53775.0,22.0,27000.0,21.0
200004,Western Carolina University,1401,"Engineering, General",62214.0,,19.0,25550.0,50.0
200004,Western Carolina University,1410,"Electrical, Electronics, and Communications Engineering",65703.0,62012.0,19.0,31000.0,29.0
200013,Rasmussen University-North Dakota,1104,Information Science/Studies,,,,22632.0,0.0
200013,Rasmussen University-North Dakota,1107,Computer Science,56886.0,55964.0,121.0,38409.0,0.0
200013,Rasmussen University-North Dakota,1110,Computer/Information Technology Administration and Management,52103.0,50515.0,65.0,47579.0,0.0
200022,Bismarck State College,1110,Computer/Information Technology Administration and Management,,,,,10.0
200059,Dickinson State University,1101,"Computer and Information Sciences, General",,,,,6.0
200059,Dickinson State University,1103,Data Processing,,45696.0,,,1.0
200059,Dickinson State University,1104,Information Science/Studies,,,,,2.0
200156,University of Jamestown,1101,"Computer and Information Sciences, General",,,,,7.0
200156,University of Jamestown,1419,Mechanical Engineering,,,,,8.0
200217,University of Mary,1101,"Computer and Information Sciences, General",,,,,11.0
200217,University of Mary,1104,Information Science/Studies,,,,,0.0
200217,University of Mary,1107,Computer Science,,,,,4.0
200217,University of Mary,1110,Computer/Information Technology Administration and Management,,,,,
200217,University of Mary,1401,"Engineering, General",,,,,0.0
200217,University of Mary,1408,Civil Engineering,,,,,6.0
200217,University of Mary,1409,Computer Engineering,,,,,0.0
200217,University of Mary,1410,"Electrical, Electronics, and Communications Engineering",,,,,3.0
200217,University of Mary,1419,Mechanical Engineering,,,,,7.0
200226,Mayville State University,1101,"Computer and Information Sciences, General",,,,,
200253,Minot State University,1101,"Computer and Information Sciences, General",,,,,8.0
200253,Minot State University,1110,Computer/Information Technology Administration and Management,,,,,1.0
200280,University of North Dakota,1101,"Computer and Information Sciences, General",56206.0,55547.0,38.0,25625.0,25.0
200280,University of North Dakota,1105,Computer Systems Analysis,,,,27000.0,12.0
200280,University of North Dakota,1108,Computer Software and Media Applications,,,,,
200280,University of North Dakota,1110,Computer/Information Technology Administration and Management,,,,,0.0
200280,University of North Dakota,1407,Chemical Engineering,62457.0,66325.0,35.0,26950.0,34.0
200280,University of North Dakota,1408,Civil Engineering,61317.0,63005.0,52.0,26600.0,49.0
200280,University of North Dakota,1410,"Electrical, Electronics, and Communications Engineering",76521.0,76460.0,41.0,27000.0,39.0
200280,University of North Dakota,1414,Environmental/Environmental Health Engineering,,,,,2.0
200280,University of North Dakota,1419,Mechanical Engineering,66166.0,64608.0,129.0,27000.0,77.0
200280,University of North Dakota,1425,Petroleum Engineering,84111.0,72762.0,48.0,27000.0,11.0
200280,University of North Dakota,1439,Geological/Geophysical Engineering,,,,,5.0
200332,North Dakota State University-Main Campus,1107,Computer Science,59793.0,58866.0,86.0,25959.0,78.0
200332,North Dakota State University-Main Campus,1110,Computer/Information Technology Administration and Management,,,,,
200332,North Dakota State University-Main Campus,1403,Agricultural Engineering,59019.0,67660.0,24.0,,20.0
200332,North Dakota State University-Main Campus,1408,Civil Engineering,60547.0,63556.0,87.0,25500.0,73.0
200332,North Dakota State University-Main Campus,1409,Computer Engineering,,72828.0,,21511.0,22.0
200332,North Dakota State University-Main Campus,1410,"Electrical, Electronics, and Communications Engineering",69521.0,66401.0,81.0,22000.0,56.0
200332,North Dakota State University-Main Campus,1414,Environmental/Environmental Health Engineering,,,,,
200332,North Dakota State University-Main Campus,1419,Mechanical Engineering,64224.0,65409.0,178.0,27000.0,154.0
200332,North Dakota State University-Main Campus,1433,Construction Engineering,,59417.0,,,10.0
200332,North Dakota State University-Main Campus,1435,Industrial Engineering,62818.0,59576.0,21.0,26000.0,39.0
200332,North Dakota State University-Main Campus,1436,Manufacturing Engineering,62687.0,67660.0,17.0,,11.0
200572,Valley City State University,1101,"Computer and Information Sciences, General",,,,,1.0
200572,Valley City State University,1409,Computer Engineering,,,,,1.0
200785,Herzing University-Akron,1102,Computer Programming,53952.0,62260.0,25.0,31050.0,1.0
200785,Herzing University-Akron,1110,Computer/Information Technology Administration and Management,47053.0,48432.0,48.0,41837.0,0.0
200800,University of Akron Main Campus,1102,Computer Programming,,,,25791.0,35.0
200800,University of Akron Main Campus,1104,Information Science/Studies,50541.0,,28.0,17589.0,8.0
200800,University of Akron Main Campus,1107,Computer Science,,,,,0.0
200800,University of Akron Main Campus,1109,Computer Systems Networking and Telecommunications,48250.0,59950.0,50.0,26879.0,12.0
200800,University of Akron Main Campus,1110,Computer/Information Technology Administration and Management,,,,,37.0
200800,University of Akron Main Campus,1401,"Engineering, General",,,,,4.0
200800,University of Akron Main Campus,1402,"Aerospace, Aeronautical, and Astronautical/Space Engineering",,,,,17.0
200800,University of Akron Main Campus,1405,Biomedical/Medical Engineering,59873.0,52420.0,38.0,23246.0,51.0
200800,University of Akron Main Campus,1407,Chemical Engineering,66094.0,71015.0,74.0,23168.0,60.0
200800,University of Akron Main Campus,1408,Civil Engineering,62163.0,58796.0,68.0,21701.0,52.0
200800,University of Akron Main Campus,1409,Computer Engineering,63260.0,69002.0,32.0,23320.0,35.0
200800,University of Akron Main Campus,1410,"Electrical, Electronics, and Communications Engineering",70972.0,70558.0,56.0,27750.0,37.0
200800,University of Akron Main Campus,1419,Mechanical Engineering,65544.0,66821.0,194.0,25125.0,170.0
200800,University of Akron Main Campus,1432,Polymer/Plastics Engineering,,,,,0.0
201104,Ashland University,1101,"Computer and Information Sciences, General",,,,,
201104,Ashland University,1107,Computer Science,,,,,8.0
201104,Ashland University,1110,Computer/Information Technology Administration and Management,,,,,4.0
201195,Baldwin Wallace University,1101,"Computer and Information Sciences, General",,,,,6.0
201195,Baldwin Wallace University,1105,Computer Systems Analysis,,,,,
201195,Baldwin Wallace University,1107,Computer Science,,,,,11.0
201195,Baldwin Wallace University,1108,Computer Software and Media Applications,,,,,2.0
201195,Baldwin Wallace University,1109,Computer Systems Networking and Telecommunications,,,,27000.0,9.0
201195,Baldwin Wallace University,1401,"Engineering, General",,,,,2.0
201195,Baldwin Wallace University,1409,Computer Engineering,,,,,7.0
201371,Bluffton University,1101,"Computer and Information Sciences, General",,,,,1.0
201441,Bowling Green State University-Main Campus,1101,"Computer and Information Sciences, General",36793.0,64493.0,18.0,33500.0,9.0
201441,Bowling Green State University-Main Campus,1104,Information Science/Studies,52802.0,,24.0,25564.0,29.0
201441,Bowling Green State University-Main Campus,1409,Computer Engineering,60054.0,57318.0,68.0,27000.0,49.0
201441,Bowling Green State University-Main Campus,1433,Construction Engineering,63158.0,62154.0,70.0,27000.0,54.0
201548,Capital University,1107,Computer Science,,59846.0,,27000.0,13.0
201548,Capital University,1409,Computer Engineering,,,,,
201645,Case Western Reserve University,1101,"Computer and Information Sciences, General",,,,,
201645,Case Western Reserve University,1107,Computer Science,74006.0,71575.0,75.0,25391.0,141.0
201645,Case Western Reserve University,1401,"Engineering, General",,,,,0.0
201645,Case Western Reserve University,1402,"Aerospace, Aeronautical, and Astronautical/Space Engineering",67172.0,63501.0,27.0,26410.0,46.0
201645,Case Western Reserve University,1405,Biomedical/Medical Engineering,60434.0,63997.0,57.0,23250.0,86.0
201645,Case Western Reserve University,1407,Chemical Engineering,69285.0,66325.0,55.0,23250.0,46.0
201645,Case Western Reserve University,1408,Civil Engineering,,61814.0,,25190.0,22.0
201645,Case Western Reserve University,1409,Computer Engineering,,,,,11.0
201645,Case Western Reserve University,1410,"Electrical, Electronics, and Communications Engineering",74953.0,68219.0,33.0,23074.0,51.0
201645,Case Western Reserve University,1412,Engineering Physics,,,,,6.0
201645,Case Western Reserve University,1418,Materials Engineering,,,,,19.0
201645,Case Western Reserve University,1419,Mechanical Engineering,67335.0,69854.0,87.0,24855.0,108.0
201645,Case Western Reserve University,1427,Systems Engineering,,,,,4.0
201645,Case Western Reserve University,1432,Polymer/Plastics Engineering,,,,,8.0
201654,Cedarville University,1107,Computer Science,71469.0,69338.0,18.0,27000.0,24.0
201654,Cedarville University,1408,Civil Engineering,,,,,18.0
201654,Cedarville University,1409,Computer Engineering,,73635.0,,,12.0
201654,Cedarville University,1410,"Electrical, Electronics, and Communications Engineering",,67101.0,,,4.0
201654,Cedarville University,1419,Mechanical Engineering,62392.0,62409.0,51.0,25000.0,53.0
201690,Central State University,1107,Computer Science,,,,,7.0
201690,Central State University,1408,Civil Engineering,,,,,4.0
201690,Central State University,1414,Environmental/Environmental Health Engineering,,,,,2.0
201690,Central State University,1436,Manufacturing Engineering,,,,,5.0
201885,University of Cincinnati-Main Campus,1101,"Computer and Information Sciences, General",63504.0,59011.0,253.0,23203.0,200.0
201885,University of Cincinnati-Main Campus,1102,Computer Programming,,,,,71.0
201885,University of Cincinnati-Main Campus,1104,Information Science/Studies,,57770.0,,23000.0,
201885,University of Cincinnati-Main Campus,1108,Computer Software and Media Applications,,,,,17.0
201885,University of Cincinnati-Main Campus,1110,Computer/Information Technology Administration and Management,,,,,126.0
201885,University of Cincinnati-Main Campus,1402,"Aerospace, Aeronautical, and Astronautical/Space Engineering",67848.0,64990.0,53.0,20750.0,60.0
201885,University of Cincinnati-Main Campus,1404,Architectural Engineering,,,,25880.0,36.0
201885,University of Cincinnati-Main Campus,1405,Biomedical/Medical Engineering,63624.0,59576.0,42.0,23250.0,63.0
201885,University of Cincinnati-Main Campus,1407,Chemical Engineering,73396.0,70456.0,100.0,21333.0,124.0
201885,University of Cincinnati-Main Campus,1408,Civil Engineering,63928.0,63898.0,62.0,24500.0,69.0
201885,University of Cincinnati-Main Campus,1409,Computer Engineering,72230.0,,44.0,21875.0,59.0
201885,University of Cincinnati-Main Campus,1410,"Electrical, Electronics, and Communications Engineering",73190.0,68965.0,72.0,27000.0,98.0
201885,University of Cincinnati-Main Campus,1414,Environmental/Environmental Health Engineering,64034.0,,18.0,,31.0
201885,University of Cincinnati-Main Campus,1419,Mechanical Engineering,67530.0,68890.0,162.0,25998.0,211.0
201885,University of Cincinnati-Main Campus,1433,Construction Engineering,66036.0,,53.0,25480.0,40.0
201885,University of Cincinnati-Main Campus,1435,Industrial Engineering,,,,,0.0
201964,Ohio Christian University,1101,"Computer and Information Sciences, General",,,,,0.0
201973,Clark State College,1108,Computer Software and Media Applications,,,,,4.0
202134,Cleveland State University,1101,"Computer and Information Sciences, General",57594.0,59901.0,44.0,31125.0,0.0
202134,Cleveland State University,1104,Information Science/Studies,52776.0,,34.0,25731.0,34.0
202134,Cleveland State University,1107,Computer Science,,,,23365.0,48.0
202134,Cleveland State University,1407,Chemical Engineering,56703.0,60061.0,51.0,28826.0,35.0
202134,Cleveland State University,1408,Civil Engineering,54498.0,56415.0,29.0,29750.0,43.0
202134,Cleveland State University,1409,Computer Engineering,59475.0,57318.0,26.0,25547.0,27.0
202134,Cleveland State University,1410,"Electrical, Electronics, and Communications Engineering",67483.0,65849.0,33.0,27000.0,28.0
202134,Cleveland State University,1419,Mechanical Engineering,60104.0,57920.0,82.0,25000.0,86.0
202480,University of Dayton,1101,"Computer and Information Sciences, General",,,,,10.0
202480,University of Dayton,1107,Computer Science,,,,25000.0,37.0
202480,University of Dayton,1407,Chemical Engineering,68637.0,72274.0,62.0,22999.0,46.0
202480,University of Dayton,1408,Civil Engineering,63857.0,62707.0,38.0,26500.0,48.0
202480,University of Dayton,1409,Computer Engineering,65400.0,74576.0,16.0,26090.0,22.0
202480,University of Dayton,1410,"Electrical, Electronics, and Communications Engineering",69024.0,70456.0,21.0,26625.0,60.0
202480,University of Dayton,1419,Mechanical Engineering,65339.0,68688.0,191.0,24250.0,214.0
202514,Defiance College,1101,"Computer and Information Sciences, General",,,,,1.0
202514,Defiance College,1110,Computer/Information Technology Administration and Management,,,,,0.0
202523,Denison University,1107,Computer Science,,,,,19.0
202763,The University of Findlay,1101,"Computer and Information Sciences, General",,,,,4.0
202763,The University of Findlay,1107,Computer Science,,,,,7.0
202763,The University of Findlay,1108,Computer Software and Media Applications,,,,,5.0
202763,The University of Findlay,1110,Computer/Information Technology Administration and Management,,,,,3.0
202806,Franklin University,1101,"Computer and Information Sciences, General",55444.0,54664.0,51.0,39352.0,42.0
202806,Franklin University,1107,Computer Science,,61516.0,,47834.0,18.0
202806,Franklin University,1108,Computer Software and Media Applications,,46478.0,,,4.0
202806,Franklin University,1110,Computer/Information Technology Administration and Management,,,,27858.0,25.0
203085,Heidelberg University,1101,"Computer and Information Sciences, General",,,,,0.0
203085,Heidelberg University,1107,Computer Science,,,,,2.0
203128,Hiram College,1101,"Computer and Information Sciences, General",,,,,1.0
203128,Hiram College,1107,Computer Science,,,,,2.0
203368,John Carroll University,1107,Computer Science,56377.0,53775.0,20.0,23250.0,18.0
203368,John Carroll University,1110,Computer/Information Technology Administration and Management,,,,,
203368,John Carroll University,1199,"Computer and Information Sciences and Support Services, Other",,,,,
203368,John Carroll University,1412,Engineering Physics,,,,,3.0
203447,Kent State University at Ashtabula,1110,Computer/Information Technology Administration and Management,,,,,11.0
203456,Kent State University at East Liverpool,1110,Computer/Information Technology Administration and Management,,,,,1.0
203465,Kent State University at Stark,1107,Computer Science,57552.0,64493.0,95.0,25000.0,0.0
203465,Kent State University at Stark,1110,Computer/Information Technology Administration and Management,,,,,12.0
203474,Kent State University at Trumbull,1110,Computer/Information Technology Administration and Management,,,,,19.0
203483,Kent State University at Tuscarawas,1110,Computer/Information Technology Administration and Management,,,,,1.0
203492,Kent State University at Salem,1110,Computer/Information Technology Administration and Management,,,,,3.0
203517,Kent State University at Kent,1101,"Computer and Information Sciences, General",41266.0,41342.0,82.0,25000.0,27.0
203517,Kent State University at Kent,1105,Computer Systems Analysis,52914.0,53358.0,73.0,25000.0,32.0
203517,Kent State University at Kent,1107,Computer Science,57552.0,64493.0,95.0,25000.0,108.0
203517,Kent State University at Kent,1108,Computer Software and Media Applications,,,,,3.0
203517,Kent State University at Kent,1402,"Aerospace, Aeronautical, and Astronautical/Space Engineering",,,,,15.0
203517,Kent State University at Kent,1435,Industrial Engineering,52124.0,49019.0,51.0,29000.0,12.0
203517,Kent State University at Kent,1442,"Mechatronics, Robotics, and Automation Engineering",,,,,6.0
203517,Kent State University at Kent,1447,Electrical and Computer Engineering,,,,,0.0
203526,Kent State University at Geauga,1110,Computer/Information Technology Administration and Management,,,,,9.0
203580,Lake Erie College,1110,Computer/Information Technology Administration and Management,,,,,0.0
203757,Lourdes University,1107,Computer Science,,,,,
203775,Malone University,1107,Computer Science,,,,,1.0
203775,Malone University,1110,Computer/Information Technology Administration and Management,,,,,0.0
203845,Marietta College,1101,"Computer and Information Sciences, General",,,,,4.0
203845,Marietta College,1107,Computer Science,,,,,0.0
203845,Marietta College,1414,Environmental/Environmental Health Engineering,,,,,1.0
203845,Marietta College,1425,Petroleum Engineering,76751.0,71575.0,70.0,27000.0,35.0
204006,Miami University-Hamilton,1101,"Computer and Information Sciences, General",57809.0,59576.0,81.0,26495.0,23.0
204015,Miami University-Middletown,1101,"Computer and Information Sciences, General",57809.0,59576.0,81.0,26495.0,10.0
204024,Miami University-Oxford,1101,"Computer and Information Sciences, General",57809.0,59576.0,81.0,26495.0,0.0
204024,Miami University-Oxford,1102,Computer Programming,,,,,16.0
204024,Miami University-Oxford,1105,Computer Systems Analysis,,,,,
204024,Miami University-Oxford,1107,Computer Science,,,,,127.0
204024,Miami University-Oxford,1401,"Engineering, General",,,,,3.0
204024,Miami University-Oxford,1405,Biomedical/Medical Engineering,48188.0,47260.0,18.0,27000.0,31.0
204024,Miami University-Oxford,1407,Chemical Engineering,68519.0,66541.0,58.0,20500.0,30.0
204024,Miami University-Oxford,1409,Computer Engineering,67795.0,76460.0,34.0,27000.0,55.0
204024,Miami University-Oxford,1410,"Electrical, Electronics, and Communications Engineering",,67660.0,,,21.0
204024,Miami University-Oxford,1412,Engineering Physics,,,,,4.0
204024,Miami University-Oxford,1419,Mechanical Engineering,62396.0,61516.0,101.0,25100.0,88.0
204024,Miami University-Oxford,1436,Manufacturing Engineering,65905.0,,16.0,,3.0
204024,Miami University-Oxford,1499,"Engineering, Other",,,,,
204185,University of Mount Union,1101,"Computer and Information Sciences, General",,,,,9.0
204185,University of Mount Union,1102,Computer Programming,,,,,
204185,University of Mount Union,1108,Computer Software and Media Applications,,,,,3.0
204185,University of Mount Union,1110,Computer/Information Technology Administration and Management,,,,,
204185,University of Mount Union,1405,Biomedical/Medical Engineering,,,,,2.0
204185,University of Mount Union,1408,Civil Engineering,,,,,14.0
204185,University of Mount Union,1409,Computer Engineering,,,,,2.0
204185,University of Mount Union,1410,"Electrical, Electronics, and Communications Engineering",,,,,
204185,University of Mount Union,1419,Mechanical Engineering,57159.0,69338.0,20.0,27000.0,14.0
204194,Mount Vernon Nazarene University,1101,"Computer and Information Sciences, General",,,,,1.0
204194,Mount Vernon Nazarene University,1102,Computer Programming,,,,,5.0
204194,Mount Vernon Nazarene University,1108,Computer Software and Media Applications,,,,,
204194,Mount Vernon Nazarene University,1109,Computer Systems Networking and Telecommunications,,,,,1.0
204194,Mount Vernon Nazarene University,1409,Computer Engineering,,,,,
204194,Mount Vernon Nazarene University,1410,"Electrical, Electronics, and Communications Engineering",,,,,2.0
204194,Mount Vernon Nazarene University,1419,Mechanical Engineering,,,,,9.0
204200,Mount St. Joseph University,1101,"Computer and Information Sciences, General",,,,,0.0
204200,Mount St. Joseph University,1107,Computer Science,,,,,10.0
204200,Mount St. Joseph University,1108,Computer Software and Media Applications,,,,,2.0
204264,Muskingum University,1101,"Computer and Information Sciences, General",,,,,7.0
204264,Muskingum University,1107,Computer Science,,,,,0.0
204264,Muskingum University,1401,"Engineering, General",,,,,7.0
204264,Muskingum University,1413,Engineering Science,,,,,0.0
204468,Notre Dame College,1409,Computer Engineering,,,,,1.0
204501,Oberlin College,1101,"Computer and Information Sciences, General",70028.0,76460.0,16.0,26500.0,44.0
204501,Oberlin College,1499,"Engineering, Other",,,,,3.0
204617,Ohio Dominican University,1101,"Computer and Information Sciences, General",,,,,
204617,Ohio Dominican University,1107,Computer Science,,,,,6.0
204617,Ohio Dominican University,1110,Computer/Information Technology Administration and Management,,,,,0.0
204617,Ohio Dominican University,1409,Computer Engineering,,,,,0.0
204635,Ohio Northern University,1107,Computer Science,,,,,3.0
204635,Ohio Northern University,1408,Civil Engineering,56895.0,63005.0,23.0,25961.0,19.0
204635,Ohio Northern University,1409,Computer Engineering,,,,,6.0
204635,Ohio Northern University,1410,"Electrical, Electronics, and Communications Engineering",73066.0,68219.0,17.0,,17.0
204635,Ohio Northern University,1419,Mechanical Engineering,66379.0,70680.0,72.0,27000.0,67.0
204635,Ohio Northern University,1499,"Engineering, Other",,,,,2.0
204796,Ohio State University-Main Campus,1101,"Computer and Information Sciences, General",68553.0,68331.0,69.0,23000.0,104.0
204796,Ohio State University-Main Campus,1402,"Aerospace, Aeronautical, and Astronautical/Space Engineering",63947.0,63377.0,64.0,25853.0,75.0
204796,Ohio State University-Main Campus,1403,Agricultural Engineering,50931.0,57920.0,90.0,24872.0,96.0
204796,Ohio State University-Main Campus,1405,Biomedical/Medical Engineering,45967.0,42682.0,38.0,23125.0,79.0
204796,Ohio State University-Main Campus,1407,Chemical Engineering,66852.0,69561.0,197.0,20500.0,186.0
204796,Ohio State University-Main Campus,1408,Civil Engineering,61272.0,60110.0,205.0,23545.0,136.0
204796,Ohio State University-Main Campus,1409,Computer Engineering,76749.0,70931.0,235.0,20247.0,404.0
204796,Ohio State University-Main Campus,1410,"Electrical, Electronics, and Communications Engineering",70372.0,74576.0,187.0,22411.0,200.0
204796,Ohio State University-Main Campus,1412,Engineering Physics,62238.0,,16.0,,35.0
204796,Ohio State University-Main Campus,1414,Environmental/Environmental Health Engineering,58700.0,62012.0,32.0,24850.0,33.0
204796,Ohio State University-Main Campus,1418,Materials Engineering,67817.0,71015.0,61.0,19500.0,58.0
204796,Ohio State University-Main Campus,1419,Mechanical Engineering,70440.0,73052.0,157.0,20500.0,211.0
204796,Ohio State University-Main Campus,1435,Industrial Engineering,70911.0,75667.0,92.0,21875.0,156.0
204796,Ohio State University-Main Campus,1499,"Engineering, Other",71065.0,75130.0,52.0,22000.0,43.0
204802,Ohio University-Eastern Campus,1101,"Computer and Information Sciences, General",39852.0,40017.0,59.0,31115.0,0.0
204802,Ohio University-Eastern Campus,1107,Computer Science,64115.0,67202.0,41.0,21500.0,0.0
204802,Ohio University-Eastern Campus,1109,Computer Systems Networking and Telecommunications,49122.0,56544.0,35.0,19500.0,0.0
204802,Ohio University-Eastern Campus,1401,"Engineering, General",,,,,0.0
204802,Ohio University-Eastern Campus,1407,Chemical Engineering,60469.0,57318.0,39.0,23250.0,0.0
204802,Ohio University-Eastern Campus,1408,Civil Engineering,59630.0,58479.0,40.0,27000.0,0.0
204802,Ohio University-Eastern Campus,1409,Computer Engineering,,,,,0.0
204802,Ohio University-Eastern Campus,1410,"Electrical, Electronics, and Communications Engineering",74736.0,68219.0,36.0,24978.0,0.0
204802,Ohio University-Eastern Campus,1419,Mechanical Engineering,68216.0,62775.0,89.0,27000.0,0.0
204802,Ohio University-Eastern Campus,1435,Industrial Engineering,63889.0,61020.0,30.0,27000.0,0.0
204802,Ohio University-Eastern Campus,1499,"Engineering, Other",,,,,0.0
204820,Ohio University-Chillicothe Campus,1101,"Computer and Information Sciences, General",39852.0,40017.0,59.0,31115.0,0.0
204820,Ohio University-Chillicothe Campus,1107,Computer Science,64115.0,67202.0,41.0,21500.0,0.0
204820,Ohio University-Chillicothe Campus,1109,Computer Systems Networking and Telecommunications,49122.0,56544.0,35.0,19500.0,0.0
204820,Ohio University-Chillicothe Campus,1401,"Engineering, General",,,,,0.0
204820,Ohio University-Chillicothe Campus,1407,Chemical Engineering,60469.0,57318.0,39.0,23250.0,0.0
204820,Ohio University-Chillicothe Campus,1408,Civil Engineering,59630.0,58479.0,40.0,27000.0,0.0
204820,Ohio University-Chillicothe Campus,1409,Computer Engineering,,,,,0.0
204820,Ohio University-Chillicothe Campus,1410,"Electrical, Electronics, and Communications Engineering",74736.0,68219.0,36.0,24978.0,0.0
204820,Ohio University-Chillicothe Campus,1419,Mechanical Engineering,68216.0,62775.0,89.0,27000.0,0.0
204820,Ohio University-Chillicothe Campus,1435,Industrial Engineering,63889.0,61020.0,30.0,27000.0,0.0
204820,Ohio University-Chillicothe Campus,1499,"Engineering, Other",,,,,0.0
204839,Ohio University-Southern Campus,1101,"Computer and Information Sciences, General",39852.0,40017.0,59.0,31115.0,0.0
204839,Ohio University-Southern Campus,1107,Computer Science,64115.0,67202.0,41.0,21500.0,0.0
204839,Ohio University-Southern Campus,1109,Computer Systems Networking and Telecommunications,49122.0,56544.0,35.0,19500.0,0.0
204839,Ohio University-Southern Campus,1401,"Engineering, General",,,,,0.0
204839,Ohio University-Southern Campus,1407,Chemical Engineering,60469.0,57318.0,39.0,23250.0,0.0
204839,Ohio University-Southern Campus,1408,Civil Engineering,59630.0,58479.0,40.0,27000.0,0.0
204839,Ohio University-Southern Campus,1409,Computer Engineering,,,,,0.0
204839,Ohio University-Southern Campus,1410,"Electrical, Electronics, and Communications Engineering",74736.0,68219.0,36.0,24978.0,0.0
204839,Ohio University-Southern Campus,1419,Mechanical Engineering,68216.0,62775.0,89.0,27000.0,0.0
204839,Ohio University-Southern Campus,1435,Industrial Engineering,63889.0,61020.0,30.0,27000.0,0.0
204839,Ohio University-Southern Campus,1499,"Engineering, Other",,,,,0.0
204848,Ohio University-Lancaster Campus,1101,"Computer and Information Sciences, General",39852.0,40017.0,59.0,31115.0,0.0
204848,Ohio University-Lancaster Campus,1107,Computer Science,64115.0,67202.0,41.0,21500.0,0.0
204848,Ohio University-Lancaster Campus,1109,Computer Systems Networking and Telecommunications,49122.0,56544.0,35.0,19500.0,0.0
204848,Ohio University-Lancaster Campus,1401,"Engineering, General",,,,,0.0
204848,Ohio University-Lancaster Campus,1407,Chemical Engineering,60469.0,57318.0,39.0,23250.0,0.0
204848,Ohio University-Lancaster Campus,1408,Civil Engineering,59630.0,58479.0,40.0,27000.0,0.0
204848,Ohio University-Lancaster Campus,1409,Computer Engineering,,,,,0.0
204848,Ohio University-Lancaster Campus,1410,"Electrical, Electronics, and Communications Engineering",74736.0,68219.0,36.0,24978.0,0.0
204848,Ohio University-Lancaster Campus,1419,Mechanical Engineering,68216.0,62775.0,89.0,27000.0,0.0
204848,Ohio University-Lancaster Campus,1435,Industrial Engineering,63889.0,61020.0,30.0,27000.0,0.0
204848,Ohio University-Lancaster Campus,1499,"Engineering, Other",,,,,0.0
204857,Ohio University-Main Campus,1101,"Computer and Information Sciences, General",39852.0,40017.0,59.0,31115.0,2.0
204857,Ohio University-Main Campus,1107,Computer Science,64115.0,67202.0,41.0,21500.0,53.0
204857,Ohio University-Main Campus,1109,Computer Systems Networking and Telecommunications,49122.0,56544.0,35.0,19500.0,21.0
204857,Ohio University-Main Campus,1401,"Engineering, General",,,,,65.0
204857,Ohio University-Main Campus,1407,Chemical Engineering,60469.0,57318.0,39.0,23250.0,41.0
204857,Ohio University-Main Campus,1408,Civil Engineering,59630.0,58479.0,40.0,27000.0,39.0
204857,Ohio University-Main Campus,1409,Computer Engineering,,,,,5.0
204857,Ohio University-Main Campus,1410,"Electrical, Electronics, and Communications Engineering",74736.0,68219.0,36.0,24978.0,17.0
204857,Ohio University-Main Campus,1419,Mechanical Engineering,68216.0,62775.0,89.0,27000.0,52.0
204857,Ohio University-Main Campus,1435,Industrial Engineering,63889.0,61020.0,30.0,27000.0,21.0
204857,Ohio University-Main Campus,1499,"Engineering, Other",,,,,5.0
204866,Ohio University-Zanesville Campus,1101,"Computer and Information Sciences, General",39852.0,40017.0,59.0,31115.0,0.0
204866,Ohio University-Zanesville Campus,1107,Computer Science,64115.0,67202.0,41.0,21500.0,0.0
204866,Ohio University-Zanesville Campus,1109,Computer Systems Networking and Telecommunications,49122.0,56544.0,35.0,19500.0,0.0
204866,Ohio University-Zanesville Campus,1401,"Engineering, General",,,,,0.0
204866,Ohio University-Zanesville Campus,1407,Chemical Engineering,60469.0,57318.0,39.0,23250.0,0.0
204866,Ohio University-Zanesville Campus,1408,Civil Engineering,59630.0,58479.0,40.0,27000.0,0.0
204866,Ohio University-Zanesville Campus,1409,Computer Engineering,,,,,0.0
204866,Ohio University-Zanesville Campus,1410,"Electrical, Electronics, and Communications Engineering",74736.0,68219.0,36.0,24978.0,0.0
204866,Ohio University-Zanesville Campus,1419,Mechanical Engineering,68216.0,62775.0,89.0,27000.0,0.0
204866,Ohio University-Zanesville Campus,1435,Industrial Engineering,63889.0,61020.0,30.0,27000.0,0.0
204866,Ohio University-Zanesville Campus,1499,"Engineering, Other",,,,,0.0
204909,Ohio Wesleyan University,1107,Computer Science,,,,,2.0
204936,Otterbein University,1101,"Computer and Information Sciences, General",,,,,9.0
204936,Otterbein University,1412,Engineering Physics,,,,,0.0
204936,Otterbein University,1414,Environmental/Environmental Health Engineering,,,,,2.0
204936,Otterbein University,1419,Mechanical Engineering,,,,,13.0
204936,Otterbein University,1427,Systems Engineering,,,,27000.0,7.0
205203,University of Rio Grande,1107,Computer Science,,,,,1.0
205443,Shawnee State University,1102,Computer Programming,,,,,
205443,Shawnee State University,1110,Computer/Information Technology Administration and Management,,,,,7.0
205443,Shawnee State University,1414,Environmental/Environmental Health Engineering,,,,,4.0
205957,Franciscan University of Steubenville,1101,"Computer and Information Sciences, General",,,,,7.0
205957,Franciscan University of Steubenville,1107,Computer Science,,,,,5.0
206048,Tiffin University,1101,"Computer and Information Sciences, General",,,,,2.0
206048,Tiffin University,1105,Computer Systems Analysis,,,,,0.0
206048,Tiffin University,1107,Computer Science,,,,,0.0
206048,Tiffin University,1109,Computer Systems Networking and Telecommunications,,,,,15.0
206048,Tiffin University,1110,Computer/Information Technology Administration and Management,,,,,4.0
206084,University of Toledo,1101,"Computer and Information Sciences, General",50422.0,64493.0,23.0,31000.0,19.0
206084,University of Toledo,1104,Information Science/Studies,46794.0,55512.0,53.0,25193.0,29.0
206084,University of Toledo,1405,Biomedical/Medical Engineering,62047.0,63501.0,41.0,19750.0,65.0
206084,University of Toledo,1407,Chemical Engineering,66253.0,72742.0,60.0,25750.0,43.0
206084,University of Toledo,1408,Civil Engineering,60361.0,58522.0,59.0,20500.0,31.0
206084,University of Toledo,1409,Computer Engineering,61044.0,61814.0,83.0,26424.0,115.0
206084,University of Toledo,1410,"Electrical, Electronics, and Communications Engineering",73608.0,75623.0,47.0,21250.0,47.0
206084,University of Toledo,1414,Environmental/Environmental Health Engineering,,,,,15.0
206084,University of Toledo,1419,Mechanical Engineering,68231.0,71854.0,173.0,17900.0,164.0
206437,Walsh University,1107,Computer Science,,,,,14.0
206491,Wilberforce University,1101,"Computer and Information Sciences, General",,,,,0.0
206491,Wilberforce University,1107,Computer Science,,,,,0.0
206491,Wilberforce University,1409,Computer Engineering,,,,,0.0
206491,Wilberforce University,1410,"Electrical, Electronics, and Communications Engineering",,,,,1.0
206491,Wilberforce University,1419,Mechanical Engineering,,,,,0.0
206491,Wilberforce University,1423,Nuclear Engineering,,,,,0.0
206525,Wittenberg University,1107,Computer Science,,,,,5.0
206589,The College of Wooster,1107,Computer Science,,,,,25.0
206604,Wright State University-Main Campus,1101,"Computer and Information Sciences, General",59745.0,60096.0,102.0,26979.0,68.0
206604,Wright State University-Main Campus,1104,Information Science/Studies,,,,,20.0
206604,Wright State University-Main Campus,1110,Computer/Information Technology Administration and Management,,,,,28.0
206604,Wright State University-Main Campus,1401,"Engineering, General",,,,,0.0
206604,Wright State University-Main Campus,1405,Biomedical/Medical Engineering,40591.0,48667.0,32.0,23246.0,23.0
206604,Wright State University-Main Campus,1409,Computer Engineering,64567.0,58092.0,40.0,25000.0,29.0
206604,Wright State University-Main Campus,1410,"Electrical, Electronics, and Communications Engineering",63461.0,62260.0,43.0,23250.0,40.0
206604,Wright State University-Main Campus,1412,Engineering Physics,,,,,0.0
206604,Wright State University-Main Campus,1413,Engineering Science,,,,,21.0
206604,Wright State University-Main Campus,1418,Materials Engineering,,,,,7.0
206604,Wright State University-Main Campus,1419,Mechanical Engineering,63849.0,64307.0,120.0,25000.0,96.0
206613,Wright State University-Lake Campus,1419,Mechanical Engineering,63849.0,64307.0,120.0,25000.0,22.0
206622,Xavier University,1104,Information Science/Studies,,,,27000.0,
206622,Xavier University,1107,Computer Science,68286.0,66077.0,22.0,27000.0,21.0
206622,Xavier University,1407,Chemical Engineering,,,,,1.0
206622,Xavier University,1412,Engineering Physics,,,,,5.0
206695,Youngstown State University,1101,"Computer and Information Sciences, General",35376.0,38769.0,47.0,31000.0,34.0
206695,Youngstown State University,1102,Computer Programming,,41193.0,,,11.0
206695,Youngstown State University,1107,Computer Science,56461.0,49644.0,28.0,21000.0,35.0
206695,Youngstown State University,1401,"Engineering, General",,,,,0.0
206695,Youngstown State University,1407,Chemical Engineering,60173.0,75204.0,35.0,26545.0,38.0
206695,Youngstown State University,1408,Civil Engineering,54914.0,52420.0,29.0,27000.0,29.0
206695,Youngstown State University,1410,"Electrical, Electronics, and Communications Engineering",63147.0,70596.0,35.0,25000.0,27.0
206695,Youngstown State University,1419,Mechanical Engineering,60894.0,66222.0,73.0,24817.0,62.0
206695,Youngstown State University,1435,Industrial Engineering,60563.0,71957.0,18.0,25000.0,16.0
206695,Youngstown State University,1436,Manufacturing Engineering,,,,,3.0
206835,Oklahoma Wesleyan University,1101,"Computer and Information Sciences, General",,,,,
206862,Southern Nazarene University,1101,"Computer and Information Sciences, General",67174.0,,16.0,,2.0
206862,Southern Nazarene University,1109,Computer Systems Networking and Telecommunications,,,,,2.0
206862,Southern Nazarene University,1110,Computer/Information Technology Administration and Management,,,,,3.0
206914,Cameron University,1101,"Computer and Information Sciences, General",,43240.0,,,24.0
206914,Cameron University,1107,Computer Science,,54435.0,,,13.0
206941,University of Central Oklahoma,1101,"Computer and Information Sciences, General",60801.0,54661.0,37.0,20212.0,79.0
206941,University of Central Oklahoma,1405,Biomedical/Medical Engineering,,,,,17.0
206941,University of Central Oklahoma,1409,Computer Engineering,,,,,10.0
206941,University of Central Oklahoma,1410,"Electrical, Electronics, and Communications Engineering",,68499.0,,,28.0
206941,University of Central Oklahoma,1412,Engineering Physics,,,,,3.0
206941,University of Central Oklahoma,1419,Mechanical Engineering,64116.0,55512.0,28.0,31000.0,24.0
207041,East Central University,1101,"Computer and Information Sciences, General",46037.0,57318.0,18.0,20200.0,87.0
207209,Langston University,1101,"Computer and Information Sciences, General",,,,,3.0
207209,Langston University,1107,Computer Science,,,,,
207263,Northeastern State University,1107,Computer Science,42846.0,60298.0,47.0,23374.0,38.0
207263,Northeastern State University,1412,Engineering Physics,,,,,
207263,Northeastern State University,1419,Mechanical Engineering,,,,,
207306,Northwestern Oklahoma State University,1101,"Computer and Information Sciences, General",,,,,11.0
207324,Oklahoma Christian University,1101,"Computer and Information Sciences, General",,,,,2.0
207324,Oklahoma Christian University,1104,Information Science/Studies,,,,,0.0
207324,Oklahoma Christian University,1107,Computer Science,,,,,14.0
207324,Oklahoma Christian University,1401,"Engineering, General",,,,,0.0
207324,Oklahoma Christian University,1409,Computer Engineering,,,,,7.0
207324,Oklahoma Christian University,1410,"Electrical, Electronics, and Communications Engineering",,,,,12.0
207324,Oklahoma Christian University,1412,Engineering Physics,,,,,0.0
207324,Oklahoma Christian University,1419,Mechanical Engineering,58287.0,59124.0,26.0,23000.0,27.0
207351,Oklahoma Panhandle State University,1101,"Computer and Information Sciences, General",,,,,8.0
207388,Oklahoma State University-Main Campus,1101,"Computer and Information Sciences, General",54316.0,57318.0,183.0,23759.0,144.0
207388,Oklahoma State University-Main Campus,1402,"Aerospace, Aeronautical, and Astronautical/Space Engineering",63660.0,,43.0,19843.0,118.0
207388,Oklahoma State University-Main Campus,1403,Agricultural Engineering,59850.0,,22.0,16500.0,19.0
207388,Oklahoma State University-Main Campus,1404,Architectural Engineering,,,,,8.0
207388,Oklahoma State University-Main Campus,1407,Chemical Engineering,72362.0,70176.0,63.0,25875.0,46.0
207388,Oklahoma State University-Main Campus,1408,Civil Engineering,63117.0,,44.0,23250.0,58.0
207388,Oklahoma State University-Main Campus,1409,Computer Engineering,57997.0,,23.0,23000.0,27.0
207388,Oklahoma State University-Main Campus,1410,"Electrical, Electronics, and Communications Engineering",71716.0,68499.0,43.0,21157.0,63.0
207388,Oklahoma State University-Main Campus,1419,Mechanical Engineering,63076.0,63335.0,219.0,21750.0,269.0
207388,Oklahoma State University-Main Campus,1435,Industrial Engineering,60837.0,,31.0,26000.0,43.0
207388,Oklahoma State University-Main Campus,1442,"Mechatronics, Robotics, and Automation Engineering",,,,,0.0
207403,Oklahoma Baptist University,1101,"Computer and Information Sciences, General",,,,,4.0
207403,Oklahoma Baptist University,1104,Information Science/Studies,,,,,2.0
207403,Oklahoma Baptist University,1107,Computer Science,,,,,0.0
207458,Oklahoma City University,1101,"Computer and Information Sciences, General",,,,,6.0
207458,Oklahoma City University,1409,Computer Engineering,,,,,
207500,University of Oklahoma-Norman Campus,1104,Information Science/Studies,,,,,20.0
207500,University of Oklahoma-Norman Campus,1107,Computer Science,63548.0,64990.0,47.0,24251.0,102.0
207500,University of Oklahoma-Norman Campus,1402,"Aerospace, Aeronautical, and Astronautical/Space Engineering",65700.0,68666.0,18.0,26000.0,37.0
207500,University of Oklahoma-Norman Campus,1404,Architectural Engineering,,,,,18.0
207500,University of Oklahoma-Norman Campus,1405,Biomedical/Medical Engineering,,,,,54.0
207500,University of Oklahoma-Norman Campus,1407,Chemical Engineering,64837.0,53179.0,60.0,26000.0,61.0
207500,University of Oklahoma-Norman Campus,1408,Civil Engineering,53365.0,61516.0,29.0,23807.0,46.0
207500,University of Oklahoma-Norman Campus,1409,Computer Engineering,70458.0,,28.0,22767.0,40.0
207500,University of Oklahoma-Norman Campus,1410,"Electrical, Electronics, and Communications Engineering",69700.0,67660.0,45.0,23750.0,72.0
207500,University of Oklahoma-Norman Campus,1412,Engineering Physics,,,,,4.0
207500,University of Oklahoma-Norman Campus,1414,Environmental/Environmental Health Engineering,,,,,20.0
207500,University of Oklahoma-Norman Campus,1419,Mechanical Engineering,65386.0,66355.0,116.0,21821.0,99.0
207500,University of Oklahoma-Norman Campus,1425,Petroleum Engineering,78626.0,91017.0,101.0,24625.0,39.0
207500,University of Oklahoma-Norman Campus,1435,Industrial Engineering,68265.0,70176.0,46.0,26125.0,54.0
207500,University of Oklahoma-Norman Campus,1439,Geological/Geophysical Engineering,,,,,0.0
207564,Oklahoma State University Institute of Technology,1101,"Computer and Information Sciences, General",54394.0,,29.0,18897.0,50.0
207582,Oral Roberts University,1101,"Computer and Information Sciences, General",,,,,17.0
207582,Oral Roberts University,1110,Computer/Information Technology Administration and Management,,,,,2.0
207582,Oral Roberts University,1401,"Engineering, General",60813.0,57318.0,31.0,26917.0,20.0
207582,Oral Roberts University,1405,Biomedical/Medical Engineering,,,,,3.0
207582,Oral Roberts University,1412,Engineering Physics,,,,,
207661,Rogers State University,1108,Computer Software and Media Applications,,,,,
207661,Rogers State University,1407,Chemical Engineering,,,,,
207847,Southeastern Oklahoma State University,1101,"Computer and Information Sciences, General",,,,,8.0
207847,Southeastern Oklahoma State University,1104,Information Science/Studies,,,,,18.0
207865,Southwestern Oklahoma State University,1101,"Computer and Information Sciences, General",45678.0,,18.0,,27.0
207865,Southwestern Oklahoma State University,1412,Engineering Physics,,,,,4.0
207971,University of Tulsa,1101,"Computer and Information Sciences, General",,,,,2.0
207971,University of Tulsa,1107,Computer Science,,66171.0,,21500.0,59.0
207971,University of Tulsa,1108,Computer Software and Media Applications,,,,,8.0
207971,University of Tulsa,1110,Computer/Information Technology Administration and Management,,,,,0.0
207971,University of Tulsa,1407,Chemical Engineering,54580.0,67660.0,22.0,,23.0
207971,University of Tulsa,1409,Computer Engineering,,,,,5.0
207971,University of Tulsa,1410,"Electrical, Electronics, and Communications Engineering",,,,,16.0
207971,University of Tulsa,1412,Engineering Physics,,,,,1.0
207971,University of Tulsa,1419,Mechanical Engineering,65997.0,67812.0,33.0,19500.0,60.0
207971,University of Tulsa,1425,Petroleum Engineering,85730.0,80022.0,20.0,27000.0,25.0
208646,Eastern Oregon University,1101,"Computer and Information Sciences, General",,,,,14.0
208646,Eastern Oregon University,1110,Computer/Information Technology Administration and Management,,,,,2.0
208822,George Fox University,1101,"Computer and Information Sciences, General",,,,,18.0
208822,George Fox University,1104,Information Science/Studies,,,,,6.0
208822,George Fox University,1110,Computer/Information Technology Administration and Management,,,,,9.0
208822,George Fox University,1401,"Engineering, General",64179.0,60230.0,81.0,27000.0,0.0
208822,George Fox University,1405,Biomedical/Medical Engineering,,,,,8.0
208822,George Fox University,1408,Civil Engineering,,,,,19.0
208822,George Fox University,1409,Computer Engineering,,,,,8.0
208822,George Fox University,1410,"Electrical, Electronics, and Communications Engineering",,,,,4.0
208822,George Fox University,1419,Mechanical Engineering,,,,,27.0
209056,Lewis & Clark College,1107,Computer Science,,,,24000.0,4.0
209065,Linfield University,1105,Computer Systems Analysis,,,,,
209065,Linfield University,1107,Computer Science,,,,,5.0
209065,Linfield University,1412,Engineering Physics,,,,,2.0
209409,Bushnell University,1108,Computer Software and Media Applications,,,,,0.0
209506,Oregon Institute of Technology,1101,"Computer and Information Sciences, General",52362.0,57318.0,23.0,24500.0,36.0
209506,Oregon Institute of Technology,1110,Computer/Information Technology Administration and Management,,,,,11.0
209506,Oregon Institute of Technology,1408,Civil Engineering,58292.0,67660.0,23.0,19833.0,29.0
209506,Oregon Institute of Technology,1410,"Electrical, Electronics, and Communications Engineering",71236.0,60433.0,42.0,27000.0,27.0
209506,Oregon Institute of Technology,1419,Mechanical Engineering,65190.0,64493.0,59.0,26258.0,65.0
209506,Oregon Institute of Technology,1448,Energy Systems Engineering,,,,,26.0
209506,Oregon Institute of Technology,1499,"Engineering, Other",58210.0,59986.0,32.0,,
209542,Oregon State University,1107,Computer Science,74600.0,73446.0,604.0,26000.0,843.0
209542,Oregon State University,1403,Agricultural Engineering,49575.0,48041.0,20.0,25000.0,19.0
209542,Oregon State University,1404,Architectural Engineering,,,,,17.0
209542,Oregon State University,1405,Biomedical/Medical Engineering,45073.0,46790.0,27.0,23657.0,59.0
209542,Oregon State University,1407,Chemical Engineering,62085.0,63600.0,96.0,24750.0,76.0
209542,Oregon State University,1408,Civil Engineering,63966.0,63430.0,101.0,25000.0,123.0
209542,Oregon State University,1410,"Electrical, Electronics, and Communications Engineering",70654.0,73035.0,121.0,24167.0,111.0
209542,Oregon State University,1414,Environmental/Environmental Health Engineering,41541.0,50856.0,23.0,,14.0
209542,Oregon State University,1419,Mechanical Engineering,66476.0,62863.0,213.0,24666.0,315.0
209542,Oregon State University,1423,Nuclear Engineering,47169.0,46087.0,21.0,27000.0,24.0
209542,Oregon State University,1433,Construction Engineering,73542.0,71295.0,91.0,27000.0,75.0
209542,Oregon State University,1434,Forest Engineering,50115.0,53608.0,42.0,20750.0,42.0
209542,Oregon State University,1435,Industrial Engineering,65943.0,67420.0,45.0,25437.0,43.0
209542,Oregon State University,1436,Manufacturing Engineering,,69338.0,,21457.0,88.0
209542,Oregon State University,1499,"Engineering, Other",63172.0,64493.0,33.0,31000.0,12.0
209551,University of Oregon,1101,"Computer and Information Sciences, General",49287.0,61681.0,68.0,24764.0,80.0
209551,University of Oregon,1405,Biomedical/Medical Engineering,,,,,0.0
209612,Pacific University,1107,Computer Science,,,,,12.0
209807,Portland State University,1101,"Computer and Information Sciences, General",,,,,10.0
209807,Portland State University,1107,Computer Science,76452.0,80186.0,138.0,31000.0,168.0
209807,Portland State University,1408,Civil Engineering,61483.0,57860.0,83.0,31000.0,71.0
209807,Portland State University,1409,Computer Engineering,81059.0,76460.0,22.0,35166.0,26.0
209807,Portland State University,1410,"Electrical, Electronics, and Communications Engineering",72696.0,71575.0,49.0,29593.0,58.0
209807,Portland State University,1414,Environmental/Environmental Health Engineering,55612.0,,20.0,,9.0
209807,Portland State University,1419,Mechanical Engineering,62670.0,62479.0,107.0,29113.0,113.0
209825,University of Portland,1107,Computer Science,68456.0,85538.0,30.0,22590.0,38.0
209825,University of Portland,1408,Civil Engineering,63261.0,58402.0,29.0,23250.0,24.0
209825,University of Portland,1410,"Electrical, Electronics, and Communications Engineering",68084.0,70296.0,31.0,20875.0,22.0
209825,University of Portland,1419,Mechanical Engineering,61009.0,61144.0,60.0,23681.0,54.0
209922,Reed College,1101,"Computer and Information Sciences, General",,,,,9.0
210146,Southern Oregon University,1101,"Computer and Information Sciences, General",44962.0,48432.0,30.0,33500.0,12.0
210304,Warner Pacific University,1110,Computer/Information Technology Administration and Management,,,,,3.0
210401,Willamette University,1107,Computer Science,,70456.0,,,10.0
210429,Western Oregon University,1101,"Computer and Information Sciences, General",63160.0,52607.0,23.0,26000.0,20.0
210429,Western Oregon University,1104,Information Science/Studies,,42682.0,,,20.0
210571,Albright College,1101,"Computer and Information Sciences, General",,50856.0,,,10.0
210571,Albright College,1104,Information Science/Studies,,63005.0,,36196.0,13.0
210669,Allegheny College,1101,"Computer and Information Sciences, General",,,,,9.0
210669,Allegheny College,1107,Computer Science,,,,26500.0,20.0
210669,Allegheny College,1409,Computer Engineering,,,,,1.0
210739,DeSales University,1101,"Computer and Information Sciences, General",,37208.0,,27000.0,19.0
210775,Alvernia University,1101,"Computer and Information Sciences, General",,,,,1.0
210775,Alvernia University,1410,"Electrical, Electronics, and Communications Engineering",,,,,
210775,Alvernia University,1419,Mechanical Engineering,,,,,
210775,Alvernia University,1435,Industrial Engineering,,,,,
211088,Arcadia University,1101,"Computer and Information Sciences, General",,52941.0,,27000.0,15.0
211273,Bryn Mawr College,1107,Computer Science,,,,,18.0
211291,Bucknell University,1101,"Computer and Information Sciences, General",,81498.0,,,26.0
211291,Bucknell University,1405,Biomedical/Medical Engineering,,66821.0,,,21.0
211291,Bucknell University,1407,Chemical Engineering,71437.0,76460.0,25.0,27000.0,25.0
211291,Bucknell University,1408,Civil Engineering,66231.0,65610.0,23.0,27000.0,23.0
211291,Bucknell University,1409,Computer Engineering,94127.0,87604.0,33.0,,32.0
211291,Bucknell University,1410,"Electrical, Electronics, and Communications Engineering",,,,,12.0
211291,Bucknell University,1414,Environmental/Environmental Health Engineering,,,,,8.0
211291,Bucknell University,1419,Mechanical Engineering,68748.0,69002.0,34.0,19500.0,26.0
211352,Cabrini University,1101,"Computer and Information Sciences, General",,,,,10.0
211431,Carlow University,1101,"Computer and Information Sciences, General",,,,,0.0
211440,Carnegie Mellon University,1101,"Computer and Information Sciences, General",,94408.0,,,100.0
211440,Carnegie Mellon University,1102,Computer Programming,,,,,0.0
211440,Carnegie Mellon University,1107,Computer Science,161723.0,160116.0,97.0,21442.0,255.0
211440,Carnegie Mellon University,1108,Computer Software and Media Applications,,,,,1.0
211440,Carnegie Mellon University,1110,Computer/Information Technology Administration and Management,,,,,0.0
211440,Carnegie Mellon University,1199,"Computer and Information Sciences and Support Services, Other",,,,,0.0
211440,Carnegie Mellon University,1401,"Engineering, General",,,,,19.0
211440,Carnegie Mellon University,1405,Biomedical/Medical Engineering,,60161.0,,,65.0
211440,Carnegie Mellon University,1407,Chemical Engineering,80722.0,75432.0,46.0,23125.0,44.0
211440,Carnegie Mellon University,1408,Civil Engineering,,60094.0,,,34.0
211440,Carnegie Mellon University,1410,"Electrical, Electronics, and Communications Engineering",116935.0,114223.0,62.0,22250.0,166.0
211440,Carnegie Mellon University,1412,Engineering Physics,,,,,0.0
211440,Carnegie Mellon University,1419,Mechanical Engineering,68038.0,75921.0,58.0,22777.0,113.0
211440,Carnegie Mellon University,1437,Operations Research,,,,,0.0
211440,Carnegie Mellon University,1441,Electromechanical Engineering,,,,,
211440,Carnegie Mellon University,1442,"Mechatronics, Robotics, and Automation Engineering",,,,,12.0
211440,Carnegie Mellon University,1499,"Engineering, Other",,,,,2.0
211477,Central Penn College,1107,Computer Science,46625.0,,48.0,42163.0,23.0
211583,Chestnut Hill College,1101,"Computer and Information Sciences, General",,,,,3.0
211583,Chestnut Hill College,1110,Computer/Information Technology Administration and Management,39707.0,,17.0,,4.0
211608,Cheyney University of Pennsylvania,1101,"Computer and Information Sciences, General",,,,,2.0
212009,Dickinson College,1101,"Computer and Information Sciences, General",,,,,
212009,Dickinson College,1107,Computer Science,,,,,20.0
212054,Drexel University,1101,"Computer and Information Sciences, General",,,,,1.0
212054,Drexel University,1104,Information Science/Studies,68852.0,70829.0,58.0,29125.0,33.0
212054,Drexel University,1107,Computer Science,72421.0,75330.0,98.0,29333.0,168.0
212054,Drexel University,1108,Computer Software and Media Applications,33085.0,,16.0,,38.0
212054,Drexel University,1110,Computer/Information Technology Administration and Management,75431.0,,36.0,31000.0,61.0
212054,Drexel University,1401,"Engineering, General",,,,,1.0
212054,Drexel University,1404,Architectural Engineering,62581.0,63530.0,40.0,31000.0,37.0
212054,Drexel University,1405,Biomedical/Medical Engineering,56453.0,50231.0,99.0,30697.0,100.0
212054,Drexel University,1407,Chemical Engineering,67486.0,71661.0,90.0,30860.0,65.0
212054,Drexel University,1408,Civil Engineering,63149.0,62203.0,83.0,31000.0,65.0
212054,Drexel University,1409,Computer Engineering,74746.0,71798.0,139.0,28166.0,80.0
212054,Drexel University,1410,"Electrical, Electronics, and Communications Engineering",73958.0,70270.0,117.0,29986.0,81.0
212054,Drexel University,1414,Environmental/Environmental Health Engineering,,55286.0,,30983.0,21.0
212054,Drexel University,1418,Materials Engineering,59744.0,63600.0,22.0,31000.0,17.0
212054,Drexel University,1419,Mechanical Engineering,67863.0,67101.0,243.0,31000.0,184.0
212054,Drexel University,1441,Electromechanical Engineering,,,,,
212106,Duquesne University,1101,"Computer and Information Sciences, General",54867.0,59350.0,63.0,22557.0,44.0
212106,Duquesne University,1107,Computer Science,,,,26950.0,18.0
212106,Duquesne University,1108,Computer Software and Media Applications,39646.0,43426.0,24.0,27000.0,24.0
212106,Duquesne University,1405,Biomedical/Medical Engineering,,,,27000.0,30.0
212115,East Stroudsburg University of Pennsylvania,1101,"Computer and Information Sciences, General",58310.0,56641.0,42.0,28500.0,21.0
212115,East Stroudsburg University of Pennsylvania,1110,Computer/Information Technology Administration and Management,59455.0,66171.0,29.0,27000.0,16.0
212133,Eastern University,1107,Computer Science,,,,,4.0
212197,Elizabethtown College,1101,"Computer and Information Sciences, General",,,,,6.0
212197,Elizabethtown College,1104,Information Science/Studies,,57318.0,,27000.0,5.0
212197,Elizabethtown College,1401,"Engineering, General",60381.0,62508.0,44.0,27000.0,34.0
212197,Elizabethtown College,1409,Computer Engineering,,,,,4.0
212197,Elizabethtown College,1435,Industrial Engineering,,,,,
212577,Franklin and Marshall College,1107,Computer Science,,,,,12.0
212601,Gannon University,1102,Computer Programming,,,,,4.0
212601,Gannon University,1104,Information Science/Studies,,,,,5.0
212601,Gannon University,1107,Computer Science,,,,,5.0
212601,Gannon University,1110,Computer/Information Technology Administration and Management,,,,,
212601,Gannon University,1405,Biomedical/Medical Engineering,,,,27000.0,7.0
212601,Gannon University,1410,"Electrical, Electronics, and Communications Engineering",,,,,10.0
212601,Gannon University,1414,Environmental/Environmental Health Engineering,,,,,11.0
212601,Gannon University,1419,Mechanical Engineering,60757.0,58673.0,28.0,27000.0,24.0
212601,Gannon University,1435,Industrial Engineering,,,,,3.0
212656,Geneva College,1101,"Computer and Information Sciences, General",,,,26000.0,22.0
212656,Geneva College,1110,Computer/Information Technology Administration and Management,,,,,1.0
212656,Geneva College,1401,"Engineering, General",56882.0,52789.0,68.0,27000.0,45.0
212674,Gettysburg College,1107,Computer Science,,,,27000.0,24.0
212805,Grove City College,1107,Computer Science,,,,,32.0
212805,Grove City College,1410,"Electrical, Electronics, and Communications Engineering",,,,,23.0
212805,Grove City College,1419,Mechanical Engineering,,,,,57.0
212832,Gwynedd Mercy University,1101,"Computer and Information Sciences, General",,,,,7.0
212832,Gwynedd Mercy University,1108,Computer Software and Media Applications,,,,,2.0
212911,Haverford College,1101,"Computer and Information Sciences, General",,,,,32.0
212911,Haverford College,1107,Computer Science,,,,,
212984,Holy Family University,1101,"Computer and Information Sciences, General",,,,,0.0
212984,Holy Family University,1102,Computer Programming,,,,,6.0
212984,Holy Family University,1110,Computer/Information Technology Administration and Management,,,,,0.0
213011,Immaculata University,1104,Information Science/Studies,,,,,0.0
213011,Immaculata University,1108,Computer Software and Media Applications,,,,,1.0
213011,Immaculata University,1110,Computer/Information Technology Administration and Management,,,,,10.0
213020,Indiana University of Pennsylvania,1101,"Computer and Information Sciences, General",56788.0,57657.0,60.0,27000.0,47.0
213020,Indiana University of Pennsylvania,1414,Environmental/Environmental Health Engineering,,,,,5.0
213251,Juniata College,1101,"Computer and Information Sciences, General",,52107.0,,,5.0
213251,Juniata College,1104,Information Science/Studies,,,,,
213251,Juniata College,1107,Computer Science,,,,,8.0
213251,Juniata College,1108,Computer Software and Media Applications,,,,,
213251,Juniata College,1412,Engineering Physics,,,,,3.0
213251,Juniata College,1414,Environmental/Environmental Health Engineering,,,,,0.0
213303,Keystone College,1101,"Computer and Information Sciences, General",36718.0,37424.0,30.0,,7.0
213303,Keystone College,1107,Computer Science,,,,,6.0
213321,King's College,1101,"Computer and Information Sciences, General",,,,,10.0
213321,King's College,1107,Computer Science,,,,,8.0
213321,King's College,1408,Civil Engineering,,,,,3.0
213321,King's College,1419,Mechanical Engineering,,,,,6.0
213349,Kutztown University of Pennsylvania,1101,"Computer and Information Sciences, General",45402.0,52941.0,66.0,27000.0,67.0
213349,Kutztown University of Pennsylvania,1102,Computer Programming,,,,,0.0
213358,La Roche University,1101,"Computer and Information Sciences, General",42718.0,43426.0,22.0,,13.0
213358,La Roche University,1105,Computer Systems Analysis,,,,,3.0
213358,La Roche University,1107,Computer Science,55947.0,,16.0,,7.0
213367,La Salle University,1101,"Computer and Information Sciences, General",48242.0,54713.0,27.0,27000.0,16.0
213367,La Salle University,1107,Computer Science,,,,27000.0,20.0
213367,La Salle University,1110,Computer/Information Technology Administration and Management,,,,,0.0
213385,Lafayette College,1101,"Computer and Information Sciences, General",,,,,20.0
213385,Lafayette College,1401,"Engineering, General",67714.0,72403.0,18.0,,24.0
213385,Lafayette College,1407,Chemical Engineering,64532.0,68379.0,25.0,17000.0,31.0
213385,Lafayette College,1408,Civil Engineering,67033.0,65238.0,24.0,16000.0,33.0
213385,Lafayette College,1410,"Electrical, Electronics, and Communications Engineering",77247.0,71575.0,16.0,,17.0
213385,Lafayette College,1419,Mechanical Engineering,67784.0,65486.0,44.0,19500.0,63.0
213385,Lafayette College,1499,"Engineering, Other",,,,,
213507,Lebanon Valley College,1101,"Computer and Information Sciences, General",,,,,9.0
213507,Lebanon Valley College,1107,Computer Science,,,,,0.0
213543,Lehigh University,1101,"Computer and Information Sciences, General",70490.0,71351.0,29.0,24019.0,37.0
213543,Lehigh University,1104,Information Science/Studies,,,,,0.0
213543,Lehigh University,1107,Computer Science,80252.0,78552.0,71.0,23854.0,138.0
213543,Lehigh University,1199,"Computer and Information Sciences and Support Services, Other",,81812.0,,,0.0
213543,Lehigh University,1405,Biomedical/Medical Engineering,61798.0,67660.0,38.0,26000.0,53.0
213543,Lehigh University,1407,Chemical Engineering,67293.0,74200.0,60.0,27000.0,39.0
213543,Lehigh University,1408,Civil Engineering,67220.0,67660.0,31.0,27000.0,28.0
213543,Lehigh University,1409,Computer Engineering,72247.0,72231.0,28.0,24625.0,24.0
213543,Lehigh University,1410,"Electrical, Electronics, and Communications Engineering",74161.0,72168.0,26.0,22754.0,11.0
213543,Lehigh University,1412,Engineering Physics,,,,,0.0
213543,Lehigh University,1414,Environmental/Environmental Health Engineering,,,,,19.0
213543,Lehigh University,1418,Materials Engineering,,74200.0,,26324.0,9.0
213543,Lehigh University,1419,Mechanical Engineering,68497.0,69710.0,95.0,24950.0,80.0
213543,Lehigh University,1435,Industrial Engineering,72069.0,75623.0,32.0,23834.0,39.0
213543,Lehigh University,1499,"Engineering, Other",,,,,5.0
213598,Lincoln University,1101,"Computer and Information Sciences, General",,44384.0,,28000.0,16.0
213598,Lincoln University,1413,Engineering Science,,,,,0.0
213668,Lycoming College,1101,"Computer and Information Sciences, General",,,,,
213774,Manor College,1101,"Computer and Information Sciences, General",,,,,1.0
213826,Marywood University,1107,Computer Science,,,,,6.0
213826,Marywood University,1110,Computer/Information Technology Administration and Management,,,,,2.0
213987,Mercyhurst University,1101,"Computer and Information Sciences, General",,52107.0,,,0.0
213987,Mercyhurst University,1110,Computer/Information Technology Administration and Management,,,,,21.0
213996,Messiah University,1107,Computer Science,,51273.0,,,13.0
213996,Messiah University,1110,Computer/Information Technology Administration and Management,,,,,7.0
213996,Messiah University,1401,"Engineering, General",57515.0,60623.0,90.0,25798.0,16.0
213996,Messiah University,1405,Biomedical/Medical Engineering,,,,,7.0
213996,Messiah University,1408,Civil Engineering,,,,,7.0
213996,Messiah University,1410,"Electrical, Electronics, and Communications Engineering",,,,,7.0
213996,Messiah University,1419,Mechanical Engineering,,,,,10.0
213996,Messiah University,1442,"Mechatronics, Robotics, and Automation Engineering",,,,,
214041,Millersville University of Pennsylvania,1101,"Computer and Information Sciences, General",53301.0,49484.0,63.0,25950.0,42.0
214041,Millersville University of Pennsylvania,1401,"Engineering, General",,,,,51.0
214069,Misericordia University,1101,"Computer and Information Sciences, General",,,,,8.0
214157,Moravian University,1107,Computer Science,,,,,19.0
214166,Mount Aloysius College,1101,"Computer and Information Sciences, General",,,,,17.0
214175,Muhlenberg College,1101,"Computer and Information Sciences, General",,,,,
214175,Muhlenberg College,1107,Computer Science,,,,,9.0
214272,Neumann University,1101,"Computer and Information Sciences, General",,,,,6.0
214272,Neumann University,1110,Computer/Information Technology Administration and Management,,,,,4.0
214272,Neumann University,1401,"Engineering, General",,,,,0.0
214591,Pennsylvania State University-Penn State Erie-Behrend College,1107,Computer Science,58206.0,57318.0,17.0,28000.0,32.0
214591,Pennsylvania State University-Penn State Erie-Behrend College,1409,Computer Engineering,76448.0,71234.0,121.0,26708.0,41.0
214591,Pennsylvania State University-Penn State Erie-Behrend College,1410,"Electrical, Electronics, and Communications Engineering",67461.0,68477.0,476.0,27000.0,17.0
214591,Pennsylvania State University-Penn State Erie-Behrend College,1419,Mechanical Engineering,65376.0,65913.0,773.0,27000.0,64.0
214591,Pennsylvania State University-Penn State Erie-Behrend College,1432,Polymer/Plastics Engineering,66366.0,75706.0,68.0,27000.0,44.0
214591,Pennsylvania State University-Penn State Erie-Behrend College,1435,Industrial Engineering,69173.0,71286.0,136.0,25000.0,18.0
214625,Pennsylvania State University-Penn State New Kensington,1104,Information Science/Studies,60548.0,63243.0,1036.0,26000.0,16.0
214634,Pennsylvania State University-Penn State Shenango,1101,"Computer and Information Sciences, General",73647.0,78244.0,182.0,26000.0,1.0
214643,Pennsylvania State University-Penn State Wilkes-Barre,1104,Information Science/Studies,60548.0,63243.0,1036.0,26000.0,4.0
214643,Pennsylvania State University-Penn State Wilkes-Barre,1410,"Electrical, Electronics, and Communications Engineering",67461.0,68477.0,476.0,27000.0,2.0
214643,Pennsylvania State University-Penn State Wilkes-Barre,1438,Surveying Engineering,52230.0,59722.0,20.0,,4.0
214652,Pennsylvania State University-Penn State Scranton,1104,Information Science/Studies,60548.0,63243.0,1036.0,26000.0,18.0
214652,Pennsylvania State University-Penn State Scranton,1419,Mechanical Engineering,65376.0,65913.0,773.0,27000.0,
214670,Pennsylvania State University-Penn State Lehigh Valley,1101,"Computer and Information Sciences, General",73647.0,78244.0,182.0,26000.0,
214670,Pennsylvania State University-Penn State Lehigh Valley,1104,Information Science/Studies,60548.0,63243.0,1036.0,26000.0,12.0
214670,Pennsylvania State University-Penn State Lehigh Valley,1408,Civil Engineering,61387.0,62162.0,308.0,26838.0,1.0
214689,Pennsylvania State University-Penn State Altoona,1101,"Computer and Information Sciences, General",73647.0,78244.0,182.0,26000.0,6.0
214689,Pennsylvania State University-Penn State Altoona,1110,Computer/Information Technology Administration and Management,65214.0,68950.0,271.0,26917.0,14.0
214689,Pennsylvania State University-Penn State Altoona,1408,Civil Engineering,61387.0,62162.0,308.0,26838.0,7.0
214698,Pennsylvania State University-Penn State Beaver,1104,Information Science/Studies,60548.0,63243.0,1036.0,26000.0,13.0
214704,Pennsylvania State University-Penn State Berks,1101,"Computer and Information Sciences, General",73647.0,78244.0,182.0,26000.0,2.0
214704,Pennsylvania State University-Penn State Berks,1104,Information Science/Studies,60548.0,63243.0,1036.0,26000.0,27.0
214704,Pennsylvania State University-Penn State Berks,1110,Computer/Information Technology Administration and Management,65214.0,68950.0,271.0,26917.0,16.0
214704,Pennsylvania State University-Penn State Berks,1419,Mechanical Engineering,65376.0,65913.0,773.0,27000.0,38.0
214713,Pennsylvania State University-Penn State Harrisburg,1101,"Computer and Information Sciences, General",73647.0,78244.0,182.0,26000.0,32.0
214713,Pennsylvania State University-Penn State Harrisburg,1104,Information Science/Studies,60548.0,63243.0,1036.0,26000.0,31.0
214713,Pennsylvania State University-Penn State Harrisburg,1110,Computer/Information Technology Administration and Management,65214.0,68950.0,271.0,26917.0,19.0
214713,Pennsylvania State University-Penn State Harrisburg,1408,Civil Engineering,61387.0,62162.0,308.0,26838.0,75.0
214713,Pennsylvania State University-Penn State Harrisburg,1409,Computer Engineering,76448.0,71234.0,121.0,26708.0,
214713,Pennsylvania State University-Penn State Harrisburg,1410,"Electrical, Electronics, and Communications Engineering",67461.0,68477.0,476.0,27000.0,44.0
214713,Pennsylvania State University-Penn State Harrisburg,1419,Mechanical Engineering,65376.0,65913.0,773.0,27000.0,106.0
214731,Pennsylvania State University-Penn State Brandywine,1101,"Computer and Information Sciences, General",73647.0,78244.0,182.0,26000.0,4.0
214731,Pennsylvania State University-Penn State Brandywine,1104,Information Science/Studies,60548.0,63243.0,1036.0,26000.0,19.0
214731,Pennsylvania State University-Penn State Brandywine,1401,"Engineering, General",55455.0,61516.0,26.0,27000.0,7.0
214731,Pennsylvania State University-Penn State Brandywine,1408,Civil Engineering,61387.0,62162.0,308.0,26838.0,1.0
214731,Pennsylvania State University-Penn State Brandywine,1409,Computer Engineering,76448.0,71234.0,121.0,26708.0,
214740,Pennsylvania State University-Penn State DuBois,1104,Information Science/Studies,60548.0,63243.0,1036.0,26000.0,1.0
214740,Pennsylvania State University-Penn State DuBois,1401,"Engineering, General",55455.0,61516.0,26.0,27000.0,9.0
214768,Pennsylvania State University-Penn State Hazleton,1104,Information Science/Studies,60548.0,63243.0,1036.0,26000.0,9.0
214768,Pennsylvania State University-Penn State Hazleton,1401,"Engineering, General",55455.0,61516.0,26.0,27000.0,4.0
214777,Pennsylvania State University-Main Campus,1101,"Computer and Information Sciences, General",73647.0,78244.0,182.0,26000.0,395.0
214777,Pennsylvania State University-Main Campus,1103,Data Processing,,,,,8.0
214777,Pennsylvania State University-Main Campus,1104,Information Science/Studies,60548.0,63243.0,1036.0,26000.0,448.0
214777,Pennsylvania State University-Main Campus,1107,Computer Science,58206.0,57318.0,17.0,28000.0,
214777,Pennsylvania State University-Main Campus,1108,Computer Software and Media Applications,,,,20810.0,124.0
214777,Pennsylvania State University-Main Campus,1110,Computer/Information Technology Administration and Management,65214.0,68950.0,271.0,26917.0,234.0
214777,Pennsylvania State University-Main Campus,1401,"Engineering, General",55455.0,61516.0,26.0,27000.0,
214777,Pennsylvania State University-Main Campus,1402,"Aerospace, Aeronautical, and Astronautical/Space Engineering",68716.0,67660.0,123.0,26969.0,112.0
214777,Pennsylvania State University-Main Campus,1403,Agricultural Engineering,60836.0,59688.0,59.0,27000.0,41.0
214777,Pennsylvania State University-Main Campus,1404,Architectural Engineering,67154.0,68631.0,55.0,31000.0,92.0
214777,Pennsylvania State University-Main Campus,1405,Biomedical/Medical Engineering,55595.0,69817.0,60.0,24164.0,89.0
214777,Pennsylvania State University-Main Campus,1407,Chemical Engineering,70502.0,73145.0,206.0,26831.0,172.0
214777,Pennsylvania State University-Main Campus,1408,Civil Engineering,61387.0,62162.0,308.0,26838.0,149.0
214777,Pennsylvania State University-Main Campus,1409,Computer Engineering,76448.0,71234.0,121.0,26708.0,81.0
214777,Pennsylvania State University-Main Campus,1410,"Electrical, Electronics, and Communications Engineering",67461.0,68477.0,476.0,27000.0,182.0
214777,Pennsylvania State University-Main Campus,1413,Engineering Science,,73215.0,,26500.0,45.0
214777,Pennsylvania State University-Main Campus,1414,Environmental/Environmental Health Engineering,55225.0,60623.0,53.0,27000.0,27.0
214777,Pennsylvania State University-Main Campus,1419,Mechanical Engineering,65376.0,65913.0,773.0,27000.0,311.0
214777,Pennsylvania State University-Main Campus,1421,Mining and Mineral Engineering,71938.0,,17.0,,7.0
214777,Pennsylvania State University-Main Campus,1423,Nuclear Engineering,62046.0,66287.0,83.0,24799.0,22.0
214777,Pennsylvania State University-Main Campus,1425,Petroleum Engineering,80718.0,69535.0,112.0,22368.0,32.0
214777,Pennsylvania State University-Main Campus,1432,Polymer/Plastics Engineering,66366.0,75706.0,68.0,27000.0,
214777,Pennsylvania State University-Main Campus,1435,Industrial Engineering,69173.0,71286.0,136.0,25000.0,154.0
214777,Pennsylvania State University-Main Campus,1438,Surveying Engineering,52230.0,59722.0,20.0,,1.0
214777,Pennsylvania State University-Main Campus,1499,"Engineering, Other",61978.0,66056.0,68.0,26000.0,56.0
214786,Pennsylvania State University-Penn State Greater Allegheny,1101,"Computer and Information Sciences, General",73647.0,78244.0,182.0,26000.0,1.0
214786,Pennsylvania State University-Penn State Greater Allegheny,1104,Information Science/Studies,60548.0,63243.0,1036.0,26000.0,9.0
214786,Pennsylvania State University-Penn State Greater Allegheny,1110,Computer/Information Technology Administration and Management,65214.0,68950.0,271.0,26917.0,1.0
214795,Pennsylvania State University-Penn State Mont Alto,1104,Information Science/Studies,60548.0,63243.0,1036.0,26000.0,11.0
214801,Pennsylvania State University-Penn State Abington,1101,"Computer and Information Sciences, General",73647.0,78244.0,182.0,26000.0,
214801,Pennsylvania State University-Penn State Abington,1104,Information Science/Studies,60548.0,63243.0,1036.0,26000.0,56.0
214801,Pennsylvania State University-Penn State Abington,1107,Computer Science,58206.0,57318.0,17.0,28000.0,6.0
214801,Pennsylvania State University-Penn State Abington,1401,"Engineering, General",55455.0,61516.0,26.0,27000.0,2.0
214810,Pennsylvania State University-Penn State Schuylkill,1101,"Computer and Information Sciences, General",73647.0,78244.0,182.0,26000.0,
214810,Pennsylvania State University-Penn State Schuylkill,1104,Information Science/Studies,60548.0,63243.0,1036.0,26000.0,
214829,Pennsylvania State University-Penn State York,1101,"Computer and Information Sciences, General",73647.0,78244.0,182.0,26000.0,
214829,Pennsylvania State University-Penn State York,1104,Information Science/Studies,60548.0,63243.0,1036.0,26000.0,15.0
214883,Peirce College,1101,"Computer and Information Sciences, General",49569.0,63005.0,25.0,52829.0,15.0
215062,University of Pennsylvania,1101,"Computer and Information Sciences, General",102195.0,138932.0,43.0,15000.0,172.0
215062,University of Pennsylvania,1107,Computer Science,127623.0,125015.0,16.0,13500.0,109.0
215062,University of Pennsylvania,1405,Biomedical/Medical Engineering,72773.0,82440.0,16.0,15593.0,53.0
215062,University of Pennsylvania,1407,Chemical Engineering,66484.0,74576.0,18.0,20500.0,28.0
215062,University of Pennsylvania,1409,Computer Engineering,,,,,20.0
215062,University of Pennsylvania,1410,"Electrical, Electronics, and Communications Engineering",,,,,22.0
215062,University of Pennsylvania,1418,Materials Engineering,,76460.0,,,25.0
215062,University of Pennsylvania,1419,Mechanical Engineering,78166.0,80858.0,26.0,12455.0,43.0
215062,University of Pennsylvania,1427,Systems Engineering,,101964.0,,,36.0
215062,University of Pennsylvania,1499,"Engineering, Other",,,,,15.0
215114,Cairn University-Langhorne,1101,"Computer and Information Sciences, General",,,,,1.0
215114,Cairn University-Langhorne,1107,Computer Science,,,,,2.0
215266,University of Pittsburgh-Bradford,1101,"Computer and Information Sciences, General",40396.0,,29.0,27000.0,16.0
215266,University of Pittsburgh-Bradford,1413,Engineering Science,,,,,0.0
215275,University of Pittsburgh-Greensburg,1101,"Computer and Information Sciences, General",40396.0,,29.0,27000.0,10.0
215284,University of Pittsburgh-Johnstown,1104,Information Science/Studies,47939.0,58479.0,128.0,27000.0,20.0
215284,University of Pittsburgh-Johnstown,1107,Computer Science,67837.0,67202.0,241.0,26977.0,20.0
215284,University of Pittsburgh-Johnstown,1407,Chemical Engineering,69207.0,68422.0,182.0,26548.0,20.0
215284,University of Pittsburgh-Johnstown,1408,Civil Engineering,62469.0,62856.0,100.0,27000.0,52.0
215284,University of Pittsburgh-Johnstown,1409,Computer Engineering,70983.0,65131.0,93.0,26837.0,5.0
215284,University of Pittsburgh-Johnstown,1410,"Electrical, Electronics, and Communications Engineering",70448.0,68918.0,81.0,27000.0,4.0
215284,University of Pittsburgh-Johnstown,1419,Mechanical Engineering,67419.0,66728.0,240.0,27000.0,52.0
215293,University of Pittsburgh-Pittsburgh Campus,1101,"Computer and Information Sciences, General",40396.0,,29.0,27000.0,19.0
215293,University of Pittsburgh-Pittsburgh Campus,1104,Information Science/Studies,47939.0,58479.0,128.0,27000.0,88.0
215293,University of Pittsburgh-Pittsburgh Campus,1107,Computer Science,67837.0,67202.0,241.0,26977.0,203.0
215293,University of Pittsburgh-Pittsburgh Campus,1108,Computer Software and Media Applications,,,,,20.0
215293,University of Pittsburgh-Pittsburgh Campus,1110,Computer/Information Technology Administration and Management,,,,24936.0,145.0
215293,University of Pittsburgh-Pittsburgh Campus,1405,Biomedical/Medical Engineering,55976.0,63600.0,50.0,27000.0,87.0
215293,University of Pittsburgh-Pittsburgh Campus,1407,Chemical Engineering,69207.0,68422.0,182.0,26548.0,94.0
215293,University of Pittsburgh-Pittsburgh Campus,1408,Civil Engineering,62469.0,62856.0,100.0,27000.0,70.0
215293,University of Pittsburgh-Pittsburgh Campus,1409,Computer Engineering,70983.0,65131.0,93.0,26837.0,99.0
215293,University of Pittsburgh-Pittsburgh Campus,1410,"Electrical, Electronics, and Communications Engineering",70448.0,68918.0,81.0,27000.0,55.0
215293,University of Pittsburgh-Pittsburgh Campus,1413,Engineering Science,,,,,2.0
215293,University of Pittsburgh-Pittsburgh Campus,1414,Environmental/Environmental Health Engineering,,,,,15.0
215293,University of Pittsburgh-Pittsburgh Campus,1418,Materials Engineering,,,,,19.0
215293,University of Pittsburgh-Pittsburgh Campus,1419,Mechanical Engineering,67419.0,66728.0,240.0,27000.0,165.0
215293,University of Pittsburgh-Pittsburgh Campus,1435,Industrial Engineering,70813.0,69835.0,81.0,25250.0,68.0
215442,Point Park University,1101,"Computer and Information Sciences, General",,,,,16.0
215442,Point Park University,1408,Civil Engineering,,,,,0.0
215442,Point Park University,1410,"Electrical, Electronics, and Communications Engineering",,,,,7.0
215442,Point Park University,1419,Mechanical Engineering,,,,,11.0
215655,Robert Morris University,1101,"Computer and Information Sciences, General",,,,,
215655,Robert Morris University,1104,Information Science/Studies,44842.0,53358.0,41.0,27000.0,0.0
215655,Robert Morris University,1105,Computer Systems Analysis,,,,,11.0
215655,Robert Morris University,1108,Computer Software and Media Applications,,,,,6.0
215655,Robert Morris University,1401,"Engineering, General",54446.0,48041.0,124.0,26000.0,
215655,Robert Morris University,1427,Systems Engineering,,,,,
215655,Robert Morris University,1436,Manufacturing Engineering,53432.0,,24.0,,6.0
215655,Robert Morris University,1499,"Engineering, Other",,,,,63.0
215743,Saint Francis University,1101,"Computer and Information Sciences, General",,36674.0,,,8.0
215743,Saint Francis University,1110,Computer/Information Technology Administration and Management,,,,,3.0
215743,Saint Francis University,1401,"Engineering, General",,,,,2.0
215743,Saint Francis University,1409,Computer Engineering,,,,,0.0
215743,Saint Francis University,1414,Environmental/Environmental Health Engineering,,,,,5.0
215743,Saint Francis University,1419,Mechanical Engineering,,,,,0.0
215743,Saint Francis University,1425,Petroleum Engineering,,,,,4.0
215770,Saint Joseph's University - Philadelphia,1101,"Computer and Information Sciences, General",,,,,3.0
215770,Saint Joseph's University - Philadelphia,1107,Computer Science,,,,27000.0,16.0
215798,Saint Vincent College,1101,"Computer and Information Sciences, General",53679.0,52107.0,33.0,27000.0,4.0
215798,Saint Vincent College,1107,Computer Science,,,,,6.0
215798,Saint Vincent College,1110,Computer/Information Technology Administration and Management,,,,,3.0
215798,Saint Vincent College,1401,"Engineering, General",,,,27000.0,15.0
215929,University of Scranton,1101,"Computer and Information Sciences, General",,,,,4.0
215929,University of Scranton,1104,Information Science/Studies,,,,,3.0
215929,University of Scranton,1107,Computer Science,,,,25500.0,7.0
215929,University of Scranton,1401,"Engineering, General",,,,,0.0
215929,University of Scranton,1409,Computer Engineering,,,,,3.0
215929,University of Scranton,1410,"Electrical, Electronics, and Communications Engineering",,,,,6.0
215929,University of Scranton,1419,Mechanical Engineering,,,,,0.0
215947,Seton Hill University,1107,Computer Science,,55547.0,,,15.0
215947,Seton Hill University,1110,Computer/Information Technology Administration and Management,,,,,9.0
216010,Shippensburg University of Pennsylvania,1101,"Computer and Information Sciences, General",,,,,13.0
216010,Shippensburg University of Pennsylvania,1408,Civil Engineering,,,,,4.0
216010,Shippensburg University of Pennsylvania,1409,Computer Engineering,66760.0,63005.0,32.0,27000.0,32.0
216010,Shippensburg University of Pennsylvania,1410,"Electrical, Electronics, and Communications Engineering",,,,,2.0
216010,Shippensburg University of Pennsylvania,1419,Mechanical Engineering,,,,,12.0
216038,Slippery Rock University of Pennsylvania,1101,"Computer and Information Sciences, General",44541.0,52107.0,49.0,25000.0,56.0
216038,Slippery Rock University of Pennsylvania,1104,Information Science/Studies,41339.0,45145.0,22.0,25250.0,13.0
216038,Slippery Rock University of Pennsylvania,1110,Computer/Information Technology Administration and Management,,,,,4.0
216038,Slippery Rock University of Pennsylvania,1408,Civil Engineering,,,,,0.0
216038,Slippery Rock University of Pennsylvania,1419,Mechanical Engineering,,,,,0.0
216038,Slippery Rock University of Pennsylvania,1425,Petroleum Engineering,,,,,14.0
216038,Slippery Rock University of Pennsylvania,1435,Industrial Engineering,,,,,5.0
216278,Susquehanna University,1101,"Computer and Information Sciences, General",,,,27000.0,11.0
216287,Swarthmore College,1101,"Computer and Information Sciences, General",97897.0,94408.0,31.0,,54.0
216287,Swarthmore College,1401,"Engineering, General",68963.0,,19.0,,28.0
216339,Temple University,1101,"Computer and Information Sciences, General",65773.0,67557.0,327.0,26000.0,319.0
216339,Temple University,1401,"Engineering, General",,,,,7.0
216339,Temple University,1405,Biomedical/Medical Engineering,41801.0,,36.0,27000.0,60.0
216339,Temple University,1408,Civil Engineering,59557.0,56641.0,85.0,26665.0,57.0
216339,Temple University,1410,"Electrical, Electronics, and Communications Engineering",64953.0,68592.0,77.0,27000.0,58.0
216339,Temple University,1414,Environmental/Environmental Health Engineering,,,,,1.0
216339,Temple University,1419,Mechanical Engineering,61636.0,61119.0,150.0,26843.0,87.0
216339,Temple University,1435,Industrial Engineering,,,,,13.0
216357,Thiel College,1104,Information Science/Studies,,,,,4.0
216357,Thiel College,1107,Computer Science,,,,,2.0
216357,Thiel College,1108,Computer Software and Media Applications,,,,,
216357,Thiel College,1401,"Engineering, General",,,,,2.0
216366,Thomas Jefferson University,1101,"Computer and Information Sciences, General",,,,,
216366,Thomas Jefferson University,1104,Information Science/Studies,,,,,15.0
216366,Thomas Jefferson University,1401,"Engineering, General",,,,,2.0
216366,Thomas Jefferson University,1419,Mechanical Engineering,,53358.0,,,5.0
216366,Thomas Jefferson University,1428,Textile Sciences and Engineering,,,,,1.0
216524,Ursinus College,1107,Computer Science,,67995.0,,,12.0
216524,Ursinus College,1401,"Engineering, General",,,,,0.0
216597,Villanova University,1101,"Computer and Information Sciences, General",75949.0,69338.0,56.0,26225.0,31.0
216597,Villanova University,1107,Computer Science,,,,,46.0
216597,Villanova University,1407,Chemical Engineering,64479.0,68499.0,88.0,27000.0,50.0
216597,Villanova University,1408,Civil Engineering,64237.0,65486.0,48.0,27000.0,62.0
216597,Villanova University,1409,Computer Engineering,73492.0,72214.0,41.0,26000.0,41.0
216597,Villanova University,1410,"Electrical, Electronics, and Communications Engineering",71115.0,74576.0,23.0,27000.0,28.0
216597,Villanova University,1419,Mechanical Engineering,70426.0,71575.0,100.0,25995.0,77.0
216667,Washington & Jefferson College,1101,"Computer and Information Sciences, General",,51273.0,,,14.0
216694,Waynesburg University,1101,"Computer and Information Sciences, General",,,,,8.0
216694,Waynesburg University,1103,Data Processing,,,,,0.0
216694,Waynesburg University,1107,Computer Science,,,,,
216764,West Chester University of Pennsylvania,1101,"Computer and Information Sciences, General",58034.0,70863.0,27.0,,120.0
216764,West Chester University of Pennsylvania,1405,Biomedical/Medical Engineering,,,,,0.0
216807,Westminster College,1101,"Computer and Information Sciences, General",,,,,0.0
216807,Westminster College,1107,Computer Science,,,,,5.0
216807,Westminster College,1410,"Electrical, Electronics, and Communications Engineering",,,,,0.0
216807,Westminster College,1412,Engineering Physics,,,,,2.0
216852,Widener University,1101,"Computer and Information Sciences, General",41237.0,52107.0,20.0,,9.0
216852,Widener University,1104,Information Science/Studies,,,,,0.0
216852,Widener University,1107,Computer Science,,,,27000.0,11.0
216852,Widener University,1401,"Engineering, General",,,,,0.0
216852,Widener University,1405,Biomedical/Medical Engineering,,52107.0,,27000.0,11.0
216852,Widener University,1407,Chemical Engineering,56994.0,67660.0,18.0,27000.0,12.0
216852,Widener University,1408,Civil Engineering,60130.0,59640.0,43.0,27000.0,20.0
216852,Widener University,1410,"Electrical, Electronics, and Communications Engineering",,66029.0,,26500.0,9.0
216852,Widener University,1419,Mechanical Engineering,64959.0,63275.0,61.0,27000.0,30.0
216852,Widener University,1442,"Mechatronics, Robotics, and Automation Engineering",,,,,22.0
216931,Wilkes University,1101,"Computer and Information Sciences, General",,68499.0,,,10.0
216931,Wilkes University,1104,Information Science/Studies,,,,,0.0
216931,Wilkes University,1401,"Engineering, General",60305.0,53984.0,22.0,26000.0,
216931,Wilkes University,1410,"Electrical, Electronics, and Communications Engineering",,,,,23.0
216931,Wilkes University,1414,Environmental/Environmental Health Engineering,54835.0,52941.0,22.0,27000.0,18.0
216931,Wilkes University,1419,Mechanical Engineering,61200.0,53219.0,55.0,27000.0,42.0
217059,York College of Pennsylvania,1107,Computer Science,59394.0,54644.0,25.0,27000.0,9.0
217059,York College of Pennsylvania,1110,Computer/Information Technology Administration and Management,,,,,10.0
217059,York College of Pennsylvania,1408,Civil Engineering,,,,,19.0
217059,York College of Pennsylvania,1409,Computer Engineering,,,,,4.0
217059,York College of Pennsylvania,1410,"Electrical, Electronics, and Communications Engineering",,,,,7.0
217059,York College of Pennsylvania,1419,Mechanical Engineering,67270.0,,43.0,27000.0,44.0
217059,York College of Pennsylvania,1499,"Engineering, Other",,,,,6.0
217156,Brown University,1101,"Computer and Information Sciences, General",,,,,49.0
217156,Brown University,1107,Computer Science,130101.0,153718.0,95.0,11500.0,250.0
217156,Brown University,1401,"Engineering, General",70583.0,75921.0,70.0,14500.0,78.0
217156,Brown University,1405,Biomedical/Medical Engineering,,,,,23.0
217156,Brown University,1412,Engineering Physics,,,,,4.0
217156,Brown University,1499,"Engineering, Other",,,,,1.0
217165,Bryant University,1101,"Computer and Information Sciences, General",66076.0,61516.0,40.0,,
217235,Johnson & Wales University-Providence,1102,Computer Programming,,,,,
217235,Johnson & Wales University-Providence,1104,Information Science/Studies,,,,,
217235,Johnson & Wales University-Providence,1107,Computer Science,,,,,5.0
217235,Johnson & Wales University-Providence,1108,Computer Software and Media Applications,27118.0,33281.0,61.0,27000.0,23.0
217235,Johnson & Wales University-Providence,1109,Computer Systems Networking and Telecommunications,63561.0,50439.0,21.0,,3.0
217235,Johnson & Wales University-Providence,1405,Biomedical/Medical Engineering,,,,,0.0
217235,Johnson & Wales University-Providence,1409,Computer Engineering,58107.0,55512.0,30.0,27000.0,3.0
217235,Johnson & Wales University-Providence,1442,"Mechatronics, Robotics, and Automation Engineering",,,,,6.0
217235,Johnson & Wales University-Providence,1499,"Engineering, Other",,47260.0,,27000.0,6.0
217305,New England Institute of Technology,1102,Computer Programming,59619.0,68219.0,22.0,38133.0,32.0
217305,New England Institute of Technology,1108,Computer Software and Media Applications,,48432.0,,33000.0,0.0
217305,New England Institute of Technology,1110,Computer/Information Technology Administration and Management,44542.0,55036.0,30.0,28616.0,31.0
217402,Providence College,1107,Computer Science,74273.0,68219.0,18.0,,13.0
217402,Providence College,1401,"Engineering, General",,,,,1.0
217402,Providence College,1412,Engineering Physics,,,,,5.0
217402,Providence College,1413,Engineering Science,,,,,2.0
217420,Rhode Island College,1101,"Computer and Information Sciences, General",,65797.0,,,
217420,Rhode Island College,1107,Computer Science,52235.0,,29.0,25000.0,44.0
217484,University of Rhode Island,1101,"Computer and Information Sciences, General",57309.0,67995.0,97.0,21750.0,96.0
217484,University of Rhode Island,1405,Biomedical/Medical Engineering,61791.0,61814.0,56.0,26367.0,30.0
217484,University of Rhode Island,1407,Chemical Engineering,66167.0,61064.0,47.0,27000.0,28.0
217484,University of Rhode Island,1408,Civil Engineering,59773.0,58522.0,61.0,24708.0,34.0
217484,University of Rhode Island,1409,Computer Engineering,68976.0,71473.0,30.0,26613.0,22.0
217484,University of Rhode Island,1410,"Electrical, Electronics, and Communications Engineering",71134.0,72693.0,25.0,25000.0,27.0
217484,University of Rhode Island,1419,Mechanical Engineering,64907.0,63880.0,110.0,25500.0,120.0
217484,University of Rhode Island,1424,Ocean Engineering,60071.0,63600.0,32.0,25147.0,26.0
217484,University of Rhode Island,1435,Industrial Engineering,60566.0,63749.0,22.0,,13.0
217493,Rhode Island School of Design,1108,Computer Software and Media Applications,,,,,55.0
217518,Roger Williams University,1107,Computer Science,,,,,17.0
217518,Roger Williams University,1108,Computer Software and Media Applications,,,,,6.0
217518,Roger Williams University,1110,Computer/Information Technology Administration and Management,,,,,13.0
217518,Roger Williams University,1401,"Engineering, General",,,,,2.0
217518,Roger Williams University,1408,Civil Engineering,62538.0,64493.0,28.0,,11.0
217518,Roger Williams University,1409,Computer Engineering,,,,,1.0
217518,Roger Williams University,1410,"Electrical, Electronics, and Communications Engineering",,,,,8.0
217518,Roger Williams University,1419,Mechanical Engineering,63964.0,63749.0,38.0,27000.0,27.0
217624,Allen University,1101,"Computer and Information Sciences, General",,,,,
217624,Allen University,1107,Computer Science,,,,,
217633,Anderson University,1101,"Computer and Information Sciences, General",,,,,5.0
217633,Anderson University,1102,Computer Programming,,,,,
217633,Anderson University,1110,Computer/Information Technology Administration and Management,,,,,4.0
217633,Anderson University,1401,"Engineering, General",,,,,0.0
217633,Anderson University,1427,Systems Engineering,,,,,
217688,Charleston Southern University,1101,"Computer and Information Sciences, General",,,,,0.0
217688,Charleston Southern University,1104,Information Science/Studies,,,,,0.0
217688,Charleston Southern University,1107,Computer Science,,,,,14.0
217688,Charleston Southern University,1401,"Engineering, General",,,,,0.0
217721,Benedict College,1101,"Computer and Information Sciences, General",,,,,0.0
217721,Benedict College,1104,Information Science/Studies,,,,,0.0
217721,Benedict College,1107,Computer Science,,,,,8.0
217721,Benedict College,1408,Civil Engineering,,,,,0.0
217721,Benedict College,1409,Computer Engineering,,,,,9.0
217721,Benedict College,1410,"Electrical, Electronics, and Communications Engineering",,,,,0.0
217721,Benedict College,1412,Engineering Physics,,,,,0.0
217721,Benedict College,1414,Environmental/Environmental Health Engineering,,,,,2.0
217749,Bob Jones University,1101,"Computer and Information Sciences, General",,,,,9.0
217749,Bob Jones University,1107,Computer Science,,,,,10.0
217749,Bob Jones University,1401,"Engineering, General",51784.0,,16.0,,18.0
217749,Bob Jones University,1409,Computer Engineering,,,,,0.0
217749,Bob Jones University,1410,"Electrical, Electronics, and Communications Engineering",,,,,0.0
217749,Bob Jones University,1413,Engineering Science,,,,,0.0
217749,Bob Jones University,1437,Operations Research,,,,,0.0
217776,Southern Wesleyan University,1101,"Computer and Information Sciences, General",,,,,4.0
217819,College of Charleston,1101,"Computer and Information Sciences, General",56600.0,65238.0,69.0,25000.0,47.0
217819,College of Charleston,1104,Information Science/Studies,42638.0,,27.0,22591.0,19.0
217819,College of Charleston,1108,Computer Software and Media Applications,26496.0,,22.0,22750.0,18.0
217819,College of Charleston,1409,Computer Engineering,,,,,
217819,College of Charleston,1410,"Electrical, Electronics, and Communications Engineering",,,,,0.0
217819,College of Charleston,1427,Systems Engineering,,,,,0.0
217864,Citadel Military College of South Carolina,1101,"Computer and Information Sciences, General",,59124.0,,21375.0,27.0
217864,Citadel Military College of South Carolina,1110,Computer/Information Technology Administration and Management,,,,,5.0
217864,Citadel Military College of South Carolina,1408,Civil Engineering,54512.0,59071.0,82.0,24500.0,44.0
217864,Citadel Military College of South Carolina,1409,Computer Engineering,,,,,0.0
217864,Citadel Military College of South Carolina,1410,"Electrical, Electronics, and Communications Engineering",66390.0,63692.0,42.0,27000.0,30.0
217864,Citadel Military College of South Carolina,1419,Mechanical Engineering,54877.0,,36.0,19500.0,63.0
217864,Citadel Military College of South Carolina,1433,Construction Engineering,,,,,13.0
217873,Claflin University,1107,Computer Science,,,,,12.0
217873,Claflin University,1409,Computer Engineering,,,,,12.0
217882,Clemson University,1101,"Computer and Information Sciences, General",63762.0,69079.0,124.0,22498.0,177.0
217882,Clemson University,1104,Information Science/Studies,66717.0,,17.0,25964.0,28.0
217882,Clemson University,1403,Agricultural Engineering,54666.0,48823.0,24.0,,15.0
217882,Clemson University,1405,Biomedical/Medical Engineering,54462.0,61516.0,52.0,22500.0,115.0
217882,Clemson University,1406,Ceramic Sciences and Engineering,,,,,0.0
217882,Clemson University,1407,Chemical Engineering,70368.0,74721.0,70.0,21450.0,61.0
217882,Clemson University,1408,Civil Engineering,58507.0,58919.0,104.0,25750.0,124.0
217882,Clemson University,1409,Computer Engineering,66632.0,67995.0,39.0,26955.0,48.0
217882,Clemson University,1410,"Electrical, Electronics, and Communications Engineering",66228.0,67101.0,76.0,26000.0,72.0
217882,Clemson University,1414,Environmental/Environmental Health Engineering,54819.0,52941.0,32.0,20500.0,26.0
217882,Clemson University,1418,Materials Engineering,63207.0,62012.0,44.0,25243.0,24.0
217882,Clemson University,1419,Mechanical Engineering,66398.0,66673.0,200.0,24125.0,242.0
217882,Clemson University,1435,Industrial Engineering,65182.0,68592.0,99.0,26750.0,201.0
217907,Coker University,1107,Computer Science,,,,,2.0
217934,Columbia College,1101,"Computer and Information Sciences, General",,,,,5.0
217934,Columbia College,1199,"Computer and Information Sciences and Support Services, Other",,46087.0,,,
217961,Converse University,1107,Computer Science,,,,,0.0
218061,Francis Marion University,1101,"Computer and Information Sciences, General",,,,,8.0
218061,Francis Marion University,1419,Mechanical Engineering,,,,,5.0
218061,Francis Marion University,1435,Industrial Engineering,,,,,3.0
218070,Furman University,1101,"Computer and Information Sciences, General",,,,,
218070,Furman University,1104,Information Science/Studies,,,,,15.0
218070,Furman University,1107,Computer Science,,,,,17.0
218070,Furman University,1499,"Engineering, Other",,,,,0.0
218113,Greenville Technical College,1442,"Mechatronics, Robotics, and Automation Engineering",,,,,5.0
218229,Lander University,1101,"Computer and Information Sciences, General",,37568.0,,,15.0
218229,Lander University,1110,Computer/Information Technology Administration and Management,,,,,0.0
218238,Limestone University,1101,"Computer and Information Sciences, General",,,,,2.0
218238,Limestone University,1102,Computer Programming,,,,,17.0
218238,Limestone University,1110,Computer/Information Technology Administration and Management,55004.0,52607.0,17.0,35500.0,24.0
218399,Morris College,1110,Computer/Information Technology Administration and Management,,,,,0.0
218414,Newberry College,1101,"Computer and Information Sciences, General",,,,,0.0
218441,North Greenville University,1101,"Computer and Information Sciences, General",,,,,0.0
218441,North Greenville University,1110,Computer/Information Technology Administration and Management,,,,,0.0
218539,Presbyterian College,1107,Computer Science,,,,,1.0
218645,University of South Carolina Aiken,1101,"Computer and Information Sciences, General",,,,,12.0
218645,University of South Carolina Aiken,1419,Mechanical Engineering,,,,,0.0
218645,University of South Carolina Aiken,1435,Industrial Engineering,,,,22828.0,19.0
218654,University of South Carolina Beaufort,1101,"Computer and Information Sciences, General",,,,,2.0
218663,University of South Carolina-Columbia,1101,"Computer and Information Sciences, General",57440.0,62620.0,210.0,25250.0,214.0
218663,University of South Carolina-Columbia,1104,Information Science/Studies,,,,,15.0
218663,University of South Carolina-Columbia,1402,"Aerospace, Aeronautical, and Astronautical/Space Engineering",,,,,6.0
218663,University of South Carolina-Columbia,1405,Biomedical/Medical Engineering,54181.0,46321.0,33.0,26000.0,47.0
218663,University of South Carolina-Columbia,1407,Chemical Engineering,65370.0,70680.0,69.0,27000.0,56.0
218663,University of South Carolina-Columbia,1408,Civil Engineering,60050.0,60325.0,76.0,27000.0,72.0
218663,University of South Carolina-Columbia,1409,Computer Engineering,65383.0,63749.0,36.0,27000.0,40.0
218663,University of South Carolina-Columbia,1410,"Electrical, Electronics, and Communications Engineering",71229.0,71854.0,49.0,27000.0,38.0
218663,University of South Carolina-Columbia,1419,Mechanical Engineering,64632.0,66670.0,207.0,25000.0,183.0
218724,Coastal Carolina University,1101,"Computer and Information Sciences, General",44161.0,36141.0,64.0,28500.0,42.0
218724,Coastal Carolina University,1104,Information Science/Studies,42727.0,60771.0,35.0,20336.0,11.0
218724,Coastal Carolina University,1107,Computer Science,,,,,
218724,Coastal Carolina University,1413,Engineering Science,,,,,24.0
218733,South Carolina State University,1101,"Computer and Information Sciences, General",,32925.0,,31000.0,8.0
218733,South Carolina State University,1110,Computer/Information Technology Administration and Management,,,,,0.0
218733,South Carolina State University,1408,Civil Engineering,,,,,1.0
218733,South Carolina State University,1423,Nuclear Engineering,,,,,11.0
218733,South Carolina State University,1435,Industrial Engineering,,,,,2.0
218733,South Carolina State University,1442,"Mechatronics, Robotics, and Automation Engineering",,,,,0.0
218742,University of South Carolina-Upstate,1101,"Computer and Information Sciences, General",42033.0,45500.0,92.0,31000.0,44.0
218742,University of South Carolina-Upstate,1104,Information Science/Studies,43885.0,,23.0,,18.0
218742,University of South Carolina-Upstate,1110,Computer/Information Technology Administration and Management,,,,,
218742,University of South Carolina-Upstate,1442,"Mechatronics, Robotics, and Automation Engineering",,,,,4.0
218919,Voorhees University,1101,"Computer and Information Sciences, General",,,,,5.0
218964,Winthrop University,1101,"Computer and Information Sciences, General",,,,,11.0
218964,Winthrop University,1102,Computer Programming,,,,,1.0
218964,Winthrop University,1107,Computer Science,,,,,0.0
218964,Winthrop University,1110,Computer/Information Technology Administration and Management,,,,,0.0
218973,Wofford College,1107,Computer Science,,42682.0,,,19.0
219000,Augustana University,1101,"Computer and Information Sciences, General",,,,,3.0
219000,Augustana University,1107,Computer Science,,,,,11.0
219000,Augustana University,1401,"Engineering, General",,,,,4.0
219000,Augustana University,1412,Engineering Physics,,,,,0.0
219082,Dakota State University,1101,"Computer and Information Sciences, General",50973.0,55964.0,70.0,23000.0,55.0
219082,Dakota State University,1104,Information Science/Studies,42967.0,55964.0,17.0,29318.0,14.0
219082,Dakota State University,1108,Computer Software and Media Applications,25986.0,28598.0,28.0,27000.0,34.0
219082,Dakota State University,1110,Computer/Information Technology Administration and Management,49983.0,51035.0,55.0,25000.0,117.0
219091,Dakota Wesleyan University,1108,Computer Software and Media Applications,,,,,0.0
219204,National American University-Rapid City,1101,"Computer and Information Sciences, General",53242.0,40551.0,35.0,53229.0,10.0
219204,National American University-Rapid City,1108,Computer Software and Media Applications,,,,,0.0
219204,National American University-Rapid City,1109,Computer Systems Networking and Telecommunications,,,,,0.0
219204,National American University-Rapid City,1110,Computer/Information Technology Administration and Management,39835.0,,16.0,,3.0
219259,Northern State University,1110,Computer/Information Technology Administration and Management,,,,,6.0
219277,Oglala Lakota College,1101,"Computer and Information Sciences, General",,,,,5.0
219347,South Dakota School of Mines and Technology,1101,"Computer and Information Sciences, General",,61020.0,,27000.0,28.0
219347,South Dakota School of Mines and Technology,1401,"Engineering, General",,,,,
219347,South Dakota School of Mines and Technology,1405,Biomedical/Medical Engineering,,,,,8.0
219347,South Dakota School of Mines and Technology,1407,Chemical Engineering,57674.0,69338.0,32.0,28000.0,26.0
219347,South Dakota School of Mines and Technology,1408,Civil Engineering,62408.0,60523.0,41.0,27388.0,48.0
219347,South Dakota School of Mines and Technology,1409,Computer Engineering,,,,,17.0
219347,South Dakota School of Mines and Technology,1410,"Electrical, Electronics, and Communications Engineering",64157.0,,29.0,22541.0,33.0
219347,South Dakota School of Mines and Technology,1419,Mechanical Engineering,63634.0,67789.0,100.0,27000.0,95.0
219347,South Dakota School of Mines and Technology,1420,Metallurgical Engineering,,,,27500.0,10.0
219347,South Dakota School of Mines and Technology,1421,Mining and Mineral Engineering,,74953.0,,27914.0,17.0
219347,South Dakota School of Mines and Technology,1435,Industrial Engineering,64319.0,63005.0,27.0,26000.0,27.0
219347,South Dakota School of Mines and Technology,1439,Geological/Geophysical Engineering,55327.0,50856.0,23.0,,6.0
219356,South Dakota State University,1101,"Computer and Information Sciences, General",53967.0,74845.0,28.0,22748.0,27.0
219356,South Dakota State University,1403,Agricultural Engineering,61007.0,,17.0,,11.0
219356,South Dakota State University,1408,Civil Engineering,58268.0,59124.0,40.0,27000.0,40.0
219356,South Dakota State University,1410,"Electrical, Electronics, and Communications Engineering",72698.0,74576.0,32.0,,19.0
219356,South Dakota State University,1419,Mechanical Engineering,60229.0,61322.0,62.0,27000.0,95.0
219374,Sinte Gleska University,1107,Computer Science,,,,,0.0
219383,University of Sioux Falls,1101,"Computer and Information Sciences, General",,,,,2.0
219383,University of Sioux Falls,1107,Computer Science,,,,,3.0
219471,University of South Dakota,1101,"Computer and Information Sciences, General",,62012.0,,,12.0
219471,University of South Dakota,1405,Biomedical/Medical Engineering,,,,,1.0
219602,Austin Peay State University,1101,"Computer and Information Sciences, General",48961.0,50677.0,84.0,30736.0,26.0
219602,Austin Peay State University,1105,Computer Systems Analysis,,,,24279.0,36.0
219602,Austin Peay State University,1107,Computer Science,,,,,18.0
219602,Austin Peay State University,1412,Engineering Physics,,,,,8.0
219709,Belmont University,1101,"Computer and Information Sciences, General",,,,,16.0
219709,Belmont University,1108,Computer Software and Media Applications,,,,,2.0
219709,Belmont University,1412,Engineering Physics,,,,,1.0
219790,Bryan College-Dayton,1401,"Engineering, General",,,,,8.0
219806,Carson-Newman University,1107,Computer Science,,,,,4.0
219806,Carson-Newman University,1412,Engineering Physics,,,,,0.0
219806,Carson-Newman University,1499,"Engineering, Other",,,,,0.0
219833,Christian Brothers University,1107,Computer Science,,,,,20.0
219833,Christian Brothers University,1110,Computer/Information Technology Administration and Management,,,,,0.0
219833,Christian Brothers University,1401,"Engineering, General",,,,,6.0
219833,Christian Brothers University,1407,Chemical Engineering,,,,,5.0
219833,Christian Brothers University,1408,Civil Engineering,,,,,8.0
219833,Christian Brothers University,1409,Computer Engineering,,,,,4.0
219833,Christian Brothers University,1410,"Electrical, Electronics, and Communications Engineering",,,,,11.0
219833,Christian Brothers University,1412,Engineering Physics,,,,,1.0
219833,Christian Brothers University,1419,Mechanical Engineering,65131.0,64493.0,25.0,27000.0,18.0
219833,Christian Brothers University,1443,Biochemical Engineering,,,,,1.0
219949,Cumberland University,1101,"Computer and Information Sciences, General",,,,,2.0
219976,Lipscomb University,1101,"Computer and Information Sciences, General",,,,,6.0
219976,Lipscomb University,1107,Computer Science,,,,,3.0
219976,Lipscomb University,1108,Computer Software and Media Applications,,,,,6.0
219976,Lipscomb University,1110,Computer/Information Technology Administration and Management,,,,,0.0
219976,Lipscomb University,1408,Civil Engineering,,,,,12.0
219976,Lipscomb University,1409,Computer Engineering,,,,,11.0
219976,Lipscomb University,1410,"Electrical, Electronics, and Communications Engineering",,,,,10.0
219976,Lipscomb University,1419,Mechanical Engineering,62351.0,,21.0,27000.0,23.0
220075,East Tennessee State University,1101,"Computer and Information Sciences, General",50234.0,56867.0,78.0,24669.0,91.0
220075,East Tennessee State University,1401,"Engineering, General",,,,,3.0
220181,Fisk University,1101,"Computer and Information Sciences, General",,,,,6.0
220215,Freed-Hardeman University,1101,"Computer and Information Sciences, General",,,,,1.0
220215,Freed-Hardeman University,1107,Computer Science,,,,,
220215,Freed-Hardeman University,1110,Computer/Information Technology Administration and Management,,,,,5.0
220215,Freed-Hardeman University,1401,"Engineering, General",,,,,1.0
220516,King University,1101,"Computer and Information Sciences, General",43667.0,33993.0,75.0,19850.0,13.0
220516,King University,1401,"Engineering, General",,,,,0.0
220552,South College,1101,"Computer and Information Sciences, General",,,,,1.0
220552,South College,1107,Computer Science,,,,,0.0
220552,South College,1110,Computer/Information Technology Administration and Management,,,,,3.0
220598,Lane College,1107,Computer Science,,,,,2.0
220604,Le Moyne-Owen College,1101,"Computer and Information Sciences, General",,,,,3.0
220604,Le Moyne-Owen College,1107,Computer Science,,,,,4.0
220604,Le Moyne-Owen College,1110,Computer/Information Technology Administration and Management,,,,,0.0
220613,Lee University,1101,"Computer and Information Sciences, General",,,,,6.0
220613,Lee University,1107,Computer Science,,,,,1.0
220613,Lee University,1401,"Engineering, General",,,,,6.0
220631,Lincoln Memorial University,1107,Computer Science,,,,,3.0
220631,Lincoln Memorial University,1408,Civil Engineering,,,,,0.0
220631,Lincoln Memorial University,1419,Mechanical Engineering,,,,,
220701,The University of Tennessee Southern,1101,"Computer and Information Sciences, General",,,,,
220701,The University of Tennessee Southern,1110,Computer/Information Technology Administration and Management,,,,,0.0
220710,Maryville College,1101,"Computer and Information Sciences, General",,,,,3.0
220710,Maryville College,1401,"Engineering, General",,,,,0.0
220862,University of Memphis,1107,Computer Science,52281.0,48823.0,41.0,24672.0,71.0
220862,University of Memphis,1405,Biomedical/Medical Engineering,52463.0,46087.0,22.0,26500.0,49.0
220862,University of Memphis,1408,Civil Engineering,56998.0,55964.0,25.0,29750.0,24.0
220862,University of Memphis,1409,Computer Engineering,61294.0,55964.0,20.0,25000.0,23.0
220862,University of Memphis,1410,"Electrical, Electronics, and Communications Engineering",64138.0,63749.0,30.0,23000.0,21.0
220862,University of Memphis,1419,Mechanical Engineering,58497.0,60623.0,53.0,27500.0,48.0
220978,Middle Tennessee State University,1107,Computer Science,57662.0,54192.0,87.0,21500.0,83.0
220978,Middle Tennessee State University,1442,"Mechatronics, Robotics, and Automation Engineering",66935.0,,28.0,20000.0,44.0
221351,Rhodes College,1107,Computer Science,35837.0,61516.0,16.0,25982.0,28.0
221519,The University of the South,1107,Computer Science,,,,,6.0
221661,Southern Adventist University,1102,Computer Programming,,,,,0.0
221661,Southern Adventist University,1107,Computer Science,,,,,13.0
221661,Southern Adventist University,1108,Computer Software and Media Applications,,,,,0.0
221661,Southern Adventist University,1110,Computer/Information Technology Administration and Management,,,,,0.0
221661,Southern Adventist University,1199,"Computer and Information Sciences and Support Services, Other",,,,,3.0
221661,Southern Adventist University,1401,"Engineering, General",,,,,0.0
221661,Southern Adventist University,1409,Computer Engineering,,,,,
221661,Southern Adventist University,1410,"Electrical, Electronics, and Communications Engineering",,,,,
221661,Southern Adventist University,1411,Engineering Mechanics,,,,,
221731,Tennessee Wesleyan University,1101,"Computer and Information Sciences, General",,,,,0.0
221731,Tennessee Wesleyan University,1413,Engineering Science,,,,,
221740,The University of Tennessee-Chattanooga,1107,Computer Science,46241.0,57318.0,52.0,25125.0,50.0
221740,The University of Tennessee-Chattanooga,1401,"Engineering, General",54615.0,69338.0,27.0,,1.0
221740,The University of Tennessee-Chattanooga,1407,Chemical Engineering,65427.0,67324.0,34.0,,16.0
221740,The University of Tennessee-Chattanooga,1408,Civil Engineering,57404.0,62012.0,17.0,20747.0,24.0
221740,The University of Tennessee-Chattanooga,1409,Computer Engineering,,,,,3.0
221740,The University of Tennessee-Chattanooga,1410,"Electrical, Electronics, and Communications Engineering",67245.0,72883.0,40.0,28375.0,40.0
221740,The University of Tennessee-Chattanooga,1419,Mechanical Engineering,63841.0,63005.0,65.0,24904.0,54.0
221759,The University of Tennessee-Knoxville,1104,Information Science/Studies,,,,,11.0
221759,The University of Tennessee-Knoxville,1107,Computer Science,67418.0,65387.0,74.0,16750.0,79.0
221759,The University of Tennessee-Knoxville,1402,"Aerospace, Aeronautical, and Astronautical/Space Engineering",54186.0,56641.0,23.0,25243.0,54.0
221759,The University of Tennessee-Knoxville,1403,Agricultural Engineering,,,,,9.0
221759,The University of Tennessee-Knoxville,1405,Biomedical/Medical Engineering,46182.0,53358.0,28.0,22200.0,62.0
221759,The University of Tennessee-Knoxville,1407,Chemical Engineering,52711.0,66653.0,90.0,22375.0,64.0
221759,The University of Tennessee-Knoxville,1408,Civil Engineering,57677.0,56901.0,57.0,21450.0,67.0
221759,The University of Tennessee-Knoxville,1409,Computer Engineering,68618.0,58390.0,18.0,26000.0,19.0
221759,The University of Tennessee-Knoxville,1410,"Electrical, Electronics, and Communications Engineering",68868.0,69338.0,57.0,21630.0,44.0
221759,The University of Tennessee-Knoxville,1418,Materials Engineering,,58221.0,,19500.0,20.0
221759,The University of Tennessee-Knoxville,1419,Mechanical Engineering,67222.0,66377.0,168.0,23250.0,186.0
221759,The University of Tennessee-Knoxville,1423,Nuclear Engineering,51780.0,75204.0,27.0,23000.0,42.0
221759,The University of Tennessee-Knoxville,1435,Industrial Engineering,72052.0,69338.0,37.0,24125.0,43.0
221768,The University of Tennessee-Martin,1107,Computer Science,51090.0,47260.0,22.0,,7.0
221768,The University of Tennessee-Martin,1110,Computer/Information Technology Administration and Management,,,,,
221768,The University of Tennessee-Martin,1401,"Engineering, General",53659.0,56415.0,45.0,29750.0,19.0
221768,The University of Tennessee-Martin,1419,Mechanical Engineering,,,,,10.0
221838,Tennessee State University,1107,Computer Science,40421.0,42728.0,44.0,27724.0,27.0
221838,Tennessee State University,1404,Architectural Engineering,,,,,13.0
221838,Tennessee State University,1408,Civil Engineering,,58221.0,,,11.0
221838,Tennessee State University,1410,"Electrical, Electronics, and Communications Engineering",,61020.0,,,17.0
221838,Tennessee State University,1419,Mechanical Engineering,59601.0,64990.0,18.0,,16.0
221847,Tennessee Technological University,1107,Computer Science,63852.0,59688.0,60.0,18605.0,115.0
221847,Tennessee Technological University,1401,"Engineering, General",,,,,3.0
221847,Tennessee Technological University,1407,Chemical Engineering,60903.0,59576.0,63.0,13500.0,42.0
221847,Tennessee Technological University,1408,Civil Engineering,57823.0,53202.0,53.0,20870.0,60.0
221847,Tennessee Technological University,1409,Computer Engineering,67328.0,63005.0,18.0,,19.0
221847,Tennessee Technological University,1410,"Electrical, Electronics, and Communications Engineering",66896.0,70296.0,75.0,20034.0,66.0
221847,Tennessee Technological University,1419,Mechanical Engineering,62943.0,66355.0,154.0,20500.0,131.0
221892,Trevecca Nazarene University,1101,"Computer and Information Sciences, General",,55964.0,,24920.0,19.0
221892,Trevecca Nazarene University,1107,Computer Science,,,,,
221892,Trevecca Nazarene University,1108,Computer Software and Media Applications,,,,,6.0
221892,Trevecca Nazarene University,1110,Computer/Information Technology Administration and Management,,,,,0.0
221892,Trevecca Nazarene University,1409,Computer Engineering,,,,,0.0
221892,Trevecca Nazarene University,1410,"Electrical, Electronics, and Communications Engineering",,,,,1.0
221892,Trevecca Nazarene University,1412,Engineering Physics,,,,,1.0
221953,Tusculum University,1101,"Computer and Information Sciences, General",,,,,0.0
221953,Tusculum University,1107,Computer Science,,,,,1.0
221971,Union University,1101,"Computer and Information Sciences, General",,,,,1.0
221971,Union University,1107,Computer Science,,,,,2.0
221971,Union University,1108,Computer Software and Media Applications,,,,,2.0
221971,Union University,1110,Computer/Information Technology Administration and Management,,,,,0.0
221971,Union University,1410,"Electrical, Electronics, and Communications Engineering",,,,,4.0
221971,Union University,1419,Mechanical Engineering,,,,,3.0
221999,Vanderbilt University,1107,Computer Science,101714.0,102409.0,48.0,14500.0,205.0
221999,Vanderbilt University,1405,Biomedical/Medical Engineering,58939.0,70680.0,33.0,19500.0,50.0
221999,Vanderbilt University,1407,Chemical Engineering,73971.0,73446.0,24.0,,26.0
221999,Vanderbilt University,1408,Civil Engineering,,64913.0,,,13.0
221999,Vanderbilt University,1409,Computer Engineering,,,,,13.0
221999,Vanderbilt University,1410,"Electrical, Electronics, and Communications Engineering",,,,,13.0
221999,Vanderbilt University,1413,Engineering Science,,66169.0,,15000.0,37.0
221999,Vanderbilt University,1419,Mechanical Engineering,69605.0,69817.0,36.0,14000.0,52.0
221999,Vanderbilt University,1447,Electrical and Computer Engineering,,,,,
222178,Abilene Christian University,1101,"Computer and Information Sciences, General",,,,,0.0
222178,Abilene Christian University,1107,Computer Science,,,,,15.0
222178,Abilene Christian University,1108,Computer Software and Media Applications,,,,,7.0
222178,Abilene Christian University,1401,"Engineering, General",,,,,17.0
222831,Angelo State University,1101,"Computer and Information Sciences, General",38000.0,50439.0,24.0,20500.0,33.0
222831,Angelo State University,1104,Information Science/Studies,,,,,12.0
222831,Angelo State University,1110,Computer/Information Technology Administration and Management,,,,,
222831,Angelo State University,1408,Civil Engineering,,,,20241.0,19.0
222831,Angelo State University,1419,Mechanical Engineering,,,,,8.0
222938,The Art Institute of Houston,1108,Computer Software and Media Applications,27193.0,37208.0,72.0,40667.0,3.0
222983,Austin College,1107,Computer Science,,,,,9.0
222992,Austin Community College District,1102,Computer Programming,,,,,4.0
223232,Baylor University,1107,Computer Science,79793.0,71015.0,42.0,27000.0,18.0
223232,Baylor University,1401,"Engineering, General",,,,,13.0
223232,Baylor University,1410,"Electrical, Electronics, and Communications Engineering",67702.0,75047.0,32.0,21500.0,
223232,Baylor University,1419,Mechanical Engineering,63921.0,66897.0,102.0,27000.0,65.0
223232,Baylor University,1447,Electrical and Computer Engineering,,,,,30.0
224004,Concordia University Texas,1107,Computer Science,,54713.0,,,9.0
224147,Texas A & M University-Corpus Christi,1101,"Computer and Information Sciences, General",67969.0,54748.0,41.0,26425.0,52.0
224147,Texas A & M University-Corpus Christi,1408,Civil Engineering,,,,,0.0
224147,Texas A & M University-Corpus Christi,1410,"Electrical, Electronics, and Communications Engineering",,,,,15.0
224147,Texas A & M University-Corpus Christi,1419,Mechanical Engineering,60083.0,52107.0,81.0,28500.0,52.0
224147,Texas A & M University-Corpus Christi,1435,Industrial Engineering,,,,,0.0
224226,Dallas Baptist University,1101,"Computer and Information Sciences, General",,,,,6.0
224226,Dallas Baptist University,1107,Computer Science,,,,,7.0
224226,Dallas Baptist University,1110,Computer/Information Technology Administration and Management,,,,,0.0
224323,University of Dallas,1107,Computer Science,,,,,12.0
224545,Texas A&M University-Texarkana,1101,"Computer and Information Sciences, General",,,,,12.0
224545,Texas A&M University-Texarkana,1410,"Electrical, Electronics, and Communications Engineering",,,,,17.0
224545,Texas A&M University-Texarkana,1419,Mechanical Engineering,,,,,2.0
224554,East Texas A&M University,1101,"Computer and Information Sciences, General",55473.0,57318.0,29.0,22062.0,97.0
224554,East Texas A&M University,1104,Information Science/Studies,34618.0,49683.0,24.0,,68.0
224554,East Texas A&M University,1110,Computer/Information Technology Administration and Management,,,,,
224554,East Texas A&M University,1410,"Electrical, Electronics, and Communications Engineering",,,,,21.0
224554,East Texas A&M University,1433,Construction Engineering,,,,,11.0
224554,East Texas A&M University,1435,Industrial Engineering,,,,,12.0
224776,Miami International University of Art & Design-Art Institute Dallas,1108,Computer Software and Media Applications,35712.0,39009.0,115.0,38081.0,8.0
225201,Hallmark University,1109,Computer Systems Networking and Telecommunications,,,,,
225201,Hallmark University,1110,Computer/Information Technology Administration and Management,46023.0,45500.0,39.0,37432.0,68.0
225247,Hardin-Simmons University,1102,Computer Programming,,,,,7.0
225399,Houston Christian University,1101,"Computer and Information Sciences, General",,,,,0.0
225399,Houston Christian University,1107,Computer Science,,,,,4.0
225399,Houston Christian University,1401,"Engineering, General",,,,,3.0
225399,Houston Christian University,1410,"Electrical, Electronics, and Communications Engineering",,,,,4.0
225414,University of Houston-Clear Lake,1101,"Computer and Information Sciences, General",48289.0,45696.0,21.0,28143.0,24.0
225414,University of Houston-Clear Lake,1107,Computer Science,56087.0,,33.0,22288.0,46.0
225414,University of Houston-Clear Lake,1409,Computer Engineering,,61814.0,,22238.0,30.0
225414,University of Houston-Clear Lake,1419,Mechanical Engineering,,,,,33.0
225432,University of Houston-Downtown,1101,"Computer and Information Sciences, General",52158.0,57318.0,88.0,19000.0,118.0
225502,Texas A&M University-Victoria,1101,"Computer and Information Sciences, General",,63005.0,,20671.0,37.0
225502,Texas A&M University-Victoria,1104,Information Science/Studies,,66915.0,,,11.0
225502,Texas A&M University-Victoria,1108,Computer Software and Media Applications,,,,,5.0
225511,University of Houston,1101,"Computer and Information Sciences, General",63082.0,61516.0,151.0,18751.0,318.0
225511,University of Houston,1104,Information Science/Studies,52557.0,67660.0,21.0,,
225511,University of Houston,1105,Computer Systems Analysis,55675.0,58152.0,171.0,24990.0,190.0
225511,University of Houston,1108,Computer Software and Media Applications,32237.0,36275.0,58.0,23959.0,69.0
225511,University of Houston,1405,Biomedical/Medical Engineering,,,,13502.0,50.0
225511,University of Houston,1407,Chemical Engineering,77026.0,55512.0,89.0,20000.0,74.0
225511,University of Houston,1408,Civil Engineering,65253.0,65457.0,57.0,18000.0,73.0
225511,University of Houston,1409,Computer Engineering,74393.0,,31.0,21582.0,30.0
225511,University of Houston,1410,"Electrical, Electronics, and Communications Engineering",75967.0,74576.0,84.0,25692.0,84.0
225511,University of Houston,1419,Mechanical Engineering,68022.0,71202.0,168.0,20000.0,211.0
225511,University of Houston,1425,Petroleum Engineering,73141.0,67380.0,209.0,23366.0,27.0
225511,University of Houston,1435,Industrial Engineering,72713.0,73530.0,31.0,21500.0,24.0
225548,Howard Payne University,1101,"Computer and Information Sciences, General",,,,,1.0
225548,Howard Payne University,1411,Engineering Mechanics,,,,,2.0
225575,Huston-Tillotson University,1101,"Computer and Information Sciences, General",,,,,1.0
225575,Huston-Tillotson University,1107,Computer Science,,,,,5.0
225575,Huston-Tillotson University,1419,Mechanical Engineering,,,,,
225627,University of the Incarnate Word,1101,"Computer and Information Sciences, General",43495.0,44170.0,27.0,28986.0,14.0
225627,University of the Incarnate Word,1401,"Engineering, General",,44356.0,,,9.0
226091,Lamar University,1101,"Computer and Information Sciences, General",,48823.0,,26071.0,45.0
226091,Lamar University,1102,Computer Programming,,,,,1.0
226091,Lamar University,1407,Chemical Engineering,73299.0,71015.0,41.0,20019.0,46.0
226091,Lamar University,1408,Civil Engineering,,63005.0,,,18.0
226091,Lamar University,1410,"Electrical, Electronics, and Communications Engineering",82521.0,64773.0,17.0,18000.0,31.0
226091,Lamar University,1419,Mechanical Engineering,71107.0,73446.0,57.0,29000.0,66.0
226091,Lamar University,1433,Construction Engineering,,,,,12.0
226091,Lamar University,1435,Industrial Engineering,,,,28351.0,20.0
226152,Texas A & M International University,1409,Computer Engineering,,,,,0.0
226152,Texas A & M International University,1425,Petroleum Engineering,,,,,2.0
226152,Texas A & M International University,1427,Systems Engineering,31586.0,38289.0,49.0,10243.0,45.0
226231,LeTourneau University,1104,Information Science/Studies,,,,,5.0
226231,LeTourneau University,1107,Computer Science,,,,,5.0
226231,LeTourneau University,1108,Computer Software and Media Applications,,,,,1.0
226231,LeTourneau University,1110,Computer/Information Technology Administration and Management,,,,,1.0
226231,LeTourneau University,1405,Biomedical/Medical Engineering,,,,,6.0
226231,LeTourneau University,1408,Civil Engineering,55683.0,59986.0,19.0,,6.0
226231,LeTourneau University,1409,Computer Engineering,,,,,7.0
226231,LeTourneau University,1410,"Electrical, Electronics, and Communications Engineering",,,,,7.0
226231,LeTourneau University,1412,Engineering Physics,,,,,3.0
226231,LeTourneau University,1419,Mechanical Engineering,59759.0,63600.0,49.0,26000.0,39.0
226231,LeTourneau University,1420,Metallurgical Engineering,,,,,11.0
226231,LeTourneau University,1442,"Mechatronics, Robotics, and Automation Engineering",,,,,1.0
226383,Lubbock Christian University,1101,"Computer and Information Sciences, General",,,,,6.0
226383,Lubbock Christian University,1401,"Engineering, General",,,,,
226471,University of Mary Hardin-Baylor,1101,"Computer and Information Sciences, General",,,,,
226471,University of Mary Hardin-Baylor,1107,Computer Science,38159.0,55964.0,19.0,,14.0
226471,University of Mary Hardin-Baylor,1108,Computer Software and Media Applications,,,,,8.0
226471,University of Mary Hardin-Baylor,1401,"Engineering, General",,,,,14.0
226587,McMurry University,1101,"Computer and Information Sciences, General",,,,,6.0
226587,McMurry University,1412,Engineering Physics,,,,,0.0
226833,Midwestern State University,1101,"Computer and Information Sciences, General",53165.0,52107.0,18.0,,19.0
226833,Midwestern State University,1419,Mechanical Engineering,55529.0,55964.0,44.0,31000.0,22.0
226879,Wade College,1101,"Computer and Information Sciences, General",,,,,0.0
227182,Lone Star College System,1110,Computer/Information Technology Administration and Management,,,,,19.0
227216,University of North Texas,1101,"Computer and Information Sciences, General",65613.0,62260.0,162.0,24500.0,384.0
227216,University of North Texas,1104,Information Science/Studies,32580.0,,26.0,26375.0,52.0
227216,University of North Texas,1110,Computer/Information Technology Administration and Management,,,,,0.0
227216,University of North Texas,1405,Biomedical/Medical Engineering,,,,23298.0,47.0
227216,University of North Texas,1409,Computer Engineering,71290.0,70680.0,43.0,23235.0,30.0
227216,University of North Texas,1410,"Electrical, Electronics, and Communications Engineering",67305.0,68219.0,45.0,27004.0,65.0
227216,University of North Texas,1418,Materials Engineering,41942.0,63997.0,21.0,26823.0,26.0
227216,University of North Texas,1419,Mechanical Engineering,56897.0,58866.0,170.0,26974.0,103.0
227304,Odessa College,1442,"Mechatronics, Robotics, and Automation Engineering",,,,,10.0
227331,Our Lady of the Lake University,1101,"Computer and Information Sciences, General",36866.0,,21.0,,0.0
227331,Our Lady of the Lake University,1110,Computer/Information Technology Administration and Management,,,,,8.0
227368,The University of Texas Rio Grande Valley,1101,"Computer and Information Sciences, General",48807.0,28019.0,43.0,16043.0,
227368,The University of Texas Rio Grande Valley,1104,Information Science/Studies,,,,,0.0
227368,The University of Texas Rio Grande Valley,1107,Computer Science,52532.0,42682.0,21.0,,116.0
227368,The University of Texas Rio Grande Valley,1110,Computer/Information Technology Administration and Management,,,,,1.0
227368,The University of Texas Rio Grande Valley,1408,Civil Engineering,48240.0,50439.0,71.0,11000.0,100.0
227368,The University of Texas Rio Grande Valley,1409,Computer Engineering,55970.0,47846.0,35.0,16055.0,47.0
227368,The University of Texas Rio Grande Valley,1410,"Electrical, Electronics, and Communications Engineering",65185.0,55693.0,56.0,19250.0,44.0
227368,The University of Texas Rio Grande Valley,1412,Engineering Physics,,42682.0,,,
227368,The University of Texas Rio Grande Valley,1419,Mechanical Engineering,57430.0,52107.0,123.0,15500.0,122.0
227368,The University of Texas Rio Grande Valley,1436,Manufacturing Engineering,,,,,9.0
227526,Prairie View A & M University,1101,"Computer and Information Sciences, General",64439.0,63005.0,17.0,28064.0,30.0
227526,Prairie View A & M University,1407,Chemical Engineering,69804.0,70009.0,74.0,33000.0,50.0
227526,Prairie View A & M University,1408,Civil Engineering,53955.0,53358.0,21.0,,10.0
227526,Prairie View A & M University,1409,Computer Engineering,,69338.0,,,17.0
227526,Prairie View A & M University,1410,"Electrical, Electronics, and Communications Engineering",72240.0,70009.0,31.0,28081.0,25.0
227526,Prairie View A & M University,1419,Mechanical Engineering,73650.0,69757.0,65.0,31000.0,67.0
227757,Rice University,1101,"Computer and Information Sciences, General",122770.0,129481.0,50.0,12381.0,121.0
227757,Rice University,1405,Biomedical/Medical Engineering,,52107.0,,,34.0
227757,Rice University,1407,Chemical Engineering,78801.0,83915.0,54.0,13178.0,25.0
227757,Rice University,1408,Civil Engineering,,71957.0,,,23.0
227757,Rice University,1410,"Electrical, Electronics, and Communications Engineering",,,,,49.0
227757,Rice University,1419,Mechanical Engineering,70400.0,68219.0,36.0,15375.0,60.0
227757,Rice University,1437,Operations Research,,,,,1.0
227757,Rice University,1447,Electrical and Computer Engineering,,,,,
227845,Saint Edward's University,1101,"Computer and Information Sciences, General",,,,,6.0
227845,Saint Edward's University,1107,Computer Science,64517.0,,20.0,28000.0,21.0
227863,University of St Thomas,1107,Computer Science,,,,,7.0
227863,University of St Thomas,1410,"Electrical, Electronics, and Communications Engineering",,,,,
227863,University of St Thomas,1412,Engineering Physics,,,,,0.0
227863,University of St Thomas,1419,Mechanical Engineering,,,,,0.0
227881,Sam Houston State University,1101,"Computer and Information Sciences, General",53377.0,56415.0,55.0,23473.0,33.0
227881,Sam Houston State University,1110,Computer/Information Technology Administration and Management,,,,,12.0
228042,Schreiner University,1102,Computer Programming,,,,,0.0
228042,Schreiner University,1108,Computer Software and Media Applications,,,,,
228042,Schreiner University,1109,Computer Systems Networking and Telecommunications,,,,,
228042,Schreiner University,1110,Computer/Information Technology Administration and Management,,,,,12.0
228042,Schreiner University,1401,"Engineering, General",,,,,4.0
228042,Schreiner University,1408,Civil Engineering,,,,,0.0
228042,Schreiner University,1419,Mechanical Engineering,,,,,0.0
228149,St. Mary's University,1101,"Computer and Information Sciences, General",,,,,6.0
228149,St. Mary's University,1107,Computer Science,,,,,9.0
228149,St. Mary's University,1409,Computer Engineering,38443.0,,18.0,,20.0
228149,St. Mary's University,1410,"Electrical, Electronics, and Communications Engineering",,,,,3.0
228149,St. Mary's University,1413,Engineering Science,,,,,1.0
228149,St. Mary's University,1435,Industrial Engineering,,,,,11.0
228246,Southern Methodist University,1107,Computer Science,74528.0,76460.0,23.0,26000.0,90.0
228246,Southern Methodist University,1401,"Engineering, General",,,,,0.0
228246,Southern Methodist University,1408,Civil Engineering,,73737.0,,,15.0
228246,Southern Methodist University,1409,Computer Engineering,,,,,2.0
228246,Southern Methodist University,1410,"Electrical, Electronics, and Communications Engineering",,54713.0,,,16.0
228246,Southern Methodist University,1414,Environmental/Environmental Health Engineering,,,,,9.0
228246,Southern Methodist University,1419,Mechanical Engineering,68406.0,73035.0,29.0,17708.0,47.0
228246,Southern Methodist University,1437,Operations Research,,76460.0,,20500.0,45.0
228246,Southern Methodist University,1447,Electrical and Computer Engineering,,,,,0.0
228343,Southwestern University,1101,"Computer and Information Sciences, General",,,,,14.0
228431,Stephen F Austin State University,1101,"Computer and Information Sciences, General",41319.0,52420.0,63.0,25000.0,54.0
228431,Stephen F Austin State University,1412,Engineering Physics,,,,27375.0,15.0
228459,Texas State University,1101,"Computer and Information Sciences, General",49529.0,58673.0,110.0,21046.0,83.0
228459,Texas State University,1107,Computer Science,58841.0,72274.0,229.0,24445.0,241.0
228459,Texas State University,1408,Civil Engineering,,,,,0.0
228459,Texas State University,1410,"Electrical, Electronics, and Communications Engineering",62828.0,68858.0,115.0,28000.0,92.0
228459,Texas State University,1435,Industrial Engineering,62455.0,65557.0,52.0,28750.0,34.0
228459,Texas State University,1436,Manufacturing Engineering,55495.0,57318.0,44.0,21375.0,43.0
228468,Southwestern Adventist University,1107,Computer Science,,,,,3.0
228501,Sul Ross State University,1101,"Computer and Information Sciences, General",,,,,4.0
228529,Tarleton State University,1101,"Computer and Information Sciences, General",43960.0,41789.0,61.0,24634.0,23.0
228529,Tarleton State University,1104,Information Science/Studies,,,,,28.0
228529,Tarleton State University,1107,Computer Science,49191.0,,21.0,,13.0
228529,Tarleton State University,1110,Computer/Information Technology Administration and Management,,,,,0.0
228529,Tarleton State University,1408,Civil Engineering,,,,,8.0
228529,Tarleton State University,1410,"Electrical, Electronics, and Communications Engineering",,,,,7.0
228529,Tarleton State University,1412,Engineering Physics,,,,,0.0
228529,Tarleton State University,1414,Environmental/Environmental Health Engineering,,,,,4.0
228529,Tarleton State University,1419,Mechanical Engineering,,,,,15.0
228705,Texas A&M University-Kingsville,1101,"Computer and Information Sciences, General",,,,26500.0,23.0
228705,Texas A&M University-Kingsville,1104,Information Science/Studies,,,,,9.0
228705,Texas A&M University-Kingsville,1404,Architectural Engineering,,,,24743.0,19.0
228705,Texas A&M University-Kingsville,1407,Chemical Engineering,51214.0,47260.0,64.0,23500.0,29.0
228705,Texas A&M University-Kingsville,1408,Civil Engineering,54413.0,52107.0,29.0,24625.0,62.0
228705,Texas A&M University-Kingsville,1409,Computer Engineering,,,,,0.0
228705,Texas A&M University-Kingsville,1410,"Electrical, Electronics, and Communications Engineering",70165.0,68079.0,27.0,27702.0,20.0
228705,Texas A&M University-Kingsville,1414,Environmental/Environmental Health Engineering,,,,,4.0
228705,Texas A&M University-Kingsville,1419,Mechanical Engineering,59910.0,62012.0,54.0,21678.0,55.0
228705,Texas A&M University-Kingsville,1425,Petroleum Engineering,72626.0,,25.0,,9.0
228705,Texas A&M University-Kingsville,1435,Industrial Engineering,,,,,0.0
228723,Texas A&M University-College Station,1101,"Computer and Information Sciences, General",74604.0,77024.0,93.0,20395.0,
228723,Texas A&M University-College Station,1104,Information Science/Studies,68669.0,74367.0,27.0,,
228723,Texas A&M University-College Station,1107,Computer Science,76419.0,,91.0,20187.0,376.0
228723,Texas A&M University-College Station,1108,Computer Software and Media Applications,31492.0,40512.0,45.0,20937.0,78.0
228723,Texas A&M University-College Station,1110,Computer/Information Technology Administration and Management,48710.0,49631.0,64.0,21500.0,80.0
228723,Texas A&M University-College Station,1401,"Engineering, General",,,,,14.0
228723,Texas A&M University-College Station,1402,"Aerospace, Aeronautical, and Astronautical/Space Engineering",66244.0,66005.0,104.0,22208.0,186.0
228723,Texas A&M University-College Station,1403,Agricultural Engineering,60523.0,53984.0,39.0,18000.0,37.0
228723,Texas A&M University-College Station,1404,Architectural Engineering,,,,,17.0
228723,Texas A&M University-College Station,1405,Biomedical/Medical Engineering,68154.0,68918.0,25.0,19500.0,145.0
228723,Texas A&M University-College Station,1407,Chemical Engineering,76110.0,80669.0,105.0,18135.0,246.0
228723,Texas A&M University-College Station,1408,Civil Engineering,65401.0,66094.0,170.0,19500.0,202.0
228723,Texas A&M University-College Station,1409,Computer Engineering,72777.0,75011.0,92.0,22816.0,192.0
228723,Texas A&M University-College Station,1410,"Electrical, Electronics, and Communications Engineering",71317.0,77062.0,146.0,22482.0,281.0
228723,Texas A&M University-College Station,1414,Environmental/Environmental Health Engineering,,,,,11.0
228723,Texas A&M University-College Station,1418,Materials Engineering,,,,,49.0
228723,Texas A&M University-College Station,1419,Mechanical Engineering,71020.0,73697.0,186.0,19500.0,415.0
228723,Texas A&M University-College Station,1422,Naval Architecture and Marine Engineering,65583.0,70456.0,59.0,22243.0,0.0
228723,Texas A&M University-College Station,1423,Nuclear Engineering,70571.0,63005.0,44.0,18471.0,71.0
228723,Texas A&M University-College Station,1424,Ocean Engineering,64260.0,65874.0,42.0,26000.0,49.0
228723,Texas A&M University-College Station,1425,Petroleum Engineering,84377.0,92124.0,121.0,19000.0,93.0
228723,Texas A&M University-College Station,1435,Industrial Engineering,67166.0,67571.0,240.0,19708.0,261.0
228769,The University of Texas at Arlington,1104,Information Science/Studies,55756.0,57110.0,140.0,20205.0,235.0
228769,The University of Texas at Arlington,1107,Computer Science,71876.0,69897.0,89.0,19500.0,230.0
228769,The University of Texas at Arlington,1402,"Aerospace, Aeronautical, and Astronautical/Space Engineering",63279.0,55693.0,44.0,25260.0,51.0
228769,The University of Texas at Arlington,1404,Architectural Engineering,,,,,21.0
228769,The University of Texas at Arlington,1405,Biomedical/Medical Engineering,44713.0,,21.0,26106.0,53.0
228769,The University of Texas at Arlington,1408,Civil Engineering,64221.0,62534.0,75.0,20542.0,102.0
228769,The University of Texas at Arlington,1409,Computer Engineering,71966.0,71225.0,63.0,20833.0,103.0
228769,The University of Texas at Arlington,1410,"Electrical, Electronics, and Communications Engineering",66301.0,66461.0,76.0,25990.0,52.0
228769,The University of Texas at Arlington,1419,Mechanical Engineering,63839.0,64824.0,121.0,24080.0,134.0
228769,The University of Texas at Arlington,1433,Construction Engineering,,,,,70.0
228769,The University of Texas at Arlington,1435,Industrial Engineering,58154.0,67202.0,46.0,22503.0,27.0
228769,The University of Texas at Arlington,1448,Energy Systems Engineering,,,,,0.0
228778,The University of Texas at Austin,1101,"Computer and Information Sciences, General",89133.0,79558.0,378.0,20500.0,456.0
228778,The University of Texas at Austin,1104,Information Science/Studies,54885.0,,38.0,,
228778,The University of Texas at Austin,1402,"Aerospace, Aeronautical, and Astronautical/Space Engineering",65874.0,63997.0,87.0,22542.0,97.0
228778,The University of Texas at Austin,1404,Architectural Engineering,64188.0,69338.0,32.0,25701.0,52.0
228778,The University of Texas at Austin,1405,Biomedical/Medical Engineering,69298.0,68778.0,37.0,21071.0,118.0
228778,The University of Texas at Austin,1407,Chemical Engineering,77308.0,82830.0,117.0,19844.0,131.0
228778,The University of Texas at Austin,1408,Civil Engineering,64984.0,62848.0,87.0,21030.0,143.0
228778,The University of Texas at Austin,1410,"Electrical, Electronics, and Communications Engineering",81984.0,80550.0,224.0,20500.0,320.0
228778,The University of Texas at Austin,1414,Environmental/Environmental Health Engineering,,,,,53.0
228778,The University of Texas at Austin,1418,Materials Engineering,,,,,
228778,The University of Texas at Austin,1419,Mechanical Engineering,73222.0,71959.0,206.0,18750.0,266.0
228778,The University of Texas at Austin,1425,Petroleum Engineering,87293.0,88723.0,58.0,17239.0,75.0
228778,The University of Texas at Austin,1439,Geological/Geophysical Engineering,,,,,6.0
228787,The University of Texas at Dallas,1101,"Computer and Information Sciences, General",66488.0,67324.0,365.0,18642.0,988.0
228787,The University of Texas at Dallas,1405,Biomedical/Medical Engineering,54105.0,39729.0,49.0,18750.0,99.0
228787,The University of Texas at Dallas,1409,Computer Engineering,71113.0,74953.0,133.0,21000.0,200.0
228787,The University of Texas at Dallas,1410,"Electrical, Electronics, and Communications Engineering",67146.0,69098.0,91.0,25500.0,125.0
228787,The University of Texas at Dallas,1419,Mechanical Engineering,60816.0,60125.0,149.0,24705.0,231.0
228796,The University of Texas at El Paso,1101,"Computer and Information Sciences, General",60587.0,60623.0,67.0,23250.0,165.0
228796,The University of Texas at El Paso,1401,"Engineering, General",,,,,15.0
228796,The University of Texas at El Paso,1408,Civil Engineering,55467.0,51607.0,47.0,16293.0,73.0
228796,The University of Texas at El Paso,1410,"Electrical, Electronics, and Communications Engineering",58729.0,66821.0,88.0,18500.0,66.0
228796,The University of Texas at El Paso,1419,Mechanical Engineering,54748.0,58943.0,147.0,18875.0,199.0
228796,The University of Texas at El Paso,1420,Metallurgical Engineering,61588.0,57318.0,18.0,20490.0,22.0
228796,The University of Texas at El Paso,1433,Construction Engineering,,,,,4.0
228796,The University of Texas at El Paso,1435,Industrial Engineering,52972.0,48823.0,38.0,15552.0,61.0
228802,The University of Texas at Tyler,1101,"Computer and Information Sciences, General",40402.0,52107.0,36.0,21500.0,71.0
228802,The University of Texas at Tyler,1407,Chemical Engineering,,,,,1.0
228802,The University of Texas at Tyler,1408,Civil Engineering,63925.0,58221.0,51.0,22670.0,54.0
228802,The University of Texas at Tyler,1409,Computer Engineering,,,,,0.0
228802,The University of Texas at Tyler,1410,"Electrical, Electronics, and Communications Engineering",70014.0,69338.0,55.0,25274.0,44.0
228802,The University of Texas at Tyler,1419,Mechanical Engineering,61933.0,64706.0,101.0,22125.0,82.0
228875,Texas Christian University,1101,"Computer and Information Sciences, General",,68666.0,,,26.0
228875,Texas Christian University,1105,Computer Systems Analysis,78343.0,71351.0,31.0,20750.0,63.0
228875,Texas Christian University,1401,"Engineering, General",63234.0,69338.0,40.0,22944.0,41.0
228884,Texas College,1101,"Computer and Information Sciences, General",,,,,
228884,Texas College,1107,Computer Science,,,,,2.0
228981,Texas Lutheran University,1107,Computer Science,,,,,9.0
228981,Texas Lutheran University,1412,Engineering Physics,,,,,5.0
229018,The University of Texas Permian Basin,1101,"Computer and Information Sciences, General",,56415.0,,,30.0
229018,The University of Texas Permian Basin,1104,Information Science/Studies,,,,,4.0
229018,The University of Texas Permian Basin,1407,Chemical Engineering,,,,,5.0
229018,The University of Texas Permian Basin,1410,"Electrical, Electronics, and Communications Engineering",,,,,2.0
229018,The University of Texas Permian Basin,1419,Mechanical Engineering,56596.0,69732.0,19.0,18750.0,48.0
229018,The University of Texas Permian Basin,1425,Petroleum Engineering,88833.0,87532.0,23.0,24500.0,24.0
229027,The University of Texas at San Antonio,1101,"Computer and Information Sciences, General",67211.0,60264.0,176.0,22625.0,246.0
229027,The University of Texas at San Antonio,1110,Computer/Information Technology Administration and Management,50484.0,57860.0,123.0,24125.0,356.0
229027,The University of Texas at San Antonio,1405,Biomedical/Medical Engineering,48441.0,,35.0,24900.0,38.0
229027,The University of Texas at San Antonio,1407,Chemical Engineering,,,,,13.0
229027,The University of Texas at San Antonio,1408,Civil Engineering,60646.0,60771.0,108.0,27986.0,93.0
229027,The University of Texas at San Antonio,1409,Computer Engineering,56666.0,68907.0,33.0,26947.0,54.0
229027,The University of Texas at San Antonio,1410,"Electrical, Electronics, and Communications Engineering",65474.0,62734.0,120.0,26971.0,97.0
229027,The University of Texas at San Antonio,1419,Mechanical Engineering,56677.0,59485.0,220.0,27000.0,159.0
229063,Texas Southern University,1101,"Computer and Information Sciences, General",,37208.0,,35472.0,17.0
229063,Texas Southern University,1408,Civil Engineering,49225.0,,20.0,,16.0
229063,Texas Southern University,1410,"Electrical, Electronics, and Communications Engineering",,,,,21.0
229115,Texas Tech University,1101,"Computer and Information Sciences, General",69234.0,73562.0,65.0,23197.0,252.0
229115,Texas Tech University,1104,Information Science/Studies,59695.0,64245.0,95.0,25000.0,0.0
229115,Texas Tech University,1407,Chemical Engineering,75153.0,69338.0,68.0,28000.0,96.0
229115,Texas Tech University,1408,Civil Engineering,63040.0,63997.0,125.0,27000.0,85.0
229115,Texas Tech University,1409,Computer Engineering,69734.0,74017.0,21.0,27000.0,37.0
229115,Texas Tech University,1410,"Electrical, Electronics, and Communications Engineering",73975.0,73530.0,64.0,26000.0,69.0
229115,Texas Tech University,1414,Environmental/Environmental Health Engineering,,,,19750.0,18.0
229115,Texas Tech University,1419,Mechanical Engineering,70609.0,69596.0,286.0,25396.0,247.0
229115,Texas Tech University,1425,Petroleum Engineering,89229.0,83325.0,108.0,26090.0,43.0
229115,Texas Tech University,1433,Construction Engineering,68843.0,68139.0,29.0,24098.0,17.0
229115,Texas Tech University,1435,Industrial Engineering,62931.0,66821.0,66.0,29000.0,45.0
229160,Texas Wesleyan University,1107,Computer Science,,,,,12.0
229179,Texas Woman's University,1101,"Computer and Information Sciences, General",61489.0,52107.0,19.0,18399.0,39.0
229267,Trinity University,1101,"Computer and Information Sciences, General",,77213.0,,24059.0,33.0
229267,Trinity University,1412,Engineering Physics,,,,,1.0
229267,Trinity University,1413,Engineering Science,59096.0,60320.0,16.0,21249.0,28.0
229780,Wayland Baptist University,1101,"Computer and Information Sciences, General",,,,,3.0
229780,Wayland Baptist University,1107,Computer Science,,,,,6.0
229780,Wayland Baptist University,1110,Computer/Information Technology Administration and Management,,,,,0.0
229814,West Texas A & M University,1107,Computer Science,68023.0,75706.0,19.0,26000.0,16.0
229814,West Texas A & M University,1408,Civil Engineering,,,,,8.0
229814,West Texas A & M University,1410,"Electrical, Electronics, and Communications Engineering",,,,,6.0
229814,West Texas A & M University,1414,Environmental/Environmental Health Engineering,,,,,5.0
229814,West Texas A & M University,1419,Mechanical Engineering,65323.0,58402.0,42.0,21125.0,35.0
230038,Brigham Young University,1101,"Computer and Information Sciences, General",71754.0,76460.0,84.0,14250.0,43.0
230038,Brigham Young University,1107,Computer Science,82667.0,83848.0,116.0,12000.0,135.0
230038,Brigham Young University,1108,Computer Software and Media Applications,,,,,9.0
230038,Brigham Young University,1110,Computer/Information Technology Administration and Management,69188.0,,25.0,9000.0,209.0
230038,Brigham Young University,1407,Chemical Engineering,67199.0,76460.0,73.0,13980.0,68.0
230038,Brigham Young University,1408,Civil Engineering,60309.0,58221.0,36.0,9370.0,77.0
230038,Brigham Young University,1409,Computer Engineering,74326.0,87604.0,23.0,10750.0,97.0
230038,Brigham Young University,1410,"Electrical, Electronics, and Communications Engineering",66731.0,71351.0,32.0,12000.0,30.0
230038,Brigham Young University,1419,Mechanical Engineering,63211.0,67772.0,131.0,10500.0,158.0
230038,Brigham Young University,1436,Manufacturing Engineering,65857.0,65486.0,40.0,11000.0,31.0
230038,Brigham Young University,1447,Electrical and Computer Engineering,,,,,49.0
230047,Brigham Young University-Hawaii,1101,"Computer and Information Sciences, General",,,,,23.0
230047,Brigham Young University-Hawaii,1104,Information Science/Studies,,,,,6.0
230047,Brigham Young University-Hawaii,1107,Computer Science,,,,,10.0
230047,Brigham Young University-Hawaii,1199,"Computer and Information Sciences and Support Services, Other",,,,,0.0
230056,Broadview College,1101,"Computer and Information Sciences, General",,,,,
230056,Broadview College,1102,Computer Programming,,,,,
230171,Utah Tech University,1101,"Computer and Information Sciences, General",45248.0,48041.0,47.0,20944.0,19.0
230171,Utah Tech University,1107,Computer Science,,,,,19.0
230171,Utah Tech University,1401,"Engineering, General",,,,,0.0
230171,Utah Tech University,1409,Computer Engineering,,,,,0.0
230171,Utah Tech University,1419,Mechanical Engineering,,,,,12.0
230171,Utah Tech University,1442,"Mechatronics, Robotics, and Automation Engineering",,,,,0.0
230418,Ensign College,1101,"Computer and Information Sciences, General",,,,,0.0
230418,Ensign College,1110,Computer/Information Technology Administration and Management,,,,,0.0
230418,Ensign College,1409,Computer Engineering,,,,,0.0
230597,Snow College,1409,Computer Engineering,,,,,11.0
230603,Southern Utah University,1101,"Computer and Information Sciences, General",,47260.0,,,17.0
230603,Southern Utah University,1107,Computer Science,,52107.0,,,19.0
230603,Southern Utah University,1110,Computer/Information Technology Administration and Management,,,,,3.0
230603,Southern Utah University,1401,"Engineering, General",,,,,6.0
230603,Southern Utah University,1408,Civil Engineering,,,,,
230603,Southern Utah University,1413,Engineering Science,,,,,
230603,Southern Utah University,1419,Mechanical Engineering,,,,,19.0
230728,Utah State University,1101,"Computer and Information Sciences, General",65903.0,69338.0,103.0,17996.0,127.0
230728,Utah State University,1104,Information Science/Studies,54047.0,60298.0,94.0,14413.0,0.0
230728,Utah State University,1108,Computer Software and Media Applications,,,,,43.0
230728,Utah State University,1408,Civil Engineering,55217.0,54656.0,62.0,17225.0,46.0
230728,Utah State University,1409,Computer Engineering,64523.0,71015.0,25.0,,16.0
230728,Utah State University,1410,"Electrical, Electronics, and Communications Engineering",65935.0,63501.0,26.0,14500.0,38.0
230728,Utah State University,1414,Environmental/Environmental Health Engineering,,,,,7.0
230728,Utah State University,1419,Mechanical Engineering,62717.0,61728.0,135.0,13654.0,128.0
230728,Utah State University,1445,Biological/Biosystems Engineering,44364.0,42682.0,38.0,12000.0,33.0
230737,Utah Valley University,1101,"Computer and Information Sciences, General",,,,,0.0
230737,Utah Valley University,1102,Computer Programming,,,,,2.0
230737,Utah Valley University,1104,Information Science/Studies,62925.0,64990.0,48.0,17599.0,55.0
230737,Utah Valley University,1107,Computer Science,74830.0,77401.0,111.0,24725.0,68.0
230737,Utah Valley University,1108,Computer Software and Media Applications,35782.0,38769.0,103.0,,6.0
230737,Utah Valley University,1109,Computer Systems Networking and Telecommunications,71493.0,60298.0,54.0,21000.0,52.0
230737,Utah Valley University,1110,Computer/Information Technology Administration and Management,,,,24600.0,25.0
230737,Utah Valley University,1408,Civil Engineering,,,,,22.0
230737,Utah Valley University,1409,Computer Engineering,78678.0,73949.0,36.0,14563.0,38.0
230737,Utah Valley University,1410,"Electrical, Electronics, and Communications Engineering",,,,,7.0
230737,Utah Valley University,1419,Mechanical Engineering,,,,,38.0
230737,Utah Valley University,1442,"Mechatronics, Robotics, and Automation Engineering",,,,,27.0
230764,University of Utah,1102,Computer Programming,,,,,0.0
230764,University of Utah,1104,Information Science/Studies,58265.0,62409.0,72.0,24041.0,89.0
230764,University of Utah,1107,Computer Science,78226.0,74307.0,124.0,19947.0,219.0
230764,University of Utah,1108,Computer Software and Media Applications,,,,23250.0,124.0
230764,University of Utah,1401,"Engineering, General",,,,,1.0
230764,University of Utah,1405,Biomedical/Medical Engineering,60458.0,54035.0,39.0,19476.0,77.0
230764,University of Utah,1407,Chemical Engineering,67225.0,65894.0,85.0,22750.0,68.0
230764,University of Utah,1408,Civil Engineering,59806.0,57657.0,65.0,24426.0,58.0
230764,University of Utah,1409,Computer Engineering,71337.0,,23.0,19375.0,28.0
230764,University of Utah,1410,"Electrical, Electronics, and Communications Engineering",66036.0,66821.0,38.0,24477.0,49.0
230764,University of Utah,1418,Materials Engineering,42076.0,,16.0,,20.0
230764,University of Utah,1419,Mechanical Engineering,63860.0,62260.0,182.0,22400.0,182.0
230764,University of Utah,1420,Metallurgical Engineering,,,,,8.0
230764,University of Utah,1421,Mining and Mineral Engineering,67359.0,,18.0,,9.0
230764,University of Utah,1433,Construction Engineering,,,,,14.0
230764,University of Utah,1439,Geological/Geophysical Engineering,,,,,3.0
230782,Weber State University,1101,"Computer and Information Sciences, General",62927.0,59576.0,19.0,12250.0,10.0
230782,Weber State University,1107,Computer Science,61731.0,69338.0,101.0,21062.0,115.0
230782,Weber State University,1108,Computer Software and Media Applications,,,,,16.0
230782,Weber State University,1109,Computer Systems Networking and Telecommunications,50526.0,57318.0,24.0,,27.0
230782,Weber State University,1110,Computer/Information Technology Administration and Management,,,,,0.0
230782,Weber State University,1409,Computer Engineering,,,,,7.0
230782,Weber State University,1410,"Electrical, Electronics, and Communications Engineering",66786.0,,32.0,23354.0,18.0
230782,Weber State University,1419,Mechanical Engineering,,,,,22.0
230782,Weber State University,1427,Systems Engineering,,,,,1.0
230807,Westminster University,1101,"Computer and Information Sciences, General",,,,,2.0
230807,Westminster University,1107,Computer Science,,69338.0,,,11.0
230816,Bennington College,1101,"Computer and Information Sciences, General",,,,,0.0
230816,Bennington College,1107,Computer Science,,,,,12.0
230816,Bennington College,1108,Computer Software and Media Applications,,,,,0.0
230834,Castleton University,1105,Computer Systems Analysis,,,,,1.0
230852,Champlain College,1102,Computer Programming,,,,,50.0
230852,Champlain College,1107,Computer Science,63048.0,59417.0,36.0,27000.0,27.0
230852,Champlain College,1108,Computer Software and Media Applications,41964.0,55512.0,45.0,27000.0,8.0
230852,Champlain College,1110,Computer/Information Technology Administration and Management,65066.0,55964.0,86.0,27000.0,137.0
230852,Champlain College,1409,Computer Engineering,,,,,
230913,Northern Vermont University,1101,"Computer and Information Sciences, General",,48849.0,,,11.0
230959,Middlebury College,1107,Computer Science,74716.0,58673.0,20.0,13500.0,53.0
230995,Norwich University,1104,Information Science/Studies,,,,24625.0,22.0
230995,Norwich University,1107,Computer Science,,,,,12.0
230995,Norwich University,1110,Computer/Information Technology Administration and Management,47270.0,,36.0,26399.0,49.0
230995,Norwich University,1401,"Engineering, General",,,,,8.0
230995,Norwich University,1408,Civil Engineering,51928.0,,23.0,21500.0,12.0
230995,Norwich University,1409,Computer Engineering,,,,,10.0
230995,Norwich University,1410,"Electrical, Electronics, and Communications Engineering",,,,,0.0
230995,Norwich University,1419,Mechanical Engineering,40053.0,46589.0,42.0,21500.0,29.0
231059,Saint Michael's College,1104,Information Science/Studies,,,,,2.0
231059,Saint Michael's College,1107,Computer Science,,,,,7.0
231059,Saint Michael's College,1401,"Engineering, General",,,,,2.0
231165,Vermont State University,1101,"Computer and Information Sciences, General",,48849.0,,,4.0
231165,Vermont State University,1103,Data Processing,,,,,
231165,Vermont State University,1105,Computer Systems Analysis,,,,,
231165,Vermont State University,1107,Computer Science,,,,,
231165,Vermont State University,1409,Computer Engineering,,,,,11.0
231174,University of Vermont,1105,Computer Systems Analysis,,,,,13.0
231174,University of Vermont,1107,Computer Science,46950.0,56641.0,62.0,21519.0,90.0
231174,University of Vermont,1401,"Engineering, General",,,,,3.0
231174,University of Vermont,1405,Biomedical/Medical Engineering,,,,,34.0
231174,University of Vermont,1408,Civil Engineering,51377.0,49827.0,43.0,22375.0,27.0
231174,University of Vermont,1410,"Electrical, Electronics, and Communications Engineering",66622.0,72325.0,18.0,24750.0,19.0
231174,University of Vermont,1414,Environmental/Environmental Health Engineering,53529.0,48041.0,22.0,21000.0,21.0
231174,University of Vermont,1419,Mechanical Engineering,57570.0,55770.0,92.0,26000.0,88.0
231174,University of Vermont,1435,Industrial Engineering,,,,,4.0
231420,Averett University,1104,Information Science/Studies,,30228.0,,,8.0
231420,Averett University,1107,Computer Science,,,,,4.0
231554,Bluefield University,1101,"Computer and Information Sciences, General",,,,,
231554,Bluefield University,1110,Computer/Information Technology Administration and Management,,,,,3.0
231581,Bridgewater College,1107,Computer Science,,,,26000.0,7.0
231624,William & Mary,1107,Computer Science,71208.0,71202.0,60.0,19794.0,93.0
231651,Regent University,1101,"Computer and Information Sciences, General",,51972.0,,,9.0
231651,Regent University,1104,Information Science/Studies,,,,,2.0
231651,Regent University,1107,Computer Science,,,,,16.0
231651,Regent University,1110,Computer/Information Technology Administration and Management,,,,,2.0
231651,Regent University,1409,Computer Engineering,,,,,1.0
231712,Christopher Newport University,1104,Information Science/Studies,48518.0,56641.0,16.0,26000.0,30.0
231712,Christopher Newport University,1107,Computer Science,60187.0,59901.0,56.0,22250.0,50.0
231712,Christopher Newport University,1409,Computer Engineering,,64493.0,,,11.0
231712,Christopher Newport University,1410,"Electrical, Electronics, and Communications Engineering",,,,,11.0
232016,Centura College-Chesapeake,1110,Computer/Information Technology Administration and Management,,,,,
232025,Emory & Henry University,1413,Engineering Science,,,,,
232043,Eastern Mennonite University,1107,Computer Science,,,,,14.0
232043,Eastern Mennonite University,1401,"Engineering, General",,,,,2.0
232089,Ferrum College,1102,Computer Programming,,,,,
232089,Ferrum College,1110,Computer/Information Technology Administration and Management,,,,,5.0
232186,George Mason University,1101,"Computer and Information Sciences, General",69322.0,68104.0,502.0,23250.0,757.0
232186,George Mason University,1107,Computer Science,71514.0,78343.0,19.0,,22.0
232186,George Mason University,1405,Biomedical/Medical Engineering,46303.0,69338.0,40.0,23625.0,42.0
232186,George Mason University,1408,Civil Engineering,64934.0,64281.0,71.0,23812.0,93.0
232186,George Mason University,1409,Computer Engineering,80254.0,69338.0,28.0,26697.0,32.0
232186,George Mason University,1410,"Electrical, Electronics, and Communications Engineering",70242.0,66756.0,96.0,26725.0,62.0
232186,George Mason University,1419,Mechanical Engineering,61988.0,,30.0,25000.0,75.0
232186,George Mason University,1427,Systems Engineering,71876.0,74576.0,44.0,21000.0,25.0
232256,Hampden-Sydney College,1107,Computer Science,,,,,5.0
232256,Hampden-Sydney College,1412,Engineering Physics,,,,,5.0
232265,Hampton University,1101,"Computer and Information Sciences, General",,,,,5.0
232265,Hampton University,1104,Information Science/Studies,,,,,0.0
232265,Hampton University,1401,"Engineering, General",,,,,17.0
232265,Hampton University,1407,Chemical Engineering,,,,,3.0
232265,Hampton University,1409,Computer Engineering,,,,,0.0
232423,James Madison University,1101,"Computer and Information Sciences, General",73457.0,72659.0,95.0,21470.0,105.0
232423,James Madison University,1104,Information Science/Studies,70020.0,72290.0,129.0,21025.0,155.0
232423,James Madison University,1401,"Engineering, General",64114.0,57943.0,45.0,25000.0,67.0
232557,Liberty University,1101,"Computer and Information Sciences, General",52657.0,68219.0,137.0,28068.0,219.0
232557,Liberty University,1110,Computer/Information Technology Administration and Management,,38289.0,,,11.0
232557,Liberty University,1408,Civil Engineering,,,,,
232557,Liberty University,1409,Computer Engineering,,63600.0,,,8.0
232557,Liberty University,1410,"Electrical, Electronics, and Communications Engineering",60410.0,72022.0,28.0,26899.0,17.0
232557,Liberty University,1419,Mechanical Engineering,,,,27000.0,56.0
232557,Liberty University,1435,Industrial Engineering,60079.0,,18.0,,3.0
232566,Longwood University,1107,Computer Science,,,,,12.0
232609,University of Lynchburg,1101,"Computer and Information Sciences, General",,,,,16.0
232681,University of Mary Washington,1101,"Computer and Information Sciences, General",66251.0,69002.0,69.0,22142.0,63.0
232706,Marymount University,1101,"Computer and Information Sciences, General",50698.0,50439.0,49.0,27000.0,61.0
232706,Marymount University,1107,Computer Science,,,,,0.0
232706,Marymount University,1109,Computer Systems Networking and Telecommunications,,,,,0.0
232706,Marymount University,1110,Computer/Information Technology Administration and Management,,,,,0.0
232706,Marymount University,1405,Biomedical/Medical Engineering,,,,,0.0
232706,Marymount University,1419,Mechanical Engineering,,,,,0.0
232797,American National University,1109,Computer Systems Networking and Telecommunications,,,,,1.0
232797,American National University,1110,Computer/Information Technology Administration and Management,,,,,
232937,Norfolk State University,1101,"Computer and Information Sciences, General",,,,,30.0
232937,Norfolk State University,1410,"Electrical, Electronics, and Communications Engineering",,,,,10.0
232937,Norfolk State University,1499,"Engineering, Other",,,,,1.0
232982,Old Dominion University,1101,"Computer and Information Sciences, General",59112.0,61516.0,99.0,26125.0,108.0
232982,Old Dominion University,1110,Computer/Information Technology Administration and Management,,,,26000.0,98.0
232982,Old Dominion University,1401,"Engineering, General",,,,,12.0
232982,Old Dominion University,1408,Civil Engineering,59302.0,63005.0,63.0,25000.0,50.0
232982,Old Dominion University,1409,Computer Engineering,63137.0,72231.0,21.0,23360.0,19.0
232982,Old Dominion University,1410,"Electrical, Electronics, and Communications Engineering",64709.0,66126.0,51.0,27580.0,44.0
232982,Old Dominion University,1414,Environmental/Environmental Health Engineering,,,,,0.0
232982,Old Dominion University,1419,Mechanical Engineering,64804.0,62654.0,172.0,27000.0,114.0
233277,Radford University,1104,Information Science/Studies,45291.0,48041.0,24.0,,14.0
233277,Radford University,1107,Computer Science,58548.0,61516.0,75.0,26000.0,40.0
233277,Radford University,1110,Computer/Information Technology Administration and Management,,,,,11.0
233295,Randolph-Macon College,1101,"Computer and Information Sciences, General",,,,27000.0,15.0
233295,Randolph-Macon College,1110,Computer/Information Technology Administration and Management,,,,,7.0
233295,Randolph-Macon College,1401,"Engineering, General",,,,,0.0
233295,Randolph-Macon College,1412,Engineering Physics,,,,24706.0,5.0
233301,Randolph College,1412,Engineering Physics,,,,,3.0
233374,University of Richmond,1101,"Computer and Information Sciences, General",68711.0,74157.0,22.0,23381.0,26.0
233374,University of Richmond,1110,Computer/Information Technology Administration and Management,,,,,0.0
233426,Roanoke College,1101,"Computer and Information Sciences, General",,,,,0.0
233426,Roanoke College,1104,Information Science/Studies,,,,,1.0
233426,Roanoke College,1107,Computer Science,,,,,9.0
233541,Shenandoah University,1101,"Computer and Information Sciences, General",,,,,1.0
233541,Shenandoah University,1107,Computer Science,,,,,2.0
233541,Shenandoah University,1108,Computer Software and Media Applications,,,,,7.0
233541,Shenandoah University,1110,Computer/Information Technology Administration and Management,,,,,11.0
233611,Southern Virginia University,1101,"Computer and Information Sciences, General",,,,,4.0
233611,Southern Virginia University,1107,Computer Science,,,,,
233684,Strayer University-Virginia,1101,"Computer and Information Sciences, General",59686.0,61144.0,298.0,50737.0,103.0
233684,Strayer University-Virginia,1104,Information Science/Studies,66456.0,65355.0,270.0,53250.0,16.0
233684,Strayer University-Virginia,1110,Computer/Information Technology Administration and Management,,,,,0.0
233718,Sweet Briar College,1413,Engineering Science,,,,,6.0
233897,University of Virginia's College at Wise,1107,Computer Science,,,,,6.0
233897,University of Virginia's College at Wise,1409,Computer Engineering,,,,,5.0
233921,Virginia Polytechnic Institute and State University,1101,"Computer and Information Sciences, General",82448.0,88678.0,205.0,20500.0,366.0
233921,Virginia Polytechnic Institute and State University,1402,"Aerospace, Aeronautical, and Astronautical/Space Engineering",66226.0,65029.0,102.0,26000.0,198.0
233921,Virginia Polytechnic Institute and State University,1403,Agricultural Engineering,60131.0,57318.0,43.0,26625.0,42.0
233921,Virginia Polytechnic Institute and State University,1405,Biomedical/Medical Engineering,,,,,42.0
233921,Virginia Polytechnic Institute and State University,1407,Chemical Engineering,72805.0,73272.0,88.0,25350.0,71.0
233921,Virginia Polytechnic Institute and State University,1408,Civil Engineering,63758.0,62508.0,154.0,25760.0,204.0
233921,Virginia Polytechnic Institute and State University,1409,Computer Engineering,75104.0,78488.0,116.0,26000.0,184.0
233921,Virginia Polytechnic Institute and State University,1410,"Electrical, Electronics, and Communications Engineering",73162.0,70863.0,125.0,25849.0,104.0
233921,Virginia Polytechnic Institute and State University,1411,Engineering Mechanics,64144.0,71575.0,48.0,27500.0,22.0
233921,Virginia Polytechnic Institute and State University,1418,Materials Engineering,60906.0,61814.0,61.0,27000.0,66.0
233921,Virginia Polytechnic Institute and State University,1419,Mechanical Engineering,68574.0,70163.0,338.0,23000.0,319.0
233921,Virginia Polytechnic Institute and State University,1421,Mining and Mineral Engineering,69045.0,65441.0,37.0,20907.0,32.0
233921,Virginia Polytechnic Institute and State University,1422,Naval Architecture and Marine Engineering,,,,,
233921,Virginia Polytechnic Institute and State University,1433,Construction Engineering,68755.0,67324.0,40.0,26698.0,65.0
233921,Virginia Polytechnic Institute and State University,1435,Industrial Engineering,70925.0,70628.0,117.0,22870.0,191.0
234030,Virginia Commonwealth University,1101,"Computer and Information Sciences, General",67978.0,71734.0,89.0,19050.0,118.0
234030,Virginia Commonwealth University,1104,Information Science/Studies,53416.0,53671.0,202.0,24364.0,169.0
234030,Virginia Commonwealth University,1401,"Engineering, General",,,,,
234030,Virginia Commonwealth University,1405,Biomedical/Medical Engineering,43433.0,41193.0,34.0,24000.0,54.0
234030,Virginia Commonwealth University,1407,Chemical Engineering,67147.0,55964.0,36.0,27000.0,52.0
234030,Virginia Commonwealth University,1409,Computer Engineering,70204.0,76460.0,17.0,23813.0,23.0
234030,Virginia Commonwealth University,1410,"Electrical, Electronics, and Communications Engineering",70920.0,69338.0,49.0,24000.0,37.0
234030,Virginia Commonwealth University,1419,Mechanical Engineering,62311.0,63631.0,130.0,22235.0,86.0
234076,University of Virginia-Main Campus,1101,"Computer and Information Sciences, General",83639.0,92077.0,194.0,17783.0,230.0
234076,University of Virginia-Main Campus,1401,"Engineering, General",54356.0,51273.0,33.0,,7.0
234076,University of Virginia-Main Campus,1402,"Aerospace, Aeronautical, and Astronautical/Space Engineering",68493.0,74576.0,24.0,14214.0,47.0
234076,University of Virginia-Main Campus,1405,Biomedical/Medical Engineering,,54974.0,,18400.0,127.0
234076,University of Virginia-Main Campus,1407,Chemical Engineering,69927.0,72605.0,37.0,17733.0,42.0
234076,University of Virginia-Main Campus,1408,Civil Engineering,70229.0,68666.0,42.0,14903.0,48.0
234076,University of Virginia-Main Campus,1409,Computer Engineering,84682.0,90146.0,32.0,16875.0,51.0
234076,University of Virginia-Main Campus,1410,"Electrical, Electronics, and Communications Engineering",70993.0,74576.0,24.0,,32.0
234076,University of Virginia-Main Campus,1418,Materials Engineering,,,,,2.0
234076,University of Virginia-Main Campus,1419,Mechanical Engineering,66820.0,67561.0,53.0,24250.0,88.0
234076,University of Virginia-Main Campus,1427,Systems Engineering,79487.0,82808.0,60.0,19500.0,81.0
234085,Virginia Military Institute,1101,"Computer and Information Sciences, General",,,,,
234085,Virginia Military Institute,1107,Computer Science,43367.0,64493.0,26.0,26000.0,24.0
234085,Virginia Military Institute,1408,Civil Engineering,47030.0,49270.0,67.0,26000.0,57.0
234085,Virginia Military Institute,1410,"Electrical, Electronics, and Communications Engineering",,,,,17.0
234085,Virginia Military Institute,1419,Mechanical Engineering,41215.0,44942.0,36.0,19971.0,30.0
234155,Virginia State University,1101,"Computer and Information Sciences, General",59033.0,,20.0,26500.0,
234155,Virginia State University,1107,Computer Science,,,,,14.0
234155,Virginia State University,1409,Computer Engineering,,,,,9.0
234155,Virginia State University,1436,Manufacturing Engineering,53571.0,,22.0,,4.0
234164,Virginia Union University,1101,"Computer and Information Sciences, General",,32563.0,,27000.0,3.0
234173,Virginia Wesleyan University,1101,"Computer and Information Sciences, General",,,,,
234207,Washington and Lee University,1107,Computer Science,,91744.0,,,15.0
234207,Washington and Lee University,1401,"Engineering, General",,,,,6.0
234207,Washington and Lee University,1412,Engineering Physics,,,,,
234207,Washington and Lee University,1413,Engineering Science,,,,,10.0
234669,Bellevue College,1103,Data Processing,62976.0,,23.0,13502.0,70.0
234669,Bellevue College,1107,Computer Science,,,,,42.0
234669,Bellevue College,1108,Computer Software and Media Applications,,,,,21.0
234669,Bellevue College,1110,Computer/Information Technology Administration and Management,,,,,
234827,Central Washington University,1101,"Computer and Information Sciences, General",47098.0,46589.0,237.0,24408.0,45.0
234827,Central Washington University,1107,Computer Science,63052.0,52941.0,48.0,19467.0,60.0
234827,Central Washington University,1108,Computer Software and Media Applications,,,,,4.0
234827,Central Washington University,1110,Computer/Information Technology Administration and Management,,,,,64.0
234827,Central Washington University,1412,Engineering Physics,,,,,0.0
234827,Central Washington University,1419,Mechanical Engineering,,,,,0.0
234845,Centralia College,1101,"Computer and Information Sciences, General",,,,,4.0
234915,City University of Seattle,1101,"Computer and Information Sciences, General",,,,,13.0
234915,City University of Seattle,1104,Information Science/Studies,,,,,
234915,City University of Seattle,1107,Computer Science,,,,,0.0
234915,City University of Seattle,1110,Computer/Information Technology Administration and Management,,,,,3.0
234933,Clark College,1110,Computer/Information Technology Administration and Management,,,,,19.0
234951,Clover Park Technical College,1110,Computer/Information Technology Administration and Management,,,,,3.0
234979,Columbia Basin College,1101,"Computer and Information Sciences, General",,,,,5.0
234979,Columbia Basin College,1110,Computer/Information Technology Administration and Management,51473.0,,28.0,18618.0,26.0
235097,Eastern Washington University,1101,"Computer and Information Sciences, General",59357.0,56979.0,99.0,25868.0,80.0
235097,Eastern Washington University,1108,Computer Software and Media Applications,25949.0,31236.0,67.0,23250.0,53.0
235097,Eastern Washington University,1410,"Electrical, Electronics, and Communications Engineering",62738.0,63335.0,37.0,29875.0,39.0
235097,Eastern Washington University,1419,Mechanical Engineering,56780.0,55770.0,83.0,26038.0,50.0
235316,Gonzaga University,1104,Information Science/Studies,,,,,0.0
235316,Gonzaga University,1107,Computer Science,71511.0,67447.0,34.0,27000.0,44.0
235316,Gonzaga University,1401,"Engineering, General",,,,,10.0
235316,Gonzaga University,1408,Civil Engineering,63318.0,62260.0,44.0,25000.0,34.0
235316,Gonzaga University,1409,Computer Engineering,,,,,
235316,Gonzaga University,1410,"Electrical, Electronics, and Communications Engineering",64158.0,69338.0,28.0,,20.0
235316,Gonzaga University,1419,Mechanical Engineering,59977.0,61859.0,101.0,23664.0,55.0
235343,Green River College,1102,Computer Programming,,,,,38.0
235343,Green River College,1110,Computer/Information Technology Administration and Management,,,,,55.0
235422,Heritage University,1107,Computer Science,,,,,2.0
235431,Highline College,1110,Computer/Information Technology Administration and Management,,,,,29.0
235699,Lake Washington Institute of Technology,1102,Computer Programming,,,,,20.0
236072,North Seattle College,1102,Computer Programming,71531.0,,23.0,19504.0,30.0
236188,Olympic College,1101,"Computer and Information Sciences, General",,,,,13.0
236230,Pacific Lutheran University,1101,"Computer and Information Sciences, General",67051.0,69338.0,31.0,23534.0,
236230,Pacific Lutheran University,1107,Computer Science,,,,,26.0
236230,Pacific Lutheran University,1409,Computer Engineering,,,,,
236328,University of Puget Sound,1107,Computer Science,57730.0,41565.0,33.0,25000.0,26.0
236328,University of Puget Sound,1401,"Engineering, General",,,,,3.0
236382,Renton Technical College,1101,"Computer and Information Sciences, General",,,,,10.0
236382,Renton Technical College,1110,Computer/Information Technology Administration and Management,,,,,11.0
236452,Saint Martin's University,1101,"Computer and Information Sciences, General",,,,,5.0
236452,Saint Martin's University,1107,Computer Science,49039.0,,17.0,,8.0
236452,Saint Martin's University,1408,Civil Engineering,62495.0,60623.0,28.0,23616.0,20.0
236452,Saint Martin's University,1419,Mechanical Engineering,57996.0,57995.0,35.0,27000.0,22.0
236513,Seattle Central College,1110,Computer/Information Technology Administration and Management,,,,,0.0
236577,Seattle Pacific University,1107,Computer Science,84413.0,,16.0,18908.0,29.0
236577,Seattle Pacific University,1110,Computer/Information Technology Administration and Management,,,,,9.0
236577,Seattle Pacific University,1401,"Engineering, General",56566.0,,22.0,27000.0,2.0
236577,Seattle Pacific University,1409,Computer Engineering,,,,,4.0
236577,Seattle Pacific University,1410,"Electrical, Electronics, and Communications Engineering",,,,,8.0
236577,Seattle Pacific University,1419,Mechanical Engineering,,,,26949.0,22.0
236595,Seattle University,1107,Computer Science,82122.0,83768.0,46.0,24980.0,75.0
236595,Seattle University,1408,Civil Engineering,,,,24000.0,26.0
236595,Seattle University,1409,Computer Engineering,,,,,14.0
236595,Seattle University,1410,"Electrical, Electronics, and Communications Engineering",71641.0,71473.0,51.0,25000.0,13.0
236595,Seattle University,1419,Mechanical Engineering,63737.0,59045.0,41.0,20467.0,44.0
236708,Spokane Falls Community College,1101,"Computer and Information Sciences, General",,,,,17.0
236753,Tacoma Community College,1110,Computer/Information Technology Administration and Management,,,,,
236896,Walla Walla University,1104,Information Science/Studies,,,,,2.0
236896,Walla Walla University,1107,Computer Science,,,,,9.0
236896,Walla Walla University,1401,"Engineering, General",52324.0,60568.0,38.0,27625.0,3.0
236896,Walla Walla University,1405,Biomedical/Medical Engineering,,,,,2.0
236896,Walla Walla University,1408,Civil Engineering,,,,,7.0
236896,Walla Walla University,1409,Computer Engineering,,,,,2.0
236896,Walla Walla University,1410,"Electrical, Electronics, and Communications Engineering",,,,,6.0
236896,Walla Walla University,1419,Mechanical Engineering,,,,,14.0
236939,Washington State University,1101,"Computer and Information Sciences, General",,,,,8.0
236939,Washington State University,1107,Computer Science,73112.0,68808.0,149.0,22453.0,177.0
236939,Washington State University,1110,Computer/Information Technology Administration and Management,,,,,
236939,Washington State University,1405,Biomedical/Medical Engineering,43178.0,42682.0,16.0,,31.0
236939,Washington State University,1407,Chemical Engineering,55442.0,64121.0,58.0,22500.0,25.0
236939,Washington State University,1408,Civil Engineering,65508.0,63393.0,121.0,22450.0,101.0
236939,Washington State University,1409,Computer Engineering,80693.0,75204.0,22.0,21750.0,46.0
236939,Washington State University,1410,"Electrical, Electronics, and Communications Engineering",69531.0,72881.0,153.0,21030.0,110.0
236939,Washington State University,1418,Materials Engineering,61524.0,,24.0,29760.0,20.0
236939,Washington State University,1419,Mechanical Engineering,64194.0,64951.0,308.0,21000.0,265.0
236948,University of Washington-Seattle Campus,1101,"Computer and Information Sciences, General",67196.0,71575.0,527.0,16277.0,565.0
236948,University of Washington-Seattle Campus,1107,Computer Science,101710.0,101221.0,236.0,16118.0,494.0
236948,University of Washington-Seattle Campus,1108,Computer Software and Media Applications,28147.0,29685.0,27.0,14500.0,
236948,University of Washington-Seattle Campus,1402,"Aerospace, Aeronautical, and Astronautical/Space Engineering",65792.0,67995.0,58.0,12000.0,68.0
236948,University of Washington-Seattle Campus,1405,Biomedical/Medical Engineering,50892.0,39927.0,25.0,14000.0,91.0
236948,University of Washington-Seattle Campus,1406,Ceramic Sciences and Engineering,,,,,0.0
236948,University of Washington-Seattle Campus,1407,Chemical Engineering,70966.0,60771.0,62.0,19875.0,75.0
236948,University of Washington-Seattle Campus,1408,Civil Engineering,65357.0,66342.0,89.0,14874.0,118.0
236948,University of Washington-Seattle Campus,1409,Computer Engineering,137584.0,120252.0,33.0,16127.0,49.0
236948,University of Washington-Seattle Campus,1410,"Electrical, Electronics, and Communications Engineering",73856.0,70961.0,181.0,15000.0,226.0
236948,University of Washington-Seattle Campus,1414,Environmental/Environmental Health Engineering,,,,,22.0
236948,University of Washington-Seattle Campus,1418,Materials Engineering,,70680.0,,20915.0,63.0
236948,University of Washington-Seattle Campus,1419,Mechanical Engineering,66636.0,61218.0,114.0,15000.0,119.0
236948,University of Washington-Seattle Campus,1420,Metallurgical Engineering,,,,,0.0
236948,University of Washington-Seattle Campus,1421,Mining and Mineral Engineering,,,,,0.0
236948,University of Washington-Seattle Campus,1434,Forest Engineering,,,,,0.0
236948,University of Washington-Seattle Campus,1435,Industrial Engineering,70127.0,66189.0,33.0,18027.0,43.0
236948,University of Washington-Seattle Campus,1437,Operations Research,,,,,0.0
236948,University of Washington-Seattle Campus,1442,"Mechatronics, Robotics, and Automation Engineering",70279.0,72650.0,26.0,,29.0
236948,University of Washington-Seattle Campus,1447,Electrical and Computer Engineering,,,,,0.0
236948,University of Washington-Seattle Campus,1499,"Engineering, Other",,,,,0.0
237011,Western Washington University,1101,"Computer and Information Sciences, General",69837.0,81333.0,154.0,19333.0,151.0
237011,Western Washington University,1110,Computer/Information Technology Administration and Management,,,,,14.0
237011,Western Washington University,1410,"Electrical, Electronics, and Communications Engineering",68568.0,,24.0,25500.0,0.0
237011,Western Washington University,1432,Polymer/Plastics Engineering,55793.0,,24.0,21656.0,19.0
237011,Western Washington University,1436,Manufacturing Engineering,66425.0,,21.0,21425.0,18.0
237011,Western Washington University,1447,Electrical and Computer Engineering,,,,,32.0
237039,Whatcom Community College,1110,Computer/Information Technology Administration and Management,,,,,18.0
237057,Whitman College,1101,"Computer and Information Sciences, General",,,,,16.0
237057,Whitman College,1401,"Engineering, General",,,,,1.0
237066,Whitworth University,1107,Computer Science,48327.0,64493.0,30.0,27000.0,28.0
237109,Yakima Valley College,1110,Computer/Information Technology Administration and Management,,,,,6.0
237118,Alderson Broaddus University,1107,Computer Science,,,,,0.0
237118,Alderson Broaddus University,1110,Computer/Information Technology Administration and Management,,,,,2.0
237181,Bethany College,1107,Computer Science,,,,,5.0
237215,Bluefield State University,1101,"Computer and Information Sciences, General",,,,,3.0
237312,University of Charleston,1107,Computer Science,,,,,
237330,Concord University,1104,Information Science/Studies,,,,,3.0
237330,Concord University,1107,Computer Science,,,,,5.0
237358,Davis & Elkins College,1101,"Computer and Information Sciences, General",,,,,0.0
237358,Davis & Elkins College,1107,Computer Science,,,,,0.0
237367,Fairmont State University,1101,"Computer and Information Sciences, General",,,,24500.0,12.0
237367,Fairmont State University,1104,Information Science/Studies,44049.0,,30.0,,13.0
237367,Fairmont State University,1438,Surveying Engineering,,,,,4.0
237525,Marshall University,1101,"Computer and Information Sciences, General",52335.0,63005.0,21.0,28375.0,15.0
237525,Marshall University,1105,Computer Systems Analysis,,41565.0,,26000.0,
237525,Marshall University,1110,Computer/Information Technology Administration and Management,35036.0,33993.0,17.0,28375.0,14.0
237525,Marshall University,1199,"Computer and Information Sciences and Support Services, Other",,,,,3.0
237525,Marshall University,1401,"Engineering, General",52929.0,57318.0,30.0,27000.0,12.0
237525,Marshall University,1405,Biomedical/Medical Engineering,,,,,2.0
237525,Marshall University,1408,Civil Engineering,,,,,8.0
237525,Marshall University,1410,"Electrical, Electronics, and Communications Engineering",,,,,7.0
237525,Marshall University,1419,Mechanical Engineering,,,,27000.0,15.0
237686,West Virginia University at Parkersburg,1101,"Computer and Information Sciences, General",,,,,
237686,West Virginia University at Parkersburg,1107,Computer Science,,,,,
237783,Salem University,1101,"Computer and Information Sciences, General",36294.0,,18.0,27037.0,9.0
237792,Shepherd University,1101,"Computer and Information Sciences, General",49620.0,45852.0,46.0,21830.0,37.0
237792,Shepherd University,1409,Computer Engineering,,,,,2.0
237792,Shepherd University,1413,Engineering Science,,,,,1.0
237899,West Virginia State University,1107,Computer Science,,,,,8.0
237899,West Virginia State University,1401,"Engineering, General",,,,,0.0
237950,West Virginia University Institute of Technology,1101,"Computer and Information Sciences, General",65253.0,,20.0,,10.0
237950,West Virginia University Institute of Technology,1105,Computer Systems Analysis,,,,,8.0
237950,West Virginia University Institute of Technology,1402,"Aerospace, Aeronautical, and Astronautical/Space Engineering",66040.0,65238.0,70.0,27242.0,0.0
237950,West Virginia University Institute of Technology,1407,Chemical Engineering,63506.0,62012.0,57.0,22843.0,1.0
237950,West Virginia University Institute of Technology,1408,Civil Engineering,62059.0,58092.0,107.0,24291.0,14.0
237950,West Virginia University Institute of Technology,1409,Computer Engineering,68916.0,60061.0,27.0,24500.0,5.0
237950,West Virginia University Institute of Technology,1410,"Electrical, Electronics, and Communications Engineering",69420.0,67995.0,68.0,22500.0,10.0
237950,West Virginia University Institute of Technology,1419,Mechanical Engineering,65850.0,65457.0,193.0,26242.0,11.0
237969,West Virginia Wesleyan College,1101,"Computer and Information Sciences, General",,,,,
237969,West Virginia Wesleyan College,1104,Information Science/Studies,,,,,3.0
237969,West Virginia Wesleyan College,1107,Computer Science,,,,,6.0
237969,West Virginia Wesleyan College,1412,Engineering Physics,,,,,
238032,West Virginia University,1101,"Computer and Information Sciences, General",65253.0,,20.0,,
238032,West Virginia University,1105,Computer Systems Analysis,,,,,
238032,West Virginia University,1107,Computer Science,54477.0,66069.0,57.0,23026.0,65.0
238032,West Virginia University,1110,Computer/Information Technology Administration and Management,,,,,9.0
238032,West Virginia University,1402,"Aerospace, Aeronautical, and Astronautical/Space Engineering",66040.0,65238.0,70.0,27242.0,79.0
238032,West Virginia University,1405,Biomedical/Medical Engineering,,,,,42.0
238032,West Virginia University,1407,Chemical Engineering,63506.0,62012.0,57.0,22843.0,34.0
238032,West Virginia University,1408,Civil Engineering,62059.0,58092.0,107.0,24291.0,96.0
238032,West Virginia University,1409,Computer Engineering,68916.0,60061.0,27.0,24500.0,41.0
238032,West Virginia University,1410,"Electrical, Electronics, and Communications Engineering",69420.0,67995.0,68.0,22500.0,50.0
238032,West Virginia University,1419,Mechanical Engineering,65850.0,65457.0,193.0,26242.0,182.0
238032,West Virginia University,1421,Mining and Mineral Engineering,57766.0,67288.0,31.0,24903.0,17.0
238032,West Virginia University,1425,Petroleum Engineering,74468.0,61303.0,93.0,26000.0,64.0
238032,West Virginia University,1435,Industrial Engineering,66292.0,68047.0,105.0,25207.0,105.0
238078,Wheeling University,1101,"Computer and Information Sciences, General",,,,,
238078,Wheeling University,1413,Engineering Science,,,,,3.0
238193,Alverno College,1101,"Computer and Information Sciences, General",,,,,
238333,Beloit College,1107,Computer Science,,,,,12.0
238333,Beloit College,1401,"Engineering, General",,,,,0.0
238430,Cardinal Stritch University,1107,Computer Science,,,,,2.0
238458,Carroll University,1101,"Computer and Information Sciences, General",,,,,3.0
238458,Carroll University,1107,Computer Science,56397.0,62012.0,16.0,,16.0
238458,Carroll University,1412,Engineering Physics,,,,,1.0
238476,Carthage College,1101,"Computer and Information Sciences, General",,60094.0,,,11.0
238476,Carthage College,1104,Information Science/Studies,,,,,0.0
238476,Carthage College,1413,Engineering Science,,,,,
238616,Concordia University-Wisconsin,1101,"Computer and Information Sciences, General",,,,,5.0
238616,Concordia University-Wisconsin,1107,Computer Science,48397.0,50856.0,26.0,,6.0
238616,Concordia University-Wisconsin,1409,Computer Engineering,,,,,8.0
238661,Edgewood University,1101,"Computer and Information Sciences, General",,55512.0,,,12.0
238661,Edgewood University,1107,Computer Science,,,,,0.0
238661,Edgewood University,1108,Computer Software and Media Applications,,,,,0.0
238980,Lakeland University,1101,"Computer and Information Sciences, General",59121.0,55625.0,69.0,28500.0,42.0
239017,Lawrence University,1107,Computer Science,,,,,12.0
239080,Marian University,1101,"Computer and Information Sciences, General",,,,,0.0
239105,Marquette University,1101,"Computer and Information Sciences, General",60720.0,62534.0,102.0,22536.0,67.0
239105,Marquette University,1401,"Engineering, General",,,,,0.0
239105,Marquette University,1405,Biomedical/Medical Engineering,66407.0,66611.0,78.0,27000.0,80.0
239105,Marquette University,1408,Civil Engineering,61508.0,63817.0,39.0,27000.0,30.0
239105,Marquette University,1409,Computer Engineering,73686.0,73446.0,18.0,24767.0,30.0
239105,Marquette University,1410,"Electrical, Electronics, and Communications Engineering",70220.0,68592.0,23.0,26750.0,26.0
239105,Marquette University,1412,Engineering Physics,,,,,4.0
239105,Marquette University,1414,Environmental/Environmental Health Engineering,,,,,13.0
239105,Marquette University,1419,Mechanical Engineering,67101.0,65698.0,95.0,26602.0,81.0
239105,Marquette University,1433,Construction Engineering,,73949.0,,,6.0
239318,Milwaukee School of Engineering,1107,Computer Science,,,,,35.0
239318,Milwaukee School of Engineering,1401,"Engineering, General",,,,,2.0
239318,Milwaukee School of Engineering,1404,Architectural Engineering,64727.0,67420.0,35.0,,24.0
239318,Milwaukee School of Engineering,1405,Biomedical/Medical Engineering,62951.0,58221.0,34.0,27000.0,29.0
239318,Milwaukee School of Engineering,1407,Chemical Engineering,49666.0,41193.0,37.0,27000.0,17.0
239318,Milwaukee School of Engineering,1408,Civil Engineering,,,,,23.0
239318,Milwaukee School of Engineering,1409,Computer Engineering,70395.0,72857.0,79.0,27000.0,73.0
239318,Milwaukee School of Engineering,1410,"Electrical, Electronics, and Communications Engineering",68272.0,68316.0,106.0,27000.0,73.0
239318,Milwaukee School of Engineering,1419,Mechanical Engineering,62468.0,66062.0,157.0,27000.0,134.0
239318,Milwaukee School of Engineering,1435,Industrial Engineering,63317.0,66653.0,25.0,27000.0,22.0
239512,Northland College,1401,"Engineering, General",,,,,1.0
239628,Ripon College,1107,Computer Science,,,,,2.0
239716,Saint Norbert College,1107,Computer Science,,69338.0,,27000.0,12.0
239716,Saint Norbert College,1108,Computer Software and Media Applications,,,,,0.0
240107,Viterbo University,1101,"Computer and Information Sciences, General",,,,,0.0
240107,Viterbo University,1401,"Engineering, General",,,,,6.0
240189,University of Wisconsin-Whitewater,1101,"Computer and Information Sciences, General",54402.0,59576.0,70.0,25742.0,63.0
240189,University of Wisconsin-Whitewater,1110,Computer/Information Technology Administration and Management,,,,,
240268,University of Wisconsin-Eau Claire,1101,"Computer and Information Sciences, General",63957.0,69867.0,37.0,22614.0,83.0
240268,University of Wisconsin-Eau Claire,1405,Biomedical/Medical Engineering,,,,,
240268,University of Wisconsin-Eau Claire,1418,Materials Engineering,,,,,4.0
240277,University of Wisconsin-Green Bay,1104,Information Science/Studies,,39369.0,,,20.0
240277,University of Wisconsin-Green Bay,1107,Computer Science,55092.0,61516.0,36.0,23677.0,33.0
240277,University of Wisconsin-Green Bay,1410,"Electrical, Electronics, and Communications Engineering",,,,,
240277,University of Wisconsin-Green Bay,1419,Mechanical Engineering,,,,,26.0
240329,University of Wisconsin-La Crosse,1101,"Computer and Information Sciences, General",65658.0,68592.0,34.0,22479.0,46.0
240338,Wisconsin Lutheran College,1107,Computer Science,,,,,5.0
240365,University of Wisconsin-Oshkosh,1101,"Computer and Information Sciences, General",,,,,27.0
240365,University of Wisconsin-Oshkosh,1104,Information Science/Studies,,,,,
240365,University of Wisconsin-Oshkosh,1107,Computer Science,,,,,1.0
240365,University of Wisconsin-Oshkosh,1110,Computer/Information Technology Administration and Management,47721.0,44356.0,17.0,26000.0,14.0
240365,University of Wisconsin-Oshkosh,1409,Computer Engineering,,,,,
240374,University of Wisconsin-Parkside,1101,"Computer and Information Sciences, General",,,,,43.0
240374,University of Wisconsin-Parkside,1107,Computer Science,57920.0,56641.0,40.0,26189.0,
240392,Herzing University-Madison,1101,"Computer and Information Sciences, General",,,,,0.0
240392,Herzing University-Madison,1102,Computer Programming,53952.0,62260.0,25.0,31050.0,6.0
240392,Herzing University-Madison,1108,Computer Software and Media Applications,,24035.0,,,
240392,Herzing University-Madison,1110,Computer/Information Technology Administration and Management,47053.0,48432.0,48.0,41837.0,9.0
240417,University of Wisconsin-Stout,1101,"Computer and Information Sciences, General",58998.0,52420.0,47.0,27012.0,48.0
240417,University of Wisconsin-Stout,1108,Computer Software and Media Applications,35326.0,40647.0,50.0,27000.0,67.0
240417,University of Wisconsin-Stout,1109,Computer Systems Networking and Telecommunications,53164.0,61064.0,30.0,27000.0,45.0
240417,University of Wisconsin-Stout,1110,Computer/Information Technology Administration and Management,,,,,
240417,University of Wisconsin-Stout,1409,Computer Engineering,,,,24500.0,0.0
240417,University of Wisconsin-Stout,1419,Mechanical Engineering,,,,27000.0,77.0
240417,University of Wisconsin-Stout,1432,Polymer/Plastics Engineering,,,,23850.0,14.0
240417,University of Wisconsin-Stout,1436,Manufacturing Engineering,67550.0,65131.0,47.0,29814.0,13.0
240417,University of Wisconsin-Stout,1447,Electrical and Computer Engineering,,,,,27.0
240426,University of Wisconsin-Superior,1101,"Computer and Information Sciences, General",,,,,12.0
240426,University of Wisconsin-Superior,1107,Computer Science,,,,,
240444,University of Wisconsin-Madison,1101,"Computer and Information Sciences, General",72878.0,75282.0,205.0,22500.0,733.0
240444,University of Wisconsin-Madison,1104,Information Science/Studies,,,,,
240444,University of Wisconsin-Madison,1403,Agricultural Engineering,61703.0,63749.0,48.0,23500.0,59.0
240444,University of Wisconsin-Madison,1405,Biomedical/Medical Engineering,63620.0,55964.0,39.0,20492.0,106.0
240444,University of Wisconsin-Madison,1407,Chemical Engineering,72510.0,73378.0,70.0,21947.0,103.0
240444,University of Wisconsin-Madison,1408,Civil Engineering,66167.0,67450.0,104.0,23250.0,98.0
240444,University of Wisconsin-Madison,1409,Computer Engineering,78839.0,81997.0,29.0,,115.0
240444,University of Wisconsin-Madison,1410,"Electrical, Electronics, and Communications Engineering",70596.0,68379.0,72.0,23250.0,100.0
240444,University of Wisconsin-Madison,1411,Engineering Mechanics,61649.0,65657.0,44.0,26432.0,33.0
240444,University of Wisconsin-Madison,1412,Engineering Physics,,,,,5.0
240444,University of Wisconsin-Madison,1418,Materials Engineering,64892.0,66941.0,25.0,20676.0,47.0
240444,University of Wisconsin-Madison,1419,Mechanical Engineering,70199.0,71633.0,142.0,20500.0,183.0
240444,University of Wisconsin-Madison,1423,Nuclear Engineering,,49644.0,,,15.0
240444,University of Wisconsin-Madison,1435,Industrial Engineering,74061.0,72895.0,51.0,23577.0,118.0
240444,University of Wisconsin-Madison,1439,Geological/Geophysical Engineering,,60004.0,,,13.0
240444,University of Wisconsin-Madison,1499,"Engineering, Other",,,,,3.0
240453,University of Wisconsin-Milwaukee,1101,"Computer and Information Sciences, General",52227.0,,20.0,,
240453,University of Wisconsin-Milwaukee,1104,Information Science/Studies,45005.0,47440.0,222.0,27081.0,168.0
240453,University of Wisconsin-Milwaukee,1107,Computer Science,63103.0,57995.0,94.0,29000.0,109.0
240453,University of Wisconsin-Milwaukee,1401,"Engineering, General",,,,,
240453,University of Wisconsin-Milwaukee,1405,Biomedical/Medical Engineering,,,,29000.0,26.0
240453,University of Wisconsin-Milwaukee,1408,Civil Engineering,58793.0,57544.0,67.0,28000.0,63.0
240453,University of Wisconsin-Milwaukee,1409,Computer Engineering,71498.0,72482.0,20.0,,13.0
240453,University of Wisconsin-Milwaukee,1410,"Electrical, Electronics, and Communications Engineering",65770.0,67812.0,76.0,32498.0,43.0
240453,University of Wisconsin-Milwaukee,1413,Engineering Science,,,,,
240453,University of Wisconsin-Milwaukee,1414,Environmental/Environmental Health Engineering,,,,,1.0
240453,University of Wisconsin-Milwaukee,1418,Materials Engineering,61164.0,,21.0,29750.0,9.0
240453,University of Wisconsin-Milwaukee,1419,Mechanical Engineering,64477.0,66247.0,173.0,27000.0,115.0
240453,University of Wisconsin-Milwaukee,1435,Industrial Engineering,63809.0,64196.0,24.0,22536.0,20.0
240453,University of Wisconsin-Milwaukee,1436,Manufacturing Engineering,,,,,0.0
240462,University of Wisconsin-Platteville,1101,"Computer and Information Sciences, General",,62508.0,,25000.0,32.0
240462,University of Wisconsin-Platteville,1107,Computer Science,,,,,3.0
240462,University of Wisconsin-Platteville,1408,Civil Engineering,60584.0,60028.0,90.0,23522.0,83.0
240462,University of Wisconsin-Platteville,1409,Computer Engineering,66693.0,67995.0,35.0,24500.0,44.0
240462,University of Wisconsin-Platteville,1410,"Electrical, Electronics, and Communications Engineering",69776.0,71015.0,70.0,23251.0,61.0
240462,University of Wisconsin-Platteville,1412,Engineering Physics,61446.0,61218.0,33.0,27000.0,24.0
240462,University of Wisconsin-Platteville,1414,Environmental/Environmental Health Engineering,58099.0,58673.0,22.0,20457.0,27.0
240462,University of Wisconsin-Platteville,1419,Mechanical Engineering,65385.0,65585.0,240.0,26000.0,197.0
240462,University of Wisconsin-Platteville,1435,Industrial Engineering,66712.0,66701.0,56.0,27694.0,31.0
240471,University of Wisconsin-River Falls,1101,"Computer and Information Sciences, General",,,,,39.0
240471,University of Wisconsin-River Falls,1102,Computer Programming,,,,,
240471,University of Wisconsin-River Falls,1105,Computer Systems Analysis,47118.0,53358.0,33.0,23454.0,
240471,University of Wisconsin-River Falls,1107,Computer Science,,,,,0.0
240471,University of Wisconsin-River Falls,1403,Agricultural Engineering,54144.0,49269.0,20.0,23000.0,5.0
240471,University of Wisconsin-River Falls,1414,Environmental/Environmental Health Engineering,,,,,1.0
240480,University of Wisconsin-Stevens Point,1101,"Computer and Information Sciences, General",56856.0,51972.0,68.0,27000.0,17.0
240480,University of Wisconsin-Stevens Point,1107,Computer Science,,,,,1.0
240480,University of Wisconsin-Stevens Point,1108,Computer Software and Media Applications,53154.0,44170.0,37.0,24940.0,7.0
240480,University of Wisconsin-Stevens Point,1407,Chemical Engineering,75214.0,,18.0,22565.0,18.0
240480,University of Wisconsin-Stevens Point,1440,Paper Science and Engineering,75514.0,,16.0,,15.0
240727,University of Wyoming,1107,Computer Science,58867.0,61516.0,33.0,14250.0,33.0
240727,University of Wyoming,1404,Architectural Engineering,,,,,16.0
240727,University of Wyoming,1407,Chemical Engineering,54016.0,47260.0,23.0,,30.0
240727,University of Wyoming,1408,Civil Engineering,57106.0,55512.0,30.0,26000.0,38.0
240727,University of Wyoming,1409,Computer Engineering,,,,,12.0
240727,University of Wyoming,1410,"Electrical, Electronics, and Communications Engineering",,63005.0,,22419.0,16.0
240727,University of Wyoming,1419,Mechanical Engineering,60336.0,58673.0,55.0,22000.0,58.0
240727,University of Wyoming,1425,Petroleum Engineering,77157.0,73949.0,48.0,24638.0,22.0
240727,University of Wyoming,1427,Systems Engineering,,,,,
240727,University of Wyoming,1448,Energy Systems Engineering,,,,,4.0
240754,University of Guam,1101,"Computer and Information Sciences, General",,,,,8.0
240754,University of Guam,1107,Computer Science,,,,,15.0
240754,University of Guam,1408,Civil Engineering,,,,,19.0
241100,American University of Puerto Rico,1101,"Computer and Information Sciences, General",,19227.0,,,9.0
241128,American University of Puerto Rico,1101,"Computer and Information Sciences, General",,19227.0,,,7.0
241191,Universidad Adventista de las Antillas,1102,Computer Programming,,,,,4.0
241216,Atlantic University,1104,Information Science/Studies,,,,,5.0
241216,Atlantic University,1108,Computer Software and Media Applications,14203.0,15552.0,74.0,5131.0,141.0
241304,Columbia Central University-Caguas,1110,Computer/Information Technology Administration and Management,,,,29200.0,11.0
241377,Caribbean University-Bayamon,1102,Computer Programming,,,,,5.0
241377,Caribbean University-Bayamon,1408,Civil Engineering,,21964.0,,,3.0
241377,Caribbean University-Bayamon,1410,"Electrical, Electronics, and Communications Engineering",,,,,6.0
241377,Caribbean University-Bayamon,1435,Industrial Engineering,,,,,3.0
241395,Pontifical Catholic University of Puerto Rico-Arecibo,1101,"Computer and Information Sciences, General",,,,,0.0
241410,Pontifical Catholic University of Puerto Rico-Ponce,1101,"Computer and Information Sciences, General",,,,,8.0
241720,Colegio Universitario de San Juan,1104,Information Science/Studies,,,,,11.0
241739,Universidad Ana G. Mendez-Cupey Campus,1101,"Computer and Information Sciences, General",,,,,29.0
241739,Universidad Ana G. Mendez-Cupey Campus,1107,Computer Science,,,,,3.0
241836,EDP University of Puerto Rico Inc-San Sebastian,1102,Computer Programming,,,,,4.0
241836,EDP University of Puerto Rico Inc-San Sebastian,1109,Computer Systems Networking and Telecommunications,25494.0,28236.0,25.0,,4.0
242617,Inter American University of Puerto Rico-San German,1101,"Computer and Information Sciences, General",,,,,0.0
242617,Inter American University of Puerto Rico-San German,1107,Computer Science,,,,11500.0,17.0
242626,Inter American University of Puerto Rico-Aguadilla,1101,"Computer and Information Sciences, General",,,,,11.0
242626,Inter American University of Puerto Rico-Aguadilla,1107,Computer Science,,,,,35.0
242626,Inter American University of Puerto Rico-Aguadilla,1109,Computer Systems Networking and Telecommunications,,29685.0,,,1.0
242635,Inter American University of Puerto Rico-Arecibo,1107,Computer Science,,25194.0,,5500.0,23.0
242644,Inter American University of Puerto Rico-Barranquitas,1107,Computer Science,,,,,9.0
242653,Inter American University of Puerto Rico-Metro,1101,"Computer and Information Sciences, General",,,,,4.0
242653,Inter American University of Puerto Rico-Metro,1107,Computer Science,,,,,18.0
242662,Inter American University of Puerto Rico-Ponce,1107,Computer Science,26265.0,,16.0,9833.0,23.0
242662,Inter American University of Puerto Rico-Ponce,1109,Computer Systems Networking and Telecommunications,,,,,6.0
242662,Inter American University of Puerto Rico-Ponce,1110,Computer/Information Technology Administration and Management,,,,,
242680,Inter American University of Puerto Rico-Fajardo,1107,Computer Science,,,,,7.0
242680,Inter American University of Puerto Rico-Fajardo,1109,Computer Systems Networking and Telecommunications,,,,,3.0
242699,Inter American University of Puerto Rico-Guayama,1109,Computer Systems Networking and Telecommunications,,,,,0.0
242705,Inter American University of Puerto Rico-Bayamon,1107,Computer Science,26017.0,,18.0,5500.0,18.0
242705,Inter American University of Puerto Rico-Bayamon,1108,Computer Software and Media Applications,,,,,1.0
242705,Inter American University of Puerto Rico-Bayamon,1109,Computer Systems Networking and Telecommunications,17174.0,16730.0,28.0,,0.0
242705,Inter American University of Puerto Rico-Bayamon,1110,Computer/Information Technology Administration and Management,,,,,2.0
242705,Inter American University of Puerto Rico-Bayamon,1410,"Electrical, Electronics, and Communications Engineering",28300.0,24912.0,32.0,19587.0,16.0
242705,Inter American University of Puerto Rico-Bayamon,1419,Mechanical Engineering,,34526.0,,17550.0,25.0
242705,Inter American University of Puerto Rico-Bayamon,1435,Industrial Engineering,32617.0,38829.0,17.0,12000.0,26.0
242972,NUC University,1101,"Computer and Information Sciences, General",,,,38731.0,26.0
242972,NUC University,1102,Computer Programming,,,,,11.0
242972,NUC University,1108,Computer Software and Media Applications,,,,,12.0
242972,NUC University,1109,Computer Systems Networking and Telecommunications,23154.0,27494.0,65.0,23500.0,45.0
242972,NUC University,1110,Computer/Information Technology Administration and Management,,,,29200.0,18.0
243115,University of Puerto Rico-Arecibo,1101,"Computer and Information Sciences, General",31807.0,,23.0,,
243115,University of Puerto Rico-Arecibo,1107,Computer Science,,,,,17.0
243133,University of Puerto Rico,1101,"Computer and Information Sciences, General",,,,,25.0
243179,University of Puerto Rico-Humacao,1419,Mechanical Engineering,,,,,
243179,University of Puerto Rico-Humacao,1435,Industrial Engineering,,,,,
243197,University of Puerto Rico-Mayaguez,1105,Computer Systems Analysis,,,,,26.0
243197,University of Puerto Rico-Mayaguez,1107,Computer Science,36602.0,68320.0,18.0,,9.0
243197,University of Puerto Rico-Mayaguez,1403,Agricultural Engineering,,,,,0.0
243197,University of Puerto Rico-Mayaguez,1407,Chemical Engineering,48049.0,54463.0,84.0,7250.0,93.0
243197,University of Puerto Rico-Mayaguez,1408,Civil Engineering,46376.0,46673.0,67.0,9053.0,62.0
243197,University of Puerto Rico-Mayaguez,1409,Computer Engineering,72440.0,71734.0,83.0,10300.0,111.0
243197,University of Puerto Rico-Mayaguez,1410,"Electrical, Electronics, and Communications Engineering",65486.0,62579.0,129.0,10000.0,77.0
243197,University of Puerto Rico-Mayaguez,1419,Mechanical Engineering,63460.0,63302.0,146.0,7625.0,141.0
243197,University of Puerto Rico-Mayaguez,1435,Industrial Engineering,49436.0,43575.0,79.0,9500.0,97.0
243212,University of Puerto Rico at Ponce,1101,"Computer and Information Sciences, General",,16169.0,,,21.0
243221,University of Puerto Rico-Rio Piedras,1107,Computer Science,,,,,20.0
243221,University of Puerto Rico-Rio Piedras,1409,Computer Engineering,,,,,
243221,University of Puerto Rico-Rio Piedras,1410,"Electrical, Electronics, and Communications Engineering",,,,,
243346,Universidad Ana G. Mendez-Carolina Campus,1101,"Computer and Information Sciences, General",,,,,22.0
243346,Universidad Ana G. Mendez-Carolina Campus,1110,Computer/Information Technology Administration and Management,,,,,7.0
243443,Universidad del Sagrado Corazon,1101,"Computer and Information Sciences, General",,,,,3.0
243443,Universidad del Sagrado Corazon,1108,Computer Software and Media Applications,,,,,0.0
243577,Universidad Politecnica de Puerto Rico,1101,"Computer and Information Sciences, General",,,,,33.0
243577,Universidad Politecnica de Puerto Rico,1107,Computer Science,,,,,
243577,Universidad Politecnica de Puerto Rico,1405,Biomedical/Medical Engineering,,,,,64.0
243577,Universidad Politecnica de Puerto Rico,1407,Chemical Engineering,,,,,20.0
243577,Universidad Politecnica de Puerto Rico,1408,Civil Engineering,,24615.0,,,22.0
243577,Universidad Politecnica de Puerto Rico,1409,Computer Engineering,,,,,50.0
243577,Universidad Politecnica de Puerto Rico,1410,"Electrical, Electronics, and Communications Engineering",,40467.0,,,64.0
243577,Universidad Politecnica de Puerto Rico,1414,Environmental/Environmental Health Engineering,,,,,9.0
243577,Universidad Politecnica de Puerto Rico,1419,Mechanical Engineering,,33993.0,,,80.0
243577,Universidad Politecnica de Puerto Rico,1435,Industrial Engineering,,25194.0,,23182.0,46.0
243586,Pontifical Catholic University of Puerto Rico-Mayaguez,1101,"Computer and Information Sciences, General",,,,,6.0
243601,Universidad Ana G. Mendez-Gurabo Campus,1101,"Computer and Information Sciences, General",25756.0,25856.0,76.0,17145.0,49.0
243601,Universidad Ana G. Mendez-Gurabo Campus,1408,Civil Engineering,,,,,5.0
243601,Universidad Ana G. Mendez-Gurabo Campus,1409,Computer Engineering,,25194.0,,,8.0
243601,Universidad Ana G. Mendez-Gurabo Campus,1410,"Electrical, Electronics, and Communications Engineering",37622.0,,21.0,16500.0,42.0
243601,Universidad Ana G. Mendez-Gurabo Campus,1419,Mechanical Engineering,36383.0,39369.0,38.0,16197.0,39.0
243665,University of the Virgin Islands,1107,Computer Science,,,,,5.0
243744,Stanford University,1107,Computer Science,136126.0,136499.0,96.0,10399.0,277.0
243744,Stanford University,1402,"Aerospace, Aeronautical, and Astronautical/Space Engineering",,,,,6.0
243744,Stanford University,1405,Biomedical/Medical Engineering,,,,,33.0
243744,Stanford University,1407,Chemical Engineering,,91744.0,,,12.0
243744,Stanford University,1408,Civil Engineering,,,,,6.0
243744,Stanford University,1410,"Electrical, Electronics, and Communications Engineering",,84653.0,,,43.0
243744,Stanford University,1414,Environmental/Environmental Health Engineering,,,,,11.0
243744,Stanford University,1418,Materials Engineering,,,,,10.0
243744,Stanford University,1419,Mechanical Engineering,67007.0,78343.0,39.0,,49.0
243744,Stanford University,1499,"Engineering, Other",55933.0,57995.0,48.0,7500.0,91.0
243780,Purdue University-Main Campus,1101,"Computer and Information Sciences, General",67558.0,68499.0,134.0,19985.0,259.0
243780,Purdue University-Main Campus,1107,Computer Science,81749.0,85981.0,174.0,19375.0,439.0
243780,Purdue University-Main Campus,1108,Computer Software and Media Applications,35435.0,37424.0,100.0,21250.0,233.0
243780,Purdue University-Main Campus,1110,Computer/Information Technology Administration and Management,,,,,0.0
243780,Purdue University-Main Campus,1402,"Aerospace, Aeronautical, and Astronautical/Space Engineering",62537.0,63643.0,120.0,21500.0,298.0
243780,Purdue University-Main Campus,1403,Agricultural Engineering,63560.0,63997.0,45.0,20000.0,85.0
243780,Purdue University-Main Campus,1405,Biomedical/Medical Engineering,62226.0,63997.0,46.0,19500.0,112.0
243780,Purdue University-Main Campus,1407,Chemical Engineering,75967.0,69897.0,121.0,21500.0,164.0
243780,Purdue University-Main Campus,1408,Civil Engineering,66084.0,62707.0,80.0,19500.0,173.0
243780,Purdue University-Main Campus,1409,Computer Engineering,76843.0,72448.0,60.0,23000.0,297.0
243780,Purdue University-Main Campus,1410,"Electrical, Electronics, and Communications Engineering",73421.0,69338.0,84.0,19000.0,203.0
243780,Purdue University-Main Campus,1414,Environmental/Environmental Health Engineering,62853.0,,30.0,16316.0,58.0
243780,Purdue University-Main Campus,1418,Materials Engineering,69257.0,68499.0,31.0,21335.0,74.0
243780,Purdue University-Main Campus,1419,Mechanical Engineering,73563.0,71255.0,215.0,19937.0,430.0
243780,Purdue University-Main Campus,1423,Nuclear Engineering,63891.0,,19.0,20500.0,29.0
243780,Purdue University-Main Campus,1433,Construction Engineering,,78343.0,,24250.0,34.0
243780,Purdue University-Main Campus,1435,Industrial Engineering,70780.0,70057.0,111.0,19427.0,262.0
243780,Purdue University-Main Campus,1499,"Engineering, Other",61803.0,58673.0,29.0,20000.0,39.0
243823,Parker University,1101,"Computer and Information Sciences, General",,,,,4.0
243832,EDP University of Puerto Rico Inc-San Juan,1102,Computer Programming,,,,,2.0
243832,EDP University of Puerto Rico Inc-San Juan,1109,Computer Systems Networking and Telecommunications,25494.0,28236.0,25.0,,3.0
245953,Mid-America Christian University,1110,Computer/Information Technology Administration and Management,,,,,0.0
246813,Athens Technical College,1110,Computer/Information Technology Administration and Management,,,,,
247649,Landmark College,1107,Computer Science,,,,,2.0
247834,Collin County Community College District,1110,Computer/Information Technology Administration and Management,,,,,15.0
248934,ECPI University,1101,"Computer and Information Sciences, General",37437.0,44728.0,29.0,39069.0,
248934,ECPI University,1102,Computer Programming,43195.0,43054.0,105.0,38078.0,93.0
248934,ECPI University,1110,Computer/Information Technology Administration and Management,46142.0,44221.0,422.0,38120.0,406.0
251312,South University-Columbia,1104,Information Science/Studies,39831.0,44418.0,143.0,52173.0,1.0
260789,Platt College-Los Angeles,1101,"Computer and Information Sciences, General",,,,,0.0
260789,Platt College-Los Angeles,1110,Computer/Information Technology Administration and Management,,,,,
262086,University of Massachusetts Global,1101,"Computer and Information Sciences, General",,,,,38.0
363907,Caribbean University-Ponce,1102,Computer Programming,,,,,1.0
363907,Caribbean University-Ponce,1408,Civil Engineering,,21964.0,,,11.0
363907,Caribbean University-Ponce,1410,"Electrical, Electronics, and Communications Engineering",,,,,28.0
363907,Caribbean University-Ponce,1435,Industrial Engineering,,,,,6.0
363934,University of Advancing Technology,1101,"Computer and Information Sciences, General",51123.0,86129.0,28.0,,5.0
363934,University of Advancing Technology,1102,Computer Programming,49239.0,52941.0,56.0,30562.0,21.0
363934,University of Advancing Technology,1104,Information Science/Studies,,,,,0.0
363934,University of Advancing Technology,1107,Computer Science,,,,,22.0
363934,University of Advancing Technology,1108,Computer Software and Media Applications,23801.0,25580.0,55.0,,1.0
363934,University of Advancing Technology,1110,Computer/Information Technology Administration and Management,,,,,3.0
363934,University of Advancing Technology,1442,"Mechatronics, Robotics, and Automation Engineering",,,,,
366252,Pennsylvania College of Technology,1101,"Computer and Information Sciences, General",,,,31000.0,10.0
366252,Pennsylvania College of Technology,1108,Computer Software and Media Applications,45469.0,37208.0,45.0,28360.0,17.0
366252,Pennsylvania College of Technology,1109,Computer Systems Networking and Telecommunications,43862.0,,20.0,27000.0,16.0
366252,Pennsylvania College of Technology,1110,Computer/Information Technology Administration and Management,,,,29425.0,16.0
366252,Pennsylvania College of Technology,1408,Civil Engineering,,,,,25.0
366252,Pennsylvania College of Technology,1432,Polymer/Plastics Engineering,,,,27875.0,26.0
366553,Southern Technical College,1103,Data Processing,,,,,
366711,California State University-San Marcos,1105,Computer Systems Analysis,57393.0,,20.0,,
366711,California State University-San Marcos,1107,Computer Science,58962.0,71015.0,113.0,12850.0,127.0
366711,California State University-San Marcos,1409,Computer Engineering,,,,,32.0
366711,California State University-San Marcos,1410,"Electrical, Electronics, and Communications Engineering",,,,,
367884,Hodges University,1102,Computer Programming,,,,,3.0
367884,Hodges University,1108,Computer Software and Media Applications,,,,,4.0
367884,Hodges University,1109,Computer Systems Networking and Telecommunications,,,,,2.0
367884,Hodges University,1110,Computer/Information Technology Administration and Management,,,,,2.0
368452,Nossi College of Art and Design,1108,Computer Software and Media Applications,,,,,2.0
377555,University of Washington-Bothell Campus,1101,"Computer and Information Sciences, General",67196.0,71575.0,527.0,16277.0,49.0
377555,University of Washington-Bothell Campus,1102,Computer Programming,,,,,0.0
377555,University of Washington-Bothell Campus,1104,Information Science/Studies,,,,,0.0
377555,University of Washington-Bothell Campus,1105,Computer Systems Analysis,,,,,0.0
377555,University of Washington-Bothell Campus,1107,Computer Science,101710.0,101221.0,236.0,16118.0,246.0
377555,University of Washington-Bothell Campus,1108,Computer Software and Media Applications,28147.0,29685.0,27.0,14500.0,26.0
377555,University of Washington-Bothell Campus,1199,"Computer and Information Sciences and Support Services, Other",,,,,0.0
377555,University of Washington-Bothell Campus,1409,Computer Engineering,137584.0,120252.0,33.0,16127.0,12.0
377555,University of Washington-Bothell Campus,1410,"Electrical, Electronics, and Communications Engineering",73856.0,70961.0,181.0,15000.0,76.0
377555,University of Washington-Bothell Campus,1419,Mechanical Engineering,66636.0,61218.0,114.0,15000.0,59.0
377564,University of Washington-Tacoma Campus,1101,"Computer and Information Sciences, General",67196.0,71575.0,527.0,16277.0,276.0
377564,University of Washington-Tacoma Campus,1408,Civil Engineering,65357.0,66342.0,89.0,14874.0,0.0
377564,University of Washington-Tacoma Campus,1409,Computer Engineering,137584.0,120252.0,33.0,16127.0,0.0
377564,University of Washington-Tacoma Campus,1410,"Electrical, Electronics, and Communications Engineering",73856.0,70961.0,181.0,15000.0,24.0
377564,University of Washington-Tacoma Campus,1419,Mechanical Engineering,66636.0,61218.0,114.0,15000.0,0.0
377661,Valley College-Martinsburg,1109,Computer Systems Networking and Telecommunications,,,,,5.0
380359,Bay Mills Community College,1101,"Computer and Information Sciences, General",,,,,0.0
384254,Beacon College,1101,"Computer and Information Sciences, General",,,,,13.0
384254,Beacon College,1108,Computer Software and Media Applications,,,,,10.0
384412,University of the Potomac-Washington DC Campus,1110,Computer/Information Technology Administration and Management,,,,,0.0
386472,Herzing University-Orlando,1102,Computer Programming,53952.0,62260.0,25.0,31050.0,1.0
386472,Herzing University-Orlando,1110,Computer/Information Technology Administration and Management,47053.0,48432.0,48.0,41837.0,0.0
399869,Southern California Institute of Technology,1107,Computer Science,,45529.0,,,5.0
399869,Southern California Institute of Technology,1405,Biomedical/Medical Engineering,57237.0,58221.0,19.0,38130.0,3.0
399869,Southern California Institute of Technology,1410,"Electrical, Electronics, and Communications Engineering",63708.0,58673.0,81.0,35989.0,18.0
408844,Florida National University-Main Campus,1101,"Computer and Information Sciences, General",,,,,9.0
409315,South Texas College,1101,"Computer and Information Sciences, General",35074.0,34704.0,40.0,6967.0,87.0
409698,California State University-Monterey Bay,1101,"Computer and Information Sciences, General",55008.0,60049.0,51.0,,0.0
409698,California State University-Monterey Bay,1107,Computer Science,59412.0,61516.0,111.0,16500.0,191.0
413413,Capella University,1101,"Computer and Information Sciences, General",70464.0,67420.0,111.0,37539.0,82.0
413413,Capella University,1102,Computer Programming,,,,,22.0
413413,Capella University,1103,Data Processing,,,,,10.0
413413,Capella University,1108,Computer Software and Media Applications,,,,,1.0
413413,Capella University,1109,Computer Systems Networking and Telecommunications,,,,,7.0
413413,Capella University,1110,Computer/Information Technology Administration and Management,78621.0,84021.0,117.0,43435.0,91.0
413413,Capella University,1199,"Computer and Information Sciences and Support Services, Other",52456.0,94408.0,25.0,41547.0,0.0
414878,Trine University-Regional/Non-Traditional Campuses,1104,Information Science/Studies,,,,,4.0
420042,University of Phoenix-Hawaii,1101,"Computer and Information Sciences, General",51875.0,67660.0,954.0,41693.0,2.0
420042,University of Phoenix-Hawaii,1110,Computer/Information Technology Administration and Management,51250.0,49842.0,356.0,46262.0,0.0
421832,Living Arts College,1108,Computer Software and Media Applications,,20140.0,,30417.0,10.0
426314,Embry-Riddle Aeronautical University-Worldwide,1402,"Aerospace, Aeronautical, and Astronautical/Space Engineering",64540.0,65080.0,280.0,26995.0,39.0
430184,Strayer University-Maryland,1101,"Computer and Information Sciences, General",59686.0,61144.0,298.0,50737.0,42.0
430184,Strayer University-Maryland,1104,Information Science/Studies,66456.0,65355.0,270.0,53250.0,15.0
430184,Strayer University-Maryland,1110,Computer/Information Technology Administration and Management,,,,,0.0
433387,Western Governors University,1101,"Computer and Information Sciences, General",74868.0,74056.0,1551.0,23167.0,659.0
433387,Western Governors University,1102,Computer Programming,,,,,619.0
433387,Western Governors University,1107,Computer Science,,,,17796.0,698.0
433387,Western Governors University,1108,Computer Software and Media Applications,,,,23287.0,201.0
433387,Western Governors University,1109,Computer Systems Networking and Telecommunications,,,,,219.0
433387,Western Governors University,1110,Computer/Information Technology Administration and Management,,,,16194.0,1536.0
433387,Western Governors University,1409,Computer Engineering,,,,,
433536,Herzing University-New Orleans,1102,Computer Programming,53952.0,62260.0,25.0,31050.0,1.0
433536,Herzing University-New Orleans,1110,Computer/Information Technology Administration and Management,47053.0,48432.0,48.0,41837.0,0.0
433660,Florida Gulf Coast University,1101,"Computer and Information Sciences, General",,,,,4.0
433660,Florida Gulf Coast University,1405,Biomedical/Medical Engineering,48944.0,46769.0,35.0,23000.0,20.0
433660,Florida Gulf Coast University,1408,Civil Engineering,54799.0,57318.0,46.0,19480.0,48.0
433660,Florida Gulf Coast University,1409,Computer Engineering,57910.0,59722.0,59.0,25000.0,68.0
433660,Florida Gulf Coast University,1414,Environmental/Environmental Health Engineering,54874.0,57318.0,20.0,19929.0,22.0
434900,Dewey University-Carolina,1102,Computer Programming,,,,,2.0
436818,University of Connecticut-Waterbury Campus,1101,"Computer and Information Sciences, General",65730.0,67846.0,33.0,19591.0,0.0
436818,University of Connecticut-Waterbury Campus,1107,Computer Science,71033.0,79473.0,73.0,25000.0,0.0
436818,University of Connecticut-Waterbury Campus,1401,"Engineering, General",,,,,0.0
436818,University of Connecticut-Waterbury Campus,1405,Biomedical/Medical Engineering,62219.0,58866.0,85.0,26974.0,0.0
436818,University of Connecticut-Waterbury Campus,1407,Chemical Engineering,62568.0,66989.0,83.0,25898.0,0.0
436818,University of Connecticut-Waterbury Campus,1408,Civil Engineering,62972.0,67061.0,96.0,23825.0,0.0
436818,University of Connecticut-Waterbury Campus,1409,Computer Engineering,71802.0,74262.0,128.0,20108.0,0.0
436818,University of Connecticut-Waterbury Campus,1410,"Electrical, Electronics, and Communications Engineering",72181.0,70917.0,78.0,27000.0,0.0
436818,University of Connecticut-Waterbury Campus,1412,Engineering Physics,,,,,0.0
436818,University of Connecticut-Waterbury Campus,1414,Environmental/Environmental Health Engineering,58517.0,58221.0,25.0,21738.0,0.0
436818,University of Connecticut-Waterbury Campus,1418,Materials Engineering,69167.0,61303.0,40.0,27000.0,0.0
436818,University of Connecticut-Waterbury Campus,1419,Mechanical Engineering,68876.0,69013.0,172.0,23000.0,1.0
436818,University of Connecticut-Waterbury Campus,1435,Industrial Engineering,72315.0,82440.0,24.0,24889.0,0.0
436827,University of Connecticut-Avery Point,1101,"Computer and Information Sciences, General",65730.0,67846.0,33.0,19591.0,0.0
436827,University of Connecticut-Avery Point,1107,Computer Science,71033.0,79473.0,73.0,25000.0,0.0
436827,University of Connecticut-Avery Point,1401,"Engineering, General",,,,,0.0
436827,University of Connecticut-Avery Point,1405,Biomedical/Medical Engineering,62219.0,58866.0,85.0,26974.0,0.0
436827,University of Connecticut-Avery Point,1407,Chemical Engineering,62568.0,66989.0,83.0,25898.0,0.0
436827,University of Connecticut-Avery Point,1408,Civil Engineering,62972.0,67061.0,96.0,23825.0,0.0
436827,University of Connecticut-Avery Point,1409,Computer Engineering,71802.0,74262.0,128.0,20108.0,0.0
436827,University of Connecticut-Avery Point,1410,"Electrical, Electronics, and Communications Engineering",72181.0,70917.0,78.0,27000.0,0.0
436827,University of Connecticut-Avery Point,1412,Engineering Physics,,,,,0.0
436827,University of Connecticut-Avery Point,1414,Environmental/Environmental Health Engineering,58517.0,58221.0,25.0,21738.0,0.0
436827,University of Connecticut-Avery Point,1418,Materials Engineering,69167.0,61303.0,40.0,27000.0,0.0
436827,University of Connecticut-Avery Point,1419,Mechanical Engineering,68876.0,69013.0,172.0,23000.0,1.0
436827,University of Connecticut-Avery Point,1435,Industrial Engineering,72315.0,82440.0,24.0,24889.0,0.0
436836,University of Connecticut-Stamford,1101,"Computer and Information Sciences, General",65730.0,67846.0,33.0,19591.0,0.0
436836,University of Connecticut-Stamford,1107,Computer Science,71033.0,79473.0,73.0,25000.0,0.0
436836,University of Connecticut-Stamford,1401,"Engineering, General",,,,,0.0
436836,University of Connecticut-Stamford,1405,Biomedical/Medical Engineering,62219.0,58866.0,85.0,26974.0,0.0
436836,University of Connecticut-Stamford,1407,Chemical Engineering,62568.0,66989.0,83.0,25898.0,0.0
436836,University of Connecticut-Stamford,1408,Civil Engineering,62972.0,67061.0,96.0,23825.0,0.0
436836,University of Connecticut-Stamford,1409,Computer Engineering,71802.0,74262.0,128.0,20108.0,0.0
436836,University of Connecticut-Stamford,1410,"Electrical, Electronics, and Communications Engineering",72181.0,70917.0,78.0,27000.0,0.0
436836,University of Connecticut-Stamford,1412,Engineering Physics,,,,,0.0
436836,University of Connecticut-Stamford,1414,Environmental/Environmental Health Engineering,58517.0,58221.0,25.0,21738.0,0.0
436836,University of Connecticut-Stamford,1418,Materials Engineering,69167.0,61303.0,40.0,27000.0,0.0
436836,University of Connecticut-Stamford,1419,Mechanical Engineering,68876.0,69013.0,172.0,23000.0,1.0
436836,University of Connecticut-Stamford,1435,Industrial Engineering,72315.0,82440.0,24.0,24889.0,0.0
437097,University of Management and Technology,1101,"Computer and Information Sciences, General",,,,,9.0
437097,University of Management and Technology,1107,Computer Science,,,,,4.0
438498,Stratford University,1101,"Computer and Information Sciences, General",76268.0,52107.0,18.0,49394.0,
438586,American InterContinental University-Atlanta,1101,"Computer and Information Sciences, General",45331.0,45207.0,167.0,45606.0,16.0
439190,Cascadia College,1102,Computer Programming,,,,,9.0
440749,National American University-Ellsworth,1101,"Computer and Information Sciences, General",53242.0,40551.0,35.0,53229.0,0.0
440749,National American University-Ellsworth,1108,Computer Software and Media Applications,,,,,0.0
440749,National American University-Ellsworth,1109,Computer Systems Networking and Telecommunications,,,,,0.0
440749,National American University-Ellsworth,1110,Computer/Information Technology Administration and Management,39835.0,,16.0,,0.0
440828,Oregon State University-Cascades Campus,1107,Computer Science,74600.0,73446.0,604.0,26000.0,34.0
440828,Oregon State University-Cascades Campus,1403,Agricultural Engineering,49575.0,48041.0,20.0,25000.0,0.0
440828,Oregon State University-Cascades Campus,1404,Architectural Engineering,,,,,0.0
440828,Oregon State University-Cascades Campus,1405,Biomedical/Medical Engineering,45073.0,46790.0,27.0,23657.0,2.0
440828,Oregon State University-Cascades Campus,1407,Chemical Engineering,62085.0,63600.0,96.0,24750.0,2.0
440828,Oregon State University-Cascades Campus,1408,Civil Engineering,63966.0,63430.0,101.0,25000.0,4.0
440828,Oregon State University-Cascades Campus,1410,"Electrical, Electronics, and Communications Engineering",70654.0,73035.0,121.0,24167.0,4.0
440828,Oregon State University-Cascades Campus,1414,Environmental/Environmental Health Engineering,41541.0,50856.0,23.0,,0.0
440828,Oregon State University-Cascades Campus,1419,Mechanical Engineering,66476.0,62863.0,213.0,24666.0,12.0
440828,Oregon State University-Cascades Campus,1423,Nuclear Engineering,47169.0,46087.0,21.0,27000.0,0.0
440828,Oregon State University-Cascades Campus,1433,Construction Engineering,73542.0,71295.0,91.0,27000.0,2.0
440828,Oregon State University-Cascades Campus,1434,Forest Engineering,50115.0,53608.0,42.0,20750.0,1.0
440828,Oregon State University-Cascades Campus,1435,Industrial Engineering,65943.0,67420.0,45.0,25437.0,1.0
440828,Oregon State University-Cascades Campus,1436,Manufacturing Engineering,,69338.0,,21457.0,3.0
440828,Oregon State University-Cascades Campus,1499,"Engineering, Other",63172.0,64493.0,33.0,31000.0,0.0
440916,Southern University Law Center,1107,Computer Science,40491.0,32382.0,19.0,30250.0,4.0
440916,Southern University Law Center,1408,Civil Engineering,51400.0,49019.0,17.0,32162.0,1.0
440916,Southern University Law Center,1410,"Electrical, Electronics, and Communications Engineering",44920.0,52107.0,18.0,,1.0
440916,Southern University Law Center,1419,Mechanical Engineering,72173.0,51187.0,26.0,29500.0,4.0
441900,Nevada State University,1101,"Computer and Information Sciences, General",,,,,0.0
441937,California State University-Channel Islands,1101,"Computer and Information Sciences, General",,47260.0,,,15.0
441937,California State University-Channel Islands,1107,Computer Science,65899.0,73635.0,54.0,18750.0,66.0
441937,California State University-Channel Islands,1499,"Engineering, Other",,,,,10.0
441982,Franklin W Olin College of Engineering,1401,"Engineering, General",91352.0,75706.0,37.0,14512.0,38.0
441982,Franklin W Olin College of Engineering,1410,"Electrical, Electronics, and Communications Engineering",,76460.0,,,19.0
441982,Franklin W Olin College of Engineering,1419,Mechanical Engineering,,78343.0,,,15.0
442569,University of Arkansas Grantham,1101,"Computer and Information Sciences, General",,,,,1.0
442569,University of Arkansas Grantham,1104,Information Science/Studies,,,,,15.0
442569,University of Arkansas Grantham,1107,Computer Science,53538.0,64990.0,45.0,44701.0,31.0
442569,University of Arkansas Grantham,1110,Computer/Information Technology Administration and Management,,,,32853.0,24.0
443410,DigiPen Institute of Technology,1101,"Computer and Information Sciences, General",,,,,
443410,DigiPen Institute of Technology,1102,Computer Programming,80803.0,76998.0,88.0,27000.0,64.0
443410,DigiPen Institute of Technology,1108,Computer Software and Media Applications,,,,27000.0,36.0
443410,DigiPen Institute of Technology,1409,Computer Engineering,,,,,4.0
443562,Dewey University-Hato Rey,1108,Computer Software and Media Applications,,,,,1.0
443650,Miller-Motte College-Chattanooga,1101,"Computer and Information Sciences, General",,,,,0.0
443650,Miller-Motte College-Chattanooga,1108,Computer Software and Media Applications,,,,,0.0
443650,Miller-Motte College-Chattanooga,1109,Computer Systems Networking and Telecommunications,,,,,0.0
443650,Miller-Motte College-Chattanooga,1110,Computer/Information Technology Administration and Management,,,,,0.0
443766,Strayer University-Tennessee,1101,"Computer and Information Sciences, General",59686.0,61144.0,298.0,50737.0,14.0
443766,Strayer University-Tennessee,1104,Information Science/Studies,66456.0,65355.0,270.0,53250.0,1.0
443766,Strayer University-Tennessee,1110,Computer/Information Technology Administration and Management,,,,,0.0
443784,Strayer University-Pennsylvania,1101,"Computer and Information Sciences, General",59686.0,61144.0,298.0,50737.0,3.0
443784,Strayer University-Pennsylvania,1104,Information Science/Studies,66456.0,65355.0,270.0,53250.0,11.0
443784,Strayer University-Pennsylvania,1110,Computer/Information Technology Administration and Management,,,,,0.0
445027,American InterContinental University System,1101,"Computer and Information Sciences, General",45331.0,45207.0,167.0,45606.0,134.0
445027,American InterContinental University System,1107,Computer Science,,,,,38.0
445133,American InterContinental University-Houston,1101,"Computer and Information Sciences, General",45331.0,45207.0,167.0,45606.0,11.0
445188,University of California-Merced,1405,Biomedical/Medical Engineering,38420.0,39729.0,42.0,21234.0,37.0
445188,University of California-Merced,1409,Computer Engineering,54675.0,55286.0,90.0,19086.0,219.0
445188,University of California-Merced,1414,Environmental/Environmental Health Engineering,40917.0,38721.0,33.0,21665.0,22.0
445188,University of California-Merced,1418,Materials Engineering,,,,,3.0
445188,University of California-Merced,1419,Mechanical Engineering,55936.0,51392.0,153.0,18500.0,184.0
445267,Central Methodist University-College of Graduate and Extended Studies,1101,"Computer and Information Sciences, General",,,,,3.0
445267,Central Methodist University-College of Graduate and Extended Studies,1107,Computer Science,,,,25000.0,14.0
445267,Central Methodist University-College of Graduate and Extended Studies,1109,Computer Systems Networking and Telecommunications,,,,,1.0
445692,Neumont College of Computer Science,1102,Computer Programming,70731.0,80095.0,38.0,,29.0
445692,Neumont College of Computer Science,1108,Computer Software and Media Applications,74119.0,72274.0,44.0,,34.0
445692,Neumont College of Computer Science,1110,Computer/Information Technology Administration and Management,60015.0,61218.0,35.0,,14.0
446561,Stanbridge University,1110,Computer/Information Technology Administration and Management,,,,,
446640,Harrisburg University of Science and Technology,1101,"Computer and Information Sciences, General",38866.0,38289.0,17.0,29750.0,19.0
446640,Harrisburg University of Science and Technology,1110,Computer/Information Technology Administration and Management,,,,,0.0
447050,United States University,1101,"Computer and Information Sciences, General",,,,,0.0
447458,SAE Expression College,1108,Computer Software and Media Applications,,46673.0,,,
447689,Georgia Gwinnett College,1101,"Computer and Information Sciences, General",,60320.0,,,143.0
448673,Rasmussen University-Illinois,1104,Information Science/Studies,,,,22632.0,0.0
448673,Rasmussen University-Illinois,1107,Computer Science,56886.0,55964.0,121.0,38409.0,0.0
448673,Rasmussen University-Illinois,1110,Computer/Information Technology Administration and Management,52103.0,50515.0,65.0,47579.0,1.0
449038,Strayer University-Florida,1101,"Computer and Information Sciences, General",59686.0,61144.0,298.0,50737.0,22.0
449038,Strayer University-Florida,1104,Information Science/Studies,66456.0,65355.0,270.0,53250.0,2.0
449038,Strayer University-Florida,1110,Computer/Information Technology Administration and Management,,,,,0.0
449339,American Public University System,1101,"Computer and Information Sciences, General",56355.0,52107.0,114.0,21544.0,253.0
449339,American Public University System,1110,Computer/Information Technology Administration and Management,63468.0,60192.0,283.0,24564.0,369.0
449339,American Public University System,1410,"Electrical, Electronics, and Communications Engineering",,,,,16.0
449898,South University-Tampa,1104,Information Science/Studies,39831.0,44418.0,143.0,52173.0,1.0
450298,Strayer University-Delaware,1101,"Computer and Information Sciences, General",59686.0,61144.0,298.0,50737.0,3.0
450298,Strayer University-Delaware,1104,Information Science/Studies,66456.0,65355.0,270.0,53250.0,0.0
450298,Strayer University-Delaware,1110,Computer/Information Technology Administration and Management,,,,,0.0
450377,Strayer University-Alabama,1101,"Computer and Information Sciences, General",59686.0,61144.0,298.0,50737.0,10.0
450377,Strayer University-Alabama,1104,Information Science/Studies,66456.0,65355.0,270.0,53250.0,4.0
450377,Strayer University-Alabama,1110,Computer/Information Technology Administration and Management,,,,,0.0
450571,Rasmussen University-Wisconsin,1104,Information Science/Studies,,,,22632.0,0.0
450571,Rasmussen University-Wisconsin,1107,Computer Science,56886.0,55964.0,121.0,38409.0,0.0
450571,Rasmussen University-Wisconsin,1110,Computer/Information Technology Administration and Management,52103.0,50515.0,65.0,47579.0,0.0
450933,Columbia Southern University,1101,"Computer and Information Sciences, General",47097.0,58092.0,43.0,28578.0,85.0
450933,Columbia Southern University,1110,Computer/Information Technology Administration and Management,,,,34056.0,70.0
451820,The Art Institute of Austin,1108,Computer Software and Media Applications,27193.0,37208.0,72.0,40667.0,2.0
453163,Strayer University-North Carolina,1101,"Computer and Information Sciences, General",59686.0,61144.0,298.0,50737.0,0.0
453163,Strayer University-North Carolina,1104,Information Science/Studies,66456.0,65355.0,270.0,53250.0,29.0
453163,Strayer University-North Carolina,1110,Computer/Information Technology Administration and Management,,,,,0.0
453215,Strayer University-New Jersey,1101,"Computer and Information Sciences, General",59686.0,61144.0,298.0,50737.0,0.0
453215,Strayer University-New Jersey,1104,Information Science/Studies,66456.0,65355.0,270.0,53250.0,3.0
453215,Strayer University-New Jersey,1110,Computer/Information Technology Administration and Management,,,,,0.0
454582,Ottawa University-Online,1104,Information Science/Studies,,,,,0.0
454786,Laurus College,1108,Computer Software and Media Applications,,,,,0.0
454786,Laurus College,1110,Computer/Information Technology Administration and Management,,,,,18.0
454865,Cambridge College of Healthcare & Technology,1110,Computer/Information Technology Administration and Management,,,,,
456481,Polytechnic University of Puerto Rico-Miami,1101,"Computer and Information Sciences, General",,,,,2.0
456490,Polytechnic University of Puerto Rico-Orlando,1107,Computer Science,,,,,1.0
456490,Polytechnic University of Puerto Rico-Orlando,1408,Civil Engineering,,24615.0,,,4.0
456490,Polytechnic University of Puerto Rico-Orlando,1409,Computer Engineering,,,,,0.0
456490,Polytechnic University of Puerto Rico-Orlando,1410,"Electrical, Electronics, and Communications Engineering",,40467.0,,,3.0
456490,Polytechnic University of Puerto Rico-Orlando,1419,Mechanical Engineering,,33993.0,,,8.0
456621,Strayer University-West Virginia,1101,"Computer and Information Sciences, General",59686.0,61144.0,298.0,50737.0,2.0
456621,Strayer University-West Virginia,1104,Information Science/Studies,66456.0,65355.0,270.0,53250.0,0.0
457688,American Business and Technology University,1109,Computer Systems Networking and Telecommunications,,,,,
457688,American Business and Technology University,1110,Computer/Information Technology Administration and Management,,,,,
458496,The Art Institute of Virginia Beach,1108,Computer Software and Media Applications,28196.0,35179.0,153.0,43092.0,2.0
458885,Strayer University-Arkansas,1101,"Computer and Information Sciences, General",59686.0,61144.0,298.0,50737.0,1.0
458885,Strayer University-Arkansas,1104,Information Science/Studies,66456.0,65355.0,270.0,53250.0,1.0
458885,Strayer University-Arkansas,1110,Computer/Information Technology Administration and Management,,,,,0.0
458919,Strayer University-Georgia,1101,"Computer and Information Sciences, General",59686.0,61144.0,298.0,50737.0,44.0
458919,Strayer University-Georgia,1104,Information Science/Studies,66456.0,65355.0,270.0,53250.0,5.0
458919,Strayer University-Georgia,1110,Computer/Information Technology Administration and Management,,,,,0.0
458955,Strayer University-Mississippi,1101,"Computer and Information Sciences, General",59686.0,61144.0,298.0,50737.0,3.0
458955,Strayer University-Mississippi,1104,Information Science/Studies,66456.0,65355.0,270.0,53250.0,0.0
458964,Strayer University-South Carolina,1101,"Computer and Information Sciences, General",59686.0,61144.0,298.0,50737.0,15.0
458964,Strayer University-South Carolina,1104,Information Science/Studies,66456.0,65355.0,270.0,53250.0,3.0
458964,Strayer University-South Carolina,1110,Computer/Information Technology Administration and Management,,,,,0.0
458973,Strayer University-Texas,1101,"Computer and Information Sciences, General",59686.0,61144.0,298.0,50737.0,25.0
458973,Strayer University-Texas,1104,Information Science/Studies,66456.0,65355.0,270.0,53250.0,4.0
458973,Strayer University-Texas,1110,Computer/Information Technology Administration and Management,,,,,0.0
458982,The Art Institute of San Antonio,1108,Computer Software and Media Applications,27193.0,37208.0,72.0,40667.0,4.0
459259,South University-Richmond,1104,Information Science/Studies,39831.0,44418.0,143.0,52173.0,1.0
459268,South University-Virginia Beach,1104,Information Science/Studies,39831.0,44418.0,143.0,52173.0,1.0
459842,Herzing University-Kenosha,1102,Computer Programming,53952.0,62260.0,25.0,31050.0,0.0
459842,Herzing University-Kenosha,1110,Computer/Information Technology Administration and Management,47053.0,48432.0,48.0,41837.0,1.0
459851,Herzing University-Brookfield,1102,Computer Programming,53952.0,62260.0,25.0,31050.0,0.0
459851,Herzing University-Brookfield,1110,Computer/Information Technology Administration and Management,47053.0,48432.0,48.0,41837.0,2.0
459949,Texas A&M University-San Antonio,1107,Computer Science,,,,,18.0
459994,Strayer University-Global Region,1101,"Computer and Information Sciences, General",59686.0,61144.0,298.0,50737.0,68.0
459994,Strayer University-Global Region,1104,Information Science/Studies,66456.0,65355.0,270.0,53250.0,15.0
459994,Strayer University-Global Region,1110,Computer/Information Technology Administration and Management,,,,,0.0
460349,Johnson & Wales University-Online,1107,Computer Science,,,,,3.0
460349,Johnson & Wales University-Online,1108,Computer Software and Media Applications,27118.0,33281.0,61.0,27000.0,2.0
460376,Fairfax University of America,1107,Computer Science,,,,,2.0
461759,Simmons College of Kentucky,1101,"Computer and Information Sciences, General",,,,,0.0
461795,North American University,1107,Computer Science,,,,,10.0
463056,University of Connecticut-Hartford Campus,1101,"Computer and Information Sciences, General",65730.0,67846.0,33.0,19591.0,0.0
463056,University of Connecticut-Hartford Campus,1107,Computer Science,71033.0,79473.0,73.0,25000.0,0.0
463056,University of Connecticut-Hartford Campus,1401,"Engineering, General",,,,,0.0
463056,University of Connecticut-Hartford Campus,1405,Biomedical/Medical Engineering,62219.0,58866.0,85.0,26974.0,0.0
463056,University of Connecticut-Hartford Campus,1407,Chemical Engineering,62568.0,66989.0,83.0,25898.0,0.0
463056,University of Connecticut-Hartford Campus,1408,Civil Engineering,62972.0,67061.0,96.0,23825.0,0.0
463056,University of Connecticut-Hartford Campus,1409,Computer Engineering,71802.0,74262.0,128.0,20108.0,0.0
463056,University of Connecticut-Hartford Campus,1410,"Electrical, Electronics, and Communications Engineering",72181.0,70917.0,78.0,27000.0,0.0
463056,University of Connecticut-Hartford Campus,1412,Engineering Physics,,,,,0.0
463056,University of Connecticut-Hartford Campus,1414,Environmental/Environmental Health Engineering,58517.0,58221.0,25.0,21738.0,0.0
463056,University of Connecticut-Hartford Campus,1418,Materials Engineering,69167.0,61303.0,40.0,27000.0,0.0
463056,University of Connecticut-Hartford Campus,1419,Mechanical Engineering,68876.0,69013.0,172.0,23000.0,1.0
463056,University of Connecticut-Hartford Campus,1435,Industrial Engineering,72315.0,82440.0,24.0,24889.0,0.0
464226,Ottawa University-Surprise,1401,"Engineering, General",,,,,5.0
475121,South University-Savannah Online,1104,Information Science/Studies,39831.0,44418.0,143.0,52173.0,21.0
475273,"Springfield College-Regional, Online, and Continuing Education",1101,"Computer and Information Sciences, General",,,,,
476975,Colorado State University Global,1101,"Computer and Information Sciences, General",60152.0,66111.0,420.0,32078.0,384.0
479956,Pennsylvania State University-World Campus,1104,Information Science/Studies,60548.0,63243.0,1036.0,26000.0,115.0
479956,Pennsylvania State University-World Campus,1110,Computer/Information Technology Administration and Management,65214.0,68950.0,271.0,26917.0,115.0
479956,Pennsylvania State University-World Campus,1409,Computer Engineering,76448.0,71234.0,121.0,26708.0,16.0
479956,Pennsylvania State University-World Campus,1419,Mechanical Engineering,65376.0,65913.0,773.0,27000.0,
480073,South University-Austin,1104,Information Science/Studies,39831.0,44418.0,143.0,52173.0,1.0
480569,Florida Institute of Technology-Online,1104,Information Science/Studies,58395.0,67660.0,43.0,54375.0,34.0
480657,Rasmussen University-Kansas,1104,Information Science/Studies,,,,22632.0,0.0
480657,Rasmussen University-Kansas,1107,Computer Science,56886.0,55964.0,121.0,38409.0,0.0
480657,Rasmussen University-Kansas,1110,Computer/Information Technology Administration and Management,52103.0,50515.0,65.0,47579.0,0.0
482149,Augusta University,1101,"Computer and Information Sciences, General",49174.0,58943.0,53.0,26841.0,57.0
482149,Augusta University,1107,Computer Science,,,,,4.0
482149,Augusta University,1110,Computer/Information Technology Administration and Management,,,,,46.0
482149,Augusta University,1409,Computer Engineering,,,,,3.0
482158,Middle Georgia State University,1101,"Computer and Information Sciences, General",43302.0,46869.0,110.0,25988.0,103.0
482413,DeVry College of New York,1105,Computer Systems Analysis,47609.0,52242.0,749.0,46000.0,22.0
482413,DeVry College of New York,1109,Computer Systems Networking and Telecommunications,50307.0,53718.0,570.0,48014.0,9.0
482422,DeVry University-Arizona,1101,"Computer and Information Sciences, General",,,,,1.0
482422,DeVry University-Arizona,1105,Computer Systems Analysis,47609.0,52242.0,749.0,46000.0,10.0
482422,DeVry University-Arizona,1108,Computer Software and Media Applications,29529.0,29887.0,200.0,48849.0,0.0
482422,DeVry University-Arizona,1109,Computer Systems Networking and Telecommunications,50307.0,53718.0,570.0,48014.0,3.0
482422,DeVry University-Arizona,1409,Computer Engineering,44748.0,38937.0,31.0,,0.0
482431,DeVry University-California,1101,"Computer and Information Sciences, General",,,,,5.0
482431,DeVry University-California,1105,Computer Systems Analysis,47609.0,52242.0,749.0,46000.0,49.0
482431,DeVry University-California,1108,Computer Software and Media Applications,29529.0,29887.0,200.0,48849.0,0.0
482431,DeVry University-California,1109,Computer Systems Networking and Telecommunications,50307.0,53718.0,570.0,48014.0,20.0
482431,DeVry University-California,1409,Computer Engineering,44748.0,38937.0,31.0,,0.0
482440,DeVry University-Colorado,1101,"Computer and Information Sciences, General",,,,,0.0
482440,DeVry University-Colorado,1105,Computer Systems Analysis,47609.0,52242.0,749.0,46000.0,1.0
482440,DeVry University-Colorado,1108,Computer Software and Media Applications,29529.0,29887.0,200.0,48849.0,0.0
482440,DeVry University-Colorado,1109,Computer Systems Networking and Telecommunications,50307.0,53718.0,570.0,48014.0,0.0
482459,DeVry University-Florida,1101,"Computer and Information Sciences, General",,,,,0.0
482459,DeVry University-Florida,1105,Computer Systems Analysis,47609.0,52242.0,749.0,46000.0,8.0
482459,DeVry University-Florida,1108,Computer Software and Media Applications,29529.0,29887.0,200.0,48849.0,1.0
482459,DeVry University-Florida,1109,Computer Systems Networking and Telecommunications,50307.0,53718.0,570.0,48014.0,3.0
482459,DeVry University-Florida,1409,Computer Engineering,44748.0,38937.0,31.0,,0.0
482468,DeVry University-Georgia,1101,"Computer and Information Sciences, General",,,,,2.0
482468,DeVry University-Georgia,1105,Computer Systems Analysis,47609.0,52242.0,749.0,46000.0,10.0
482468,DeVry University-Georgia,1108,Computer Software and Media Applications,29529.0,29887.0,200.0,48849.0,6.0
482468,DeVry University-Georgia,1109,Computer Systems Networking and Telecommunications,50307.0,53718.0,570.0,48014.0,3.0
482468,DeVry University-Georgia,1409,Computer Engineering,44748.0,38937.0,31.0,,0.0
482477,DeVry University-Illinois,1101,"Computer and Information Sciences, General",,,,,49.0
482477,DeVry University-Illinois,1105,Computer Systems Analysis,47609.0,52242.0,749.0,46000.0,153.0
482477,DeVry University-Illinois,1108,Computer Software and Media Applications,29529.0,29887.0,200.0,48849.0,47.0
482477,DeVry University-Illinois,1109,Computer Systems Networking and Telecommunications,50307.0,53718.0,570.0,48014.0,42.0
482477,DeVry University-Illinois,1409,Computer Engineering,44748.0,38937.0,31.0,,31.0
482538,DeVry University-Missouri,1105,Computer Systems Analysis,47609.0,52242.0,749.0,46000.0,2.0
482538,DeVry University-Missouri,1108,Computer Software and Media Applications,29529.0,29887.0,200.0,48849.0,0.0
482538,DeVry University-Missouri,1109,Computer Systems Networking and Telecommunications,50307.0,53718.0,570.0,48014.0,1.0
482547,DeVry University-Nevada,1105,Computer Systems Analysis,47609.0,52242.0,749.0,46000.0,1.0
482547,DeVry University-Nevada,1109,Computer Systems Networking and Telecommunications,50307.0,53718.0,570.0,48014.0,1.0
482556,DeVry University-New Jersey,1105,Computer Systems Analysis,47609.0,52242.0,749.0,46000.0,7.0
482556,DeVry University-New Jersey,1108,Computer Software and Media Applications,29529.0,29887.0,200.0,48849.0,2.0
482556,DeVry University-New Jersey,1109,Computer Systems Networking and Telecommunications,50307.0,53718.0,570.0,48014.0,4.0
482565,DeVry University-North Carolina,1105,Computer Systems Analysis,47609.0,52242.0,749.0,46000.0,0.0
482565,DeVry University-North Carolina,1109,Computer Systems Networking and Telecommunications,50307.0,53718.0,570.0,48014.0,0.0
482574,DeVry University-Ohio,1105,Computer Systems Analysis,47609.0,52242.0,749.0,46000.0,24.0
482574,DeVry University-Ohio,1108,Computer Software and Media Applications,29529.0,29887.0,200.0,48849.0,1.0
482574,DeVry University-Ohio,1109,Computer Systems Networking and Telecommunications,50307.0,53718.0,570.0,48014.0,8.0
482574,DeVry University-Ohio,1409,Computer Engineering,44748.0,38937.0,31.0,,0.0
482608,DeVry University-Pennsylvania,1105,Computer Systems Analysis,47609.0,52242.0,749.0,46000.0,2.0
482608,DeVry University-Pennsylvania,1108,Computer Software and Media Applications,29529.0,29887.0,200.0,48849.0,1.0
482608,DeVry University-Pennsylvania,1109,Computer Systems Networking and Telecommunications,50307.0,53718.0,570.0,48014.0,3.0
482608,DeVry University-Pennsylvania,1409,Computer Engineering,44748.0,38937.0,31.0,,0.0
482617,DeVry University-Tennessee,1105,Computer Systems Analysis,47609.0,52242.0,749.0,46000.0,1.0
482617,DeVry University-Tennessee,1108,Computer Software and Media Applications,29529.0,29887.0,200.0,48849.0,0.0
482617,DeVry University-Tennessee,1109,Computer Systems Networking and Telecommunications,50307.0,53718.0,570.0,48014.0,0.0
482635,DeVry University-Texas,1101,"Computer and Information Sciences, General",,,,,1.0
482635,DeVry University-Texas,1105,Computer Systems Analysis,47609.0,52242.0,749.0,46000.0,10.0
482635,DeVry University-Texas,1108,Computer Software and Media Applications,29529.0,29887.0,200.0,48849.0,2.0
482635,DeVry University-Texas,1109,Computer Systems Networking and Telecommunications,50307.0,53718.0,570.0,48014.0,5.0
482635,DeVry University-Texas,1409,Computer Engineering,44748.0,38937.0,31.0,,0.0
482653,DeVry University-Virginia,1105,Computer Systems Analysis,47609.0,52242.0,749.0,46000.0,2.0
482653,DeVry University-Virginia,1108,Computer Software and Media Applications,29529.0,29887.0,200.0,48849.0,0.0
482653,DeVry University-Virginia,1109,Computer Systems Networking and Telecommunications,50307.0,53718.0,570.0,48014.0,3.0
482653,DeVry University-Virginia,1409,Computer Engineering,44748.0,38937.0,31.0,,0.0
482680,University of North Georgia,1101,"Computer and Information Sciences, General",54433.0,52385.0,76.0,20000.0,70.0
482680,University of North Georgia,1104,Information Science/Studies,50312.0,,24.0,20815.0,26.0
482680,University of North Georgia,1110,Computer/Information Technology Administration and Management,,,,,71.0
482705,Northeastern University Professional Programs,1101,"Computer and Information Sciences, General",95288.0,89413.0,188.0,23001.0,41.0
482705,Northeastern University Professional Programs,1108,Computer Software and Media Applications,,,,,
482936,Florida Polytechnic University,1107,Computer Science,,,,,91.0
482936,Florida Polytechnic University,1108,Computer Software and Media Applications,56731.0,,35.0,7500.0,0.0
482936,Florida Polytechnic University,1409,Computer Engineering,,,,,39.0
482936,Florida Polytechnic University,1410,"Electrical, Electronics, and Communications Engineering",,,,,16.0
482936,Florida Polytechnic University,1412,Engineering Physics,,,,,0.0
482936,Florida Polytechnic University,1414,Environmental/Environmental Health Engineering,,,,,2.0
482936,Florida Polytechnic University,1419,Mechanical Engineering,52501.0,,16.0,,45.0
483036,Texas A&M University-Central Texas,1101,"Computer and Information Sciences, General",39302.0,36848.0,60.0,24095.0,51.0
483124,Arizona State University Digital Immersion,1101,"Computer and Information Sciences, General",60802.0,64593.0,158.0,15312.0,16.0
483124,Arizona State University Digital Immersion,1107,Computer Science,72698.0,77618.0,292.0,19500.0,
483124,Arizona State University Digital Immersion,1110,Computer/Information Technology Administration and Management,58893.0,,96.0,32375.0,193.0
483124,Arizona State University Digital Immersion,1409,Computer Engineering,71373.0,75804.0,219.0,26972.0,132.0
483124,Arizona State University Digital Immersion,1410,"Electrical, Electronics, and Communications Engineering",70595.0,69505.0,208.0,25500.0,161.0
483124,Arizona State University Digital Immersion,1419,Mechanical Engineering,66177.0,66342.0,213.0,20500.0,0.0
483780,Washington University of Science and Technology,1101,"Computer and Information Sciences, General",,,,,
484473,University of Florida-Online,1101,"Computer and Information Sciences, General",76677.0,79037.0,169.0,16000.0,50.0
484473,University of Florida-Online,1419,Mechanical Engineering,67197.0,67427.0,344.0,18131.0,0.0
484613,University of Phoenix-Arizona,1101,"Computer and Information Sciences, General",51875.0,67660.0,954.0,41693.0,962.0
484613,University of Phoenix-Arizona,1102,Computer Programming,51361.0,54967.0,295.0,49211.0,4.0
484613,University of Phoenix-Arizona,1105,Computer Systems Analysis,59874.0,57544.0,64.0,,0.0
484613,University of Phoenix-Arizona,1107,Computer Science,,,,,1.0
484613,University of Phoenix-Arizona,1108,Computer Software and Media Applications,53600.0,49493.0,121.0,44225.0,1.0
484613,University of Phoenix-Arizona,1109,Computer Systems Networking and Telecommunications,54894.0,49532.0,193.0,39645.0,2.0
484613,University of Phoenix-Arizona,1110,Computer/Information Technology Administration and Management,51250.0,49842.0,356.0,46262.0,7.0
484631,University of Phoenix-California,1101,"Computer and Information Sciences, General",51875.0,67660.0,954.0,41693.0,16.0
484631,University of Phoenix-California,1102,Computer Programming,51361.0,54967.0,295.0,49211.0,1.0
484631,University of Phoenix-California,1105,Computer Systems Analysis,59874.0,57544.0,64.0,,0.0
484631,University of Phoenix-California,1110,Computer/Information Technology Administration and Management,51250.0,49842.0,356.0,46262.0,0.0
484710,University of Phoenix-Nevada,1101,"Computer and Information Sciences, General",51875.0,67660.0,954.0,41693.0,0.0
484756,University of Phoenix-Texas,1101,"Computer and Information Sciences, General",51875.0,67660.0,954.0,41693.0,1.0
484756,University of Phoenix-Texas,1102,Computer Programming,51361.0,54967.0,295.0,49211.0,0.0
484756,University of Phoenix-Texas,1110,Computer/Information Technology Administration and Management,51250.0,49842.0,356.0,46262.0,0.0
484905,University of North Texas at Dallas,1101,"Computer and Information Sciences, General",,,,,30.0
485546,California Intercontinental University,1110,Computer/Information Technology Administration and Management,,,,,1.0
485768,Atlantis University,1101,"Computer and Information Sciences, General",,,,,9.0
485768,Atlantis University,1409,Computer Engineering,,,,,1.0
486840,Kennesaw State University,1101,"Computer and Information Sciences, General",54625.0,61063.0,173.0,30279.0,229.0
486840,Kennesaw State University,1102,Computer Programming,28202.0,51273.0,36.0,25214.0,42.0
486840,Kennesaw State University,1104,Information Science/Studies,50108.0,55512.0,100.0,25750.0,82.0
486840,Kennesaw State University,1107,Computer Science,62741.0,68499.0,190.0,23000.0,200.0
486840,Kennesaw State University,1110,Computer/Information Technology Administration and Management,62631.0,67846.0,66.0,27803.0,38.0
486840,Kennesaw State University,1408,Civil Engineering,62129.0,59688.0,93.0,28093.0,78.0
486840,Kennesaw State University,1409,Computer Engineering,64334.0,63005.0,52.0,27000.0,116.0
486840,Kennesaw State University,1410,"Electrical, Electronics, and Communications Engineering",69511.0,64659.0,142.0,30500.0,103.0
486840,Kennesaw State University,1414,Environmental/Environmental Health Engineering,,,,,19.0
486840,Kennesaw State University,1419,Mechanical Engineering,62690.0,63005.0,279.0,27736.0,259.0
486840,Kennesaw State University,1427,Systems Engineering,58880.0,61020.0,22.0,31000.0,45.0
486840,Kennesaw State University,1433,Construction Engineering,,,,,5.0
486840,Kennesaw State University,1442,"Mechatronics, Robotics, and Automation Engineering",,,,30768.0,53.0
486901,Milligan University,1101,"Computer and Information Sciences, General",,,,,6.0
486901,Milligan University,1107,Computer Science,,,,,4.0
486901,Milligan University,1110,Computer/Information Technology Administration and Management,,,,,0.0
486901,Milligan University,1410,"Electrical, Electronics, and Communications Engineering",,,,,3.0
486901,Milligan University,1419,Mechanical Engineering,,,,,12.0
487524,Husson University,1101,"Computer and Information Sciences, General",,,,,1.0
487524,Husson University,1102,Computer Programming,,,,,3.0
487524,Husson University,1108,Computer Software and Media Applications,,,,,2.0
488679,Indiana Wesleyan University-National & Global,1110,Computer/Information Technology Administration and Management,,,,,
488785,University of Saint Katherine,1102,Computer Programming,,,,,0.0
488785,University of Saint Katherine,1107,Computer Science,,,,,0.0
489779,Purdue University Global,1101,"Computer and Information Sciences, General",51063.0,50773.0,254.0,54293.0,168.0
489779,Purdue University Global,1104,Information Science/Studies,,,,,16.0
489779,Purdue University Global,1109,Computer Systems Networking and Telecommunications,,,,,5.0
489779,Purdue University Global,1110,Computer/Information Technology Administration and Management,,,,48125.0,139.0
489937,Carolina University,1101,"Computer and Information Sciences, General",,,,,0.0
489937,Carolina University,1107,Computer Science,,,,,
490133,Westcliff University,1101,"Computer and Information Sciences, General",,,,,1.0
490133,Westcliff University,1108,Computer Software and Media Applications,,,,,0.0
490133,Westcliff University,1110,Computer/Information Technology Administration and Management,,,,,0.0
490285,California Institute of Arts & Technology,1102,Computer Programming,,,,,
490805,Purdue University Northwest,1101,"Computer and Information Sciences, General",37738.0,,32.0,18700.0,34.0
490805,Purdue University Northwest,1105,Computer Systems Analysis,,,,,8.0
490805,Purdue University Northwest,1107,Computer Science,,,,,21.0
490805,Purdue University Northwest,1108,Computer Software and Media Applications,29193.0,,17.0,17750.0,15.0
490805,Purdue University Northwest,1110,Computer/Information Technology Administration and Management,,,,,0.0
490805,Purdue University Northwest,1408,Civil Engineering,,52107.0,,28250.0,19.0
490805,Purdue University Northwest,1409,Computer Engineering,,,,,15.0
490805,Purdue University Northwest,1410,"Electrical, Electronics, and Communications Engineering",68723.0,72796.0,50.0,26471.0,25.0
490805,Purdue University Northwest,1419,Mechanical Engineering,64537.0,62260.0,64.0,25250.0,48.0
491288,University of Wisconsin-Milwaukee Flex,1104,Information Science/Studies,45005.0,47440.0,222.0,27081.0,23.0
491631,Women's Institute of Torah Seminary and College,1107,Computer Science,,,,,
492962,Indiana Institute of Technology-College of Professional Studies,1109,Computer Systems Networking and Telecommunications,,,,,
492962,Indiana Institute of Technology-College of Professional Studies,1110,Computer/Information Technology Administration and Management,,,,,8.0
492962,Indiana Institute of Technology-College of Professional Studies,1199,"Computer and Information Sciences and Support Services, Other",,58221.0,,29700.0,13.0
492962,Indiana Institute of Technology-College of Professional Studies,1419,Mechanical Engineering,,60771.0,,,0.0
492962,Indiana Institute of Technology-College of Professional Studies,1435,Industrial Engineering,,69338.0,,32750.0,13.0
493895,SANS Technology Institute,1110,Computer/Information Technology Administration and Management,,,,,3.0
496186,California Institute of Arts & Technology-National City,1102,Computer Programming,,,,,
496706,Lakewood University,1101,"Computer and Information Sciences, General",,,,,0.0
497037,Abilene Christian University-Undergraduate Online,1101,"Computer and Information Sciences, General",,,,,7.0
498562,Commonwealth University of Pennsylvania,1101,"Computer and Information Sciences, General",,,,,15.0
498562,Commonwealth University of Pennsylvania,1107,Computer Science,65914.0,58221.0,19.0,27000.0,19.0
498562,Commonwealth University of Pennsylvania,1110,Computer/Information Technology Administration and Management,37317.0,,18.0,27622.0,35.0
498562,Commonwealth University of Pennsylvania,1410,"Electrical, Electronics, and Communications Engineering",,55512.0,,,11.0
498571,Pennsylvania Western University,1101,"Computer and Information Sciences, General",44734.0,55693.0,56.0,27660.0,90.0
498571,Pennsylvania Western University,1104,Information Science/Studies,,,,,5.0
498571,Pennsylvania Western University,1107,Computer Science,,,,,4.0
498571,Pennsylvania Western University,1442,"Mechatronics, Robotics, and Automation Engineering",57962.0,,24.0,,24.0
499635,EDP University of Puerto Rico-Caguas,1102,Computer Programming,,,,,
499635,EDP University of Puerto Rico-Caguas,1109,Computer Systems Networking and Telecommunications,25494.0,28236.0,25.0,,
NA,Mills College,1101,"Computer and Information Sciences, General",,,,,
NA,Jones College,1102,Computer Programming,,,,,
NA,Becker College,1102,Computer Programming,,,,27000.0,
NA,Becker College,1107,Computer Science,,,,,
NA,Marygrove College,1101,"Computer and Information Sciences, General",,,,,
NA,Independence University,1102,Computer Programming,,34704.0,,,
NA,Independence University,1107,Computer Science,40516.0,47079.0,161.0,48505.0,
NA,Independence University,1108,Computer Software and Media Applications,30342.0,28019.0,35.0,44108.0,
NA,Independence University,1109,Computer Systems Networking and Telecommunications,,,,50941.0,
NA,Marlboro College,1101,"Computer and Information Sciences, General",,,,,
NA,Holy Family College,1104,Information Science/Studies,,,,,
NA,Midstate College,1104,Information Science/Studies,,,,,
NA,American University In Cairo (The),1408,Civil Engineering,,,,,
NA,McGill University,1101,"Computer and Information Sciences, General",,,,,
NA,McGill University,1104,Information Science/Studies,,,,,
NA,McGill University,1107,Computer Science,,,,,
NA,McGill University,1403,Agricultural Engineering,,,,,
NA,McGill University,1407,Chemical Engineering,,,,,
NA,McGill University,1408,Civil Engineering,,,,,
NA,McGill University,1409,Computer Engineering,,,,,
NA,McGill University,1410,"Electrical, Electronics, and Communications Engineering",,,,,
NA,McGill University,1419,Mechanical Engineering,,,,,
NA,McGill University,1421,Mining and Mineral Engineering,,,,,
NA,Queen's University at Kingston,1101,"Computer and Information Sciences, General",,,,,
NA,Queen's University at Kingston,1107,Computer Science,,,,,
NA,University of Manitoba,1401,"Engineering, General",,,,,
NA,University of Ottawa,1407,Chemical Engineering,,,,,
NA,University of Toronto,1107,Computer Science,,,,,
NA,University of London - University College London,1401,"Engineering, General",,,,,
NA,University of London - University College London,1408,Civil Engineering,,,,,
NA,Queen Mary University of London,1101,"Computer and Information Sciences, General",,,,,
NA,University of York,1107,Computer Science,,,,,
NA,Dalhousie University,1405,Biomedical/Medical Engineering,,,,,
NA,University of Edinburgh,1107,Computer Science,,,,,
NA,University of Edinburgh,1401,"Engineering, General",,,,,
NA,University of Dublin Trinity College,1101,"Computer and Information Sciences, General",,,,,
NA,University of Dublin Trinity College,1107,Computer Science,,,,,
NA,University of Dublin Trinity College,1401,"Engineering, General",,,,,
NA,Coleman University,1102,Computer Programming,,,,,
NA,Coleman University,1108,Computer Software and Media Applications,,,,,
NA,Coleman University,1109,Computer Systems Networking and Telecommunications,,,,,
NA,Coleman University,1110,Computer/Information Technology Administration and Management,56263.0,,44.0,,
NA,Fountainhead College of Technology,1102,Computer Programming,,,,,
NA,Fountainhead College of Technology,1110,Computer/Information Technology Administration and Management,40978.0,,28.0,,
NA,Art Institute of Pittsburgh (The),1108,Computer Software and Media Applications,,38289.0,,,
NA,Newbury College,1101,"Computer and Information Sciences, General",,,,,
NA,New England Institute of Art (The),1108,Computer Software and Media Applications,,42728.0,,,
NA,York University,1409,Computer Engineering,,,,,
NA,Art Institute of Portland (The),1108,Computer Software and Media Applications,27460.0,,41.0,,
NA,University of Calgary,1401,"Engineering, General",,,,,
NA,University of Calgary,1405,Biomedical/Medical Engineering,,,,,
NA,Art Institute of Philadelphia (The) -,1108,Computer Software and Media Applications,,33993.0,,,
NA,Concordia University,1108,Computer Software and Media Applications,,,,,
NA,Universite de Montreal,1410,"Electrical, Electronics, and Communications Engineering",,,,,
NA,Carleton University,1101,"Computer and Information Sciences, General",,,,,
NA,University of British Columbia,1107,Computer Science,,,,,
NA,University of British Columbia,1407,Chemical Engineering,,,,,
NA,University of British Columbia,1408,Civil Engineering,,,,,
NA,University of British Columbia,1409,Computer Engineering,,,,,
NA,University of British Columbia,1410,"Electrical, Electronics, and Communications Engineering",,,,,
NA,University of British Columbia,1419,Mechanical Engineering,,,,,
NA,American University of Beirut,1419,Mechanical Engineering,,,,,
NA,University of Glasgow,1107,Computer Science,,,,,
NA,Anthem Institute,1102,Computer Programming,,,,28708.0,
NA,Anthem Institute,1107,Computer Science,,,,,
NA,Anthem Institute,1108,Computer Software and Media Applications,,,,29500.0,
NA,Anthem Institute,1110,Computer/Information Technology Administration and Management,,,,31000.0,
NA,Simon Fraser University,1108,Computer Software and Media Applications,,,,,
NA,Simon Fraser University,1413,Engineering Science,,,,,
NA,Acadia University,1107,Computer Science,,,,,
NA,University of Newcastle upon Tyne,1422,Naval Architecture and Marine Engineering,,,,,
NA,University of Newcastle upon Tyne,1438,Surveying Engineering,,,,,
NA,University of Saint Andrews,1107,Computer Science,,,,,
NA,University of Saint Andrews,1407,Chemical Engineering,,,,,
NA,University of Salford (The),1102,Computer Programming,,,,,
NA,King's College London,1107,Computer Science,,,,,
NA,University of London - Royal Holloway,1101,"Computer and Information Sciences, General",,,,,
NA,Memorial University of Newfoundland,1424,Ocean Engineering,,,,,
NA,Cardiff University,1404,Architectural Engineering,,,,,
NA,Cardiff University,1419,Mechanical Engineering,,,,,
NA,Art Institute of Fort Lauderdale (The),1108,Computer Software and Media Applications,,,,,
NA,Art Institutes International Minnesota (The),1108,Computer Software and Media Applications,27665.0,34526.0,52.0,,
NA,Art Institutes International Minnesota (The),1110,Computer/Information Technology Administration and Management,,,,,
NA,Instituto Tecnologico y de Estudios Superiores de Monterrey,1419,Mechanical Engineering,,,,,
NA,Instituto Tecnologico y de Estudios Superiores de Monterrey,1435,Industrial Engineering,,,,,
NA,Instituto Tecnologico y de Estudios Superiores de Monterrey,1442,"Mechatronics, Robotics, and Automation Engineering",,,,,
NA,University of East Anglia,1107,Computer Science,,,,,
NA,Aarhus University,1441,Electromechanical Engineering,,,,,
NA,University of Manchester (The),1407,Chemical Engineering,,,,,
NA,University of Manchester (The),1418,Materials Engineering,,,,,
NA,University of Auckland (The),1107,Computer Science,,,,,
NA,Illinois Institute of Art (The),1108,Computer Software and Media Applications,,35416.0,,,
NA,University of Galway,1419,Mechanical Engineering,,,,,
NA,Pontificia Universidad Catolica Madre y Maestra,1408,Civil Engineering,,,,,
NA,Pontificia Universidad Catolica Madre y Maestra,1409,Computer Engineering,,,,,
NA,Pontificia Universidad Catolica Madre y Maestra,1435,Industrial Engineering,,,,,
NA,Pontificia Universidad Catolica Madre y Maestra,1441,Electromechanical Engineering,,,,,
NA,Massey University,1107,Computer Science,,,,,
NA,Art Institute of Colorado (The),1108,Computer Software and Media Applications,38478.0,,18.0,,
NA,Oxford Brookes University,1419,Mechanical Engineering,,,,,
NA,Oxford Brookes University,1499,"Engineering, Other",,,,,
NA,California College San Diego,1107,Computer Science,43161.0,39009.0,51.0,35805.0,
NA,Harrison College,1101,"Computer and Information Sciences, General",,,,,
NA,Western International University,1101,"Computer and Information Sciences, General",,78343.0,,,
NA,Argosy University,1101,"Computer and Information Sciences, General",48367.0,,22.0,,
NA,Argosy University,1108,Computer Software and Media Applications,35588.0,35574.0,276.0,42889.0,
NA,"University of the West of England, Bristol",1419,Mechanical Engineering,,,,,
NA,University of Saskatchewan,1107,Computer Science,,,,,
NA,University of Leicester,1101,"Computer and Information Sciences, General",,,,,
NA,University of Leicester,1107,Computer Science,,,,,
NA,Queen's University of Belfast (The),1110,Computer/Information Technology Administration and Management,,,,,
NA,Art Institute of Seattle (The),1108,Computer Software and Media Applications,,,,,
NA,Pioneer Pacific College,1101,"Computer and Information Sciences, General",,,,,
NA,Art Institute of York (The) - Pennsylvania,1108,Computer Software and Media Applications,,,,,
NA,Solent University,1108,Computer Software and Media Applications,,,,,
NA,Solent University,1401,"Engineering, General",,,,,
NA,Solent University,1422,Naval Architecture and Marine Engineering,,,,,
NA,CollegeAmerica Denver,1107,Computer Science,,,,,
NA,CollegeAmerica Denver,1108,Computer Software and Media Applications,,,,,
NA,Vatterott College,1110,Computer/Information Technology Administration and Management,,,,,
NA,Virginia College,1110,Computer/Information Technology Administration and Management,,31314.0,,,
NA,University of Keele,1101,"Computer and Information Sciences, General",,,,,
NA,Sanford-Brown College,1101,"Computer and Information Sciences, General",37911.0,38289.0,36.0,,
NA,Sanford-Brown College,1108,Computer Software and Media Applications,,,,,
NA,University of East London,1408,Civil Engineering,,,,,
NA,University of Limerick,1402,"Aerospace, Aeronautical, and Astronautical/Space Engineering",,,,,
NA,University of Wollongong,1107,Computer Science,,,,,
NA,La Trobe University,1107,Computer Science,,,,,
NA,CollegeAmerica - Flagstaff,1107,Computer Science,,,,,
NA,Mt. Sierra College,1109,Computer Systems Networking and Telecommunications,,,,,
NA,Mt. Sierra College,1110,Computer/Information Technology Administration and Management,,,,,
NA,Mt. Sierra College,1199,"Computer and Information Sciences and Support Services, Other",,38289.0,,,
NA,Universidad Cat lica Nordestana,1408,Civil Engineering,,,,,
NA,American University in Bulgaria,1107,Computer Science,,,,,
NA,University of Brighton,1402,"Aerospace, Aeronautical, and Astronautical/Space Engineering",,,,,
NA,University of Brighton,1409,Computer Engineering,,,,,
NA,University of Derby,1410,"Electrical, Electronics, and Communications Engineering",,,,,
NA,University of West London (The),1408,Civil Engineering,,,,,
NA,University of West London (The),1499,"Engineering, Other",,,,,
NA,Art Institute of Las Vegas (The),1108,Computer Software and Media Applications,28907.0,32332.0,75.0,36916.0,
NA,Trident University International,1101,"Computer and Information Sciences, General",55248.0,52107.0,48.0,7241.0,
NA,Trident University International,1107,Computer Science,53941.0,50856.0,42.0,19708.0,
NA,University of Chester,1199,"Computer and Information Sciences and Support Services, Other",,,,,
NA,CETYS Universidad,1435,Industrial Engineering,,,,,
